budget,log_budget,runtime,genero_principal,estudio,diretor,ator_principal,mes_estreia,e_sequencia,e_alta_temporada,densidade_investimento,target_sucesso
237000000.0,19.283570703318816,162.0,Action,Ingenious Film Partners,James Cameron,Sam Worthington,12,0,1,1462962.962962963,1
300000000.0,19.519293035953808,169.0,Adventure,Walt Disney Pictures,Gore Verbinski,Johnny Depp,5,0,0,1775147.9289940828,1
245000000.0,19.316768772590635,148.0,Action,Columbia Pictures,Sam Mendes,Daniel Craig,10,1,0,1655405.4054054054,1
250000000.0,19.33697147982652,165.0,Action,Legendary Pictures,Christopher Nolan,Christian Bale,7,0,1,1515151.5151515151,1
260000000.0,19.376192192825954,132.0,Action,Walt Disney Pictures,Andrew Stanton,Taylor Kitsch,3,0,0,1969696.9696969697,0
258000000.0,19.36847014676186,139.0,Fantasy,Columbia Pictures,Sam Raimi,Tobey Maguire,5,1,0,1856115.107913669,1
260000000.0,19.376192192825954,100.0,Animation,Walt Disney Pictures,Byron Howard,Zachary Levi,11,0,0,2600000.0,1
280000000.0,19.450300164704952,141.0,Action,Marvel Studios,Joss Whedon,Robert Downey Jr.,4,1,0,1985815.6028368794,1
250000000.0,19.33697147982652,153.0,Adventure,Warner Bros.,David Yates,Daniel Radcliffe,7,0,1,1633986.9281045753,1
250000000.0,19.33697147982652,151.0,Action,DC Comics,Zack Snyder,Ben Affleck,3,0,0,1655629.1390728478,1
270000000.0,19.413932520666354,154.0,Adventure,DC Comics,Bryan Singer,Brandon Routh,6,1,1,1753246.7532467532,0
200000000.0,19.11382792951231,106.0,Adventure,Eon Productions,Marc Forster,Daniel Craig,10,0,0,1886792.4528301887,1
200000000.0,19.11382792951231,151.0,Adventure,Walt Disney Pictures,Gore Verbinski,Johnny Depp,6,0,1,1324503.311258278,1
255000000.0,19.35677410704427,149.0,Action,Walt Disney Pictures,Gore Verbinski,Johnny Depp,7,0,1,1711409.3959731543,0
225000000.0,19.23161096461314,143.0,Action,Legendary Pictures,Zack Snyder,Henry Cavill,6,0,1,1573426.5734265735,1
225000000.0,19.23161096461314,150.0,Adventure,Walt Disney,Andrew Adamson,Ben Barnes,5,0,0,1500000.0,0
220000000.0,19.20913810886209,143.0,Science Fiction,Paramount Pictures,Joss Whedon,Robert Downey Jr.,4,0,0,1538461.5384615385,1
380000000.0,19.755681813316283,136.0,Adventure,Walt Disney Pictures,Rob Marshall,Johnny Depp,5,0,0,2794117.6470588236,1
225000000.0,19.23161096461314,106.0,Action,Amblin Entertainment,Barry Sonnenfeld,Will Smith,5,1,0,2122641.5094339624,1
250000000.0,19.33697147982652,144.0,Action,WingNut Films,Peter Jackson,Martin Freeman,12,0,1,1736111.111111111,1
215000000.0,19.186148590743098,136.0,Action,Columbia Pictures,Marc Webb,Andrew Garfield,6,0,1,1580882.3529411764,1
200000000.0,19.11382792951231,140.0,Action,Imagine Entertainment,Ridley Scott,Russell Crowe,5,0,0,1428571.4285714286,0
250000000.0,19.33697147982652,161.0,Adventure,WingNut Films,Peter Jackson,Martin Freeman,12,0,1,1552795.0310559007,1
180000000.0,19.00846741441004,113.0,Adventure,New Line Cinema,Chris Weitz,Dakota Blue Richards,12,0,1,1592920.353982301,1
207000000.0,19.14822935606056,187.0,Adventure,WingNut Films,Peter Jackson,Naomi Watts,12,0,1,1106951.871657754,1
200000000.0,19.11382792951231,194.0,Drama,Paramount Pictures,James Cameron,Kate Winslet,11,0,0,1030927.8350515463,1
250000000.0,19.33697147982652,147.0,Adventure,Studio Babelsberg,Anthony Russo,Chris Evans,4,1,0,1700680.2721088436,1
209000000.0,19.157844814713773,131.0,Thriller,Universal Pictures,Peter Berg,Taylor Kitsch,4,0,0,1595419.8473282442,0
150000000.0,18.826145858727198,124.0,Action,Universal Studios,Colin Trevorrow,Chris Pratt,6,1,1,1209677.4193548388,1
200000000.0,19.11382792951231,143.0,Action,Columbia Pictures,Sam Mendes,Daniel Craig,10,0,0,1398601.3986013986,1
200000000.0,19.11382792951231,127.0,Action,Columbia Pictures,Sam Raimi,Tobey Maguire,6,1,1,1574803.1496062991,1
200000000.0,19.11382792951231,130.0,Action,Marvel Studios,Shane Black,Robert Downey Jr.,4,1,0,1538461.5384615385,1
200000000.0,19.11382792951231,108.0,Family,Walt Disney Pictures,Tim Burton,Mia Wasikowska,3,0,0,1851851.851851852,1
210000000.0,19.162618093443648,104.0,Adventure,Ingenious Film Partners,Brett Ratner,Hugh Jackman,5,0,0,2019230.7692307692,1
200000000.0,19.11382792951231,104.0,Animation,Walt Disney Pictures,Dan Scanlon,Billy Crystal,6,0,1,1923076.923076923,1
150000000.0,18.826145858727198,150.0,Science Fiction,Paramount Pictures,Michael Bay,Shia LaBeouf,6,0,1,1000000.0,1
210000000.0,19.162618093443648,165.0,Science Fiction,Paramount Pictures,Michael Bay,Mark Wahlberg,6,1,1,1272727.2727272727,1
200000000.0,19.11382792951231,130.0,Fantasy,Walt Disney Pictures,Sam Raimi,James Franco,3,0,0,1538461.5384615385,1
200000000.0,19.11382792951231,142.0,Action,Columbia Pictures,Marc Webb,Andrew Garfield,4,1,0,1408450.704225352,1
170000000.0,18.951309000896888,125.0,Adventure,Walt Disney Pictures,Joseph Kosinski,Garrett Hedlund,12,0,1,1360000.0,1
200000000.0,19.11382792951231,106.0,Animation,Walt Disney Pictures,John Lasseter,Owen Wilson,6,1,1,1886792.4528301887,1
200000000.0,19.11382792951231,114.0,Adventure,De Line Pictures,Martin Campbell,Ryan Reynolds,6,0,1,1754385.9649122807,0
200000000.0,19.11382792951231,103.0,Animation,Walt Disney Pictures,Lee Unkrich,Tom Hanks,6,1,1,1941747.572815534,1
200000000.0,19.11382792951231,115.0,Action,Columbia Pictures,McG,Christian Bale,5,0,0,1739130.4347826086,0
190000000.0,19.06253463538792,137.0,Action,Universal Pictures,James Wan,Vin Diesel,4,1,0,1386861.3138686132,1
200000000.0,19.11382792951231,116.0,Action,Paramount Pictures,Marc Forster,Brad Pitt,6,0,1,1724137.9310344828,1
250000000.0,19.33697147982652,131.0,Action,Twentieth Century Fox Film Corporation,Bryan Singer,Hugh Jackman,5,0,0,1908396.9465648856,1
190000000.0,19.06253463538792,132.0,Action,Paramount Pictures,J.J. Abrams,Chris Pine,5,1,0,1439393.9393939395,1
195000000.0,19.088510121656228,114.0,Action,New Line Cinema,Bryan Singer,Nicholas Hoult,2,0,0,1710526.3157894737,0
105000000.0,18.46947091764561,143.0,Drama,Village Roadshow Pictures,Baz Luhrmann,Leonardo DiCaprio,5,0,0,734265.7342657342,1
150000000.0,18.826145858727198,116.0,Adventure,Walt Disney Pictures,Mike Newell,Jake Gyllenhaal,5,0,0,1293103.448275862,1
180000000.0,19.00846741441004,131.0,Action,Legendary Pictures,Guillermo del Toro,Idris Elba,7,0,1,1374045.8015267176,1
195000000.0,19.088510121656228,154.0,Action,Paramount Pictures,Michael Bay,Shia LaBeouf,6,0,1,1266233.7662337662,1
185000000.0,19.035866388448003,122.0,Adventure,Lucasfilm,Steven Spielberg,Harrison Ford,5,0,0,1516393.4426229508,1
175000000.0,18.980296537602072,93.0,Adventure,Walt Disney Pictures,Peter Sohn,Raymond Ochoa,11,0,0,1881720.430107527,0
185000000.0,19.035866388448003,93.0,Animation,Walt Disney Pictures,Brenda Chapman,Kelly Macdonald,6,0,1,1989247.311827957,1
185000000.0,19.035866388448003,122.0,Action,Paramount Pictures,Justin Lin,Chris Pine,7,1,1,1516393.4426229508,0
180000000.0,19.00846741441004,98.0,Animation,Walt Disney Pictures,Andrew Stanton,Ben Burtt,6,0,1,1836734.693877551,1
140000000.0,18.757152987716434,91.0,Action,New Line Cinema,Brett Ratner,Chris Tucker,8,1,0,1538461.5384615385,0
200000000.0,19.11382792951231,158.0,Action,Columbia Pictures,Roland Emmerich,John Cusack,10,0,0,1265822.7848101265,1
200000000.0,19.11382792951231,96.0,Animation,Walt Disney,Robert Zemeckis,Gary Oldman,11,0,0,2083333.3333333333,0
176000003.0,18.9859945757297,124.0,Science Fiction,Village Roadshow Pictures,Lilly Wachowski,Mila Kunis,2,0,0,1419354.8629032257,0
180000000.0,19.00846741441004,109.0,Action,Village Roadshow Pictures,David Yates,Alexander Skarsgård,6,0,1,1651376.1467889908,0
180000000.0,19.00846741441004,143.0,Adventure,Walt Disney,Andrew Adamson,William Moseley,12,0,1,1258741.2587412586,1
178000000.0,18.997294113874336,144.0,Science Fiction,Twentieth Century Fox Film Corporation,Bryan Singer,James McAvoy,5,0,0,1236111.111111111,1
185000000.0,19.035866388448003,152.0,Drama,DC Comics,Christopher Nolan,Christian Bale,7,0,1,1217105.2631578948,1
175000000.0,18.980296537602072,96.0,Animation,Pixar Animation Studios,Pete Docter,Ed Asner,5,0,0,1822916.6666666667,1
175000000.0,18.980296537602072,94.0,Animation,DreamWorks Animation,Conrad Vernon,Seth Rogen,3,0,0,1861702.1276595744,1
140000000.0,18.757152987716434,126.0,Action,Marvel Studios,Jon Favreau,Robert Downey Jr.,4,0,0,1111111.111111111,1
170000000.0,18.951309000896888,126.0,Adventure,Paramount Pictures,Martin Scorsese,Ben Kingsley,11,0,0,1349206.349206349,0
170000000.0,18.951309000896888,106.0,Action,"Todman, Simon, LeMasters Productions",Barry Sonnenfeld,Will Smith,6,0,1,1603773.5849056605,0
145000000.0,18.7922443072814,112.0,Adventure,Universal Pictures,Rob Cohen,Brendan Fraser,7,0,1,1294642.857142857,1
175000000.0,18.980296537602072,123.0,Action,DC Comics,David Ayer,Will Smith,8,0,0,1422764.2276422763,1
175000000.0,18.980296537602072,96.0,Fantasy,Columbia Pictures,Tom Shadyac,Steve Carell,6,0,1,1822916.6666666667,0
178000000.0,18.997294113874336,113.0,Action,Village Roadshow Pictures,Doug Liman,Tom Cruise,5,0,0,1575221.2389380531,1
175000000.0,18.980296537602072,135.0,Adventure,Universal Pictures,Kevin Reynolds,Kevin Costner,7,0,1,1296296.2962962964,0
175000000.0,18.980296537602072,118.0,Adventure,Paramount Pictures,Stephen Sommers,Dennis Quaid,8,0,0,1483050.847457627,0
175000000.0,18.980296537602072,94.0,Drama,Walt Disney Pictures,Pete Docter,Amy Poehler,6,0,1,1861702.1276595744,1
175000000.0,18.980296537602072,106.0,Family,Walt Disney Pictures,Jon Favreau,Neel Sethi,4,0,0,1650943.3962264152,1
200000000.0,19.11382792951231,124.0,Adventure,Marvel Studios,Jon Favreau,Robert Downey Jr.,4,1,0,1612903.2258064516,1
170000000.0,18.951309000896888,127.0,Adventure,Universal Pictures,Rupert Sanders,Kristen Stewart,5,0,0,1338582.6771653544,1
180000000.0,19.00846741441004,97.0,Fantasy,Walt Disney Pictures,Robert Stromberg,Angelina Jolie,5,0,0,1855670.1030927836,1
170000000.0,18.951309000896888,130.0,Science Fiction,Ingenious Media,Matt Reeves,Andy Serkis,6,1,1,1307692.3076923077,1
175000000.0,18.980296537602072,119.0,Drama,Mid Atlantic Films,Carl Rinsch,Keanu Reeves,12,0,1,1470588.2352941176,0
170000000.0,18.951309000896888,136.0,Action,Marvel Studios,Anthony Russo,Chris Evans,3,0,0,1250000.0,1
165000000.0,18.92145603792546,93.0,Comedy,DreamWorks Animation,Mike Mitchell,Mike Myers,5,0,0,1774193.5483870967,1
190000000.0,19.06253463538792,130.0,Adventure,Walt Disney Pictures,Brad Bird,Britt Robertson,5,0,0,1461538.4615384615,0
165000000.0,18.92145603792546,102.0,Adventure,Walt Disney Pictures,Chris Williams,Scott Adsit,10,1,0,1617647.0588235294,1
165000000.0,18.92145603792546,108.0,Family,Walt Disney Animation Studios,Rich Moore,John C. Reilly,11,0,0,1527777.7777777778,1
165000000.0,18.92145603792546,100.0,Adventure,Golden Mean,Robert Zemeckis,Tom Hanks,11,0,0,1650000.0,0
165000000.0,18.92145603792546,120.0,Action,Twentieth Century Fox Film Corporation,Roland Emmerich,Liam Hemsworth,6,0,1,1375000.0,1
165000000.0,18.92145603792546,98.0,Fantasy,DreamWorks Animation,Chris Sanders,Jay Baruchel,3,0,0,1683673.469387755,1
200000000.0,19.11382792951231,109.0,Action,Columbia Pictures,Jonathan Mostow,Arnold Schwarzenegger,7,1,1,1834862.385321101,1
170000000.0,18.951309000896888,121.0,Action,Marvel Studios,James Gunn,Chris Pratt,7,0,1,1404958.6776859504,1
165000000.0,18.92145603792546,169.0,Adventure,Paramount Pictures,Christopher Nolan,Matthew McConaughey,11,0,0,976331.3609467456,1
160000000.0,18.8906843794481,148.0,Action,Legendary Pictures,Christopher Nolan,Leonardo DiCaprio,7,0,1,1081081.0810810812,1
15000000.0,16.52356082573315,120.0,Action,Cine Bazar,Hideaki Anno,Hiroki Hasegawa,7,0,1,125000.0,1
250000000.0,19.33697147982652,169.0,Adventure,WingNut Films,Peter Jackson,Ian McKellen,11,0,0,1479289.9408284023,1
38000000.0,17.453096744006448,106.0,Action,Universal Pictures,Rob Cohen,Paul Walker,6,0,1,358490.56603773584,1
150000000.0,18.826145858727198,166.0,Fantasy,Paramount Pictures,David Fincher,Cate Blanchett,11,0,0,903614.4578313254,1
160000000.0,18.8906843794481,132.0,Action,Ingenious Film Partners,Matthew Vaughn,James McAvoy,5,0,0,1212121.2121212122,1
160000000.0,18.8906843794481,137.0,Action,Studio Babelsberg,Francis Lawrence,Jennifer Lawrence,11,1,0,1167883.211678832,1
150000000.0,18.826145858727198,109.0,Fantasy,Walt Disney Pictures,Jon Turteltaub,Nicolas Cage,7,0,1,1376146.7889908256,0
160000000.0,18.8906843794481,99.0,Adventure,Virtual Studios,Wolfgang Petersen,Kurt Russell,5,0,0,1616161.616161616,0
170000000.0,18.951309000896888,113.0,Fantasy,Walt Disney Pictures,James Bobin,Johnny Depp,5,1,0,1504424.7787610618,0
160000000.0,18.8906843794481,93.0,Fantasy,DreamWorks SKG,Chris Miller,Mike Myers,5,0,0,1720430.1075268816,1
160000000.0,18.8906843794481,123.0,Action,Universal Pictures,Duncan Jones,Paula Patton,5,0,0,1300813.0081300812,1
155000000.0,18.858935681335133,126.0,Science Fiction,Paramount Pictures,Alan Taylor,Arnold Schwarzenegger,6,1,1,1230158.7301587302,1
155000000.0,18.858935681335133,113.0,Adventure,Dune Entertainment,Michael Apted,Skandar Keynes,8,0,0,1371681.4159292036,1
140000000.0,18.757152987716434,183.0,History,Jerry Bruckheimer Films,Michael Bay,Ben Affleck,5,0,0,765027.3224043716,1
150000000.0,18.826145858727198,144.0,Adventure,Paramount Pictures,Michael Bay,Shia LaBeouf,6,0,1,1041666.6666666666,1
155000000.0,18.858935681335133,175.0,War,France 3 Cinéma,Oliver Stone,Colin Farrell,11,0,0,885714.2857142857,0
150000000.0,18.826145858727198,138.0,Adventure,Warner Bros.,David Yates,Daniel Radcliffe,6,0,1,1086956.5217391304,1
150000000.0,18.826145858727198,157.0,Adventure,Patalex IV Productions Limited,Mike Newell,Daniel Radcliffe,11,0,0,955414.0127388535,1
150000000.0,18.826145858727198,92.0,Fantasy,Columbia Pictures,Peter Berg,Will Smith,7,0,1,1630434.7826086956,1
150000000.0,18.826145858727198,101.0,Drama,Village Roadshow Pictures,Francis Lawrence,Will Smith,12,0,1,1485148.5148514851,1
150000000.0,18.826145858727198,115.0,Adventure,Village Roadshow Pictures,Tim Burton,Johnny Depp,7,0,1,1304347.8260869565,1
150000000.0,18.826145858727198,111.0,Animation,Walt Disney Pictures,Jan Pinkava,Patton Oswalt,6,0,1,1351351.3513513512,1
150000000.0,18.826145858727198,140.0,Action,DC Comics,Christopher Nolan,Christian Bale,6,0,1,1071428.5714285714,1
150000000.0,18.826145858727198,89.0,Family,DreamWorks Animation,Eric Darnell,Ben Stiller,10,1,0,1685393.2584269664,1
150000000.0,18.826145858727198,105.0,Adventure,Twentieth Century Fox Film Corporation,Shawn Levy,Ben Stiller,5,0,0,1428571.4285714286,1
150000000.0,18.826145858727198,107.0,Adventure,Ingenious Film Partners,Gavin Hood,Hugh Jackman,4,0,0,1401869.1588785048,1
150000000.0,18.826145858727198,129.0,Adventure,Village Roadshow Pictures,Lilly Wachowski,Keanu Reeves,11,0,0,1162790.6976744186,1
150000000.0,18.826145858727198,102.0,Animation,Walt Disney Pictures,Chris Buck,Kristen Bell,11,0,0,1470588.2352941176,1
150000000.0,18.826145858727198,138.0,Adventure,Village Roadshow Pictures,Lilly Wachowski,Keanu Reeves,5,0,0,1086956.5217391304,1
170000000.0,18.951309000896888,112.0,Action,Marvel Studios,Alan Taylor,Chris Hemsworth,10,0,0,1517857.142857143,1
150000000.0,18.826145858727198,120.0,Action,Village Roadshow Pictures,George Miller,Tom Hardy,5,0,0,1250000.0,1
150000000.0,18.826145858727198,138.0,Thriller,Columbia Pictures,Ron Howard,Tom Hanks,5,0,0,1086956.5217391304,1
150000000.0,18.826145858727198,115.0,Adventure,Marvel Studios,Kenneth Branagh,Chris Hemsworth,4,0,0,1304347.8260869565,1
150000000.0,18.826145858727198,98.0,Animation,Walt Disney Animation Studios,Chris Williams,John Travolta,11,0,0,1530612.2448979593,1
150000000.0,18.826145858727198,88.0,Fantasy,Walt Disney Pictures,Hoyt Yeatman,Sam Rockwell,7,0,1,1704545.4545454546,0
150000000.0,18.826145858727198,99.0,Adventure,Legendary Pictures,Jonathan Liebesman,Sam Worthington,3,0,0,1515151.5151515151,1
150000000.0,18.826145858727198,113.0,Comedy,Village Roadshow Pictures,Tim Burton,Johnny Depp,5,0,0,1327433.628318584,0
150000000.0,18.826145858727198,131.0,Action,Paramount Pictures,Christopher McQuarrie,Tom Cruise,7,1,1,1145038.1679389314,1
150000000.0,18.826145858727198,91.0,Family,Pacific Data Images (PDI),Steve Hickner,Jerry Seinfeld,10,0,0,1648351.6483516484,0
150000000.0,18.826145858727198,91.0,Animation,DreamWorks Animation,Jennifer Yuh Nelson,Jack Black,5,1,0,1648351.6483516484,1
150000000.0,18.826145858727198,103.0,Action,Paramount Pictures,M. Night Shyamalan,Noah Ringer,6,0,1,1456310.6796116505,1
150000000.0,18.826145858727198,126.0,Adventure,Paramount Pictures,J.J. Abrams,Tom Cruise,5,0,0,1190476.1904761905,1
150000000.0,18.826145858727198,131.0,Action,Columbia Pictures,Roland Emmerich,Channing Tatum,6,0,1,1145038.1679389314,0
150000000.0,18.826145858727198,88.0,Adventure,Walt Disney Animation Studios,Simon Wells,Seth Green,3,0,0,1704545.4545454546,0
149000000.0,18.819456870621142,85.0,Adventure,Aardman Animations,David Bowers,Hugh Jackman,10,0,0,1752941.1764705882,0
150000000.0,18.826145858727198,111.0,Adventure,Warner Bros.,Joe Wright,Levi Miller,9,0,0,1351351.3513513512,0
145000000.0,18.7922443072814,92.0,Animation,Pacific Data Images (PDI),Rob Minkoff,Ty Burrell,2,0,0,1576086.956521739,0
175000000.0,18.980296537602072,163.0,Adventure,Plan B Entertainment,Wolfgang Petersen,Brad Pitt,5,0,0,1073619.6319018404,1
145000000.0,18.7922443072814,93.0,Animation,DreamWorks Animation,Conrad Vernon,Ben Stiller,6,1,1,1559139.7849462365,1
140000000.0,18.757152987716434,133.0,Adventure,Eon Productions,Lee Tamahori,Pierce Brosnan,11,0,0,1052631.5789473683,1
144000000.0,18.78532386448472,116.0,Action,Columbia Pictures,Paul Feig,Melissa McCarthy,7,0,1,1241379.3103448276,0
140000000.0,18.757152987716434,151.0,Action,Jerry Bruckheimer Films,Michael Bay,Bruce Willis,7,0,1,927152.3178807948,1
140000000.0,18.757152987716434,88.0,Action,Columbia Pictures,Barry Sonnenfeld,Tommy Lee Jones,7,0,1,1590909.0909090908,1
70000000.0,18.064005814299346,115.0,Adventure,Paramount Pictures,Robert Zemeckis,Ray Winstone,11,0,0,608695.6521739131,1
145000000.0,18.7922443072814,95.0,Action,Twentieth Century Fox Film Corporation,Jennifer Yuh Nelson,Jack Black,1,1,0,1526315.7894736843,1
145000000.0,18.7922443072814,133.0,Action,Paramount Pictures,Brad Bird,Tom Cruise,12,1,1,1090225.5639097744,1
145000000.0,18.7922443072814,97.0,Fantasy,DreamWorks Animation,Peter Ramsey,Chris Pine,11,0,0,1494845.3608247424,1
100000000.0,18.420680753952364,90.0,Comedy,Imagine Entertainment,Dean Parisot,Jim Carrey,12,0,1,1111111.111111111,1
140000000.0,18.757152987716434,154.0,Drama,Cruise/Wagner Productions,Edward Zwick,Tom Cruise,12,0,1,909090.9090909091,1
140000000.0,18.757152987716434,150.0,Adventure,Scott Free Productions,Ridley Scott,Christian Bale,12,0,1,933333.3333333334,0
150000000.0,18.826145858727198,127.0,Science Fiction,Paramount Pictures,J.J. Abrams,Chris Pine,5,0,0,1181102.3622047245,1
139000000.0,18.749984498289212,121.0,Fantasy,Columbia Pictures,Sam Raimi,Tobey Maguire,5,0,0,1148760.3305785125,1
145000000.0,18.7922443072814,102.0,Fantasy,DreamWorks Animation,Dean DeBlois,Jay Baruchel,6,1,1,1421568.6274509805,1
140000000.0,18.757152987716434,127.0,Fantasy,Summit Entertainment,Alex Proyas,Brenton Thwaites,2,0,0,1102362.2047244094,0
135000000.0,18.72078534381011,121.0,Action,Laura Ziskin Productions,Rob Cohen,Josh Lucas,7,0,1,1115702.479338843,0
130000000.0,18.683045016112164,163.0,Action,Paramount Pictures,Zack Snyder,Malin Åkerman,3,0,0,797546.0122699386,0
140000000.0,18.757152987716434,127.0,Action,Silver Pictures,Richard Donner,Mel Gibson,7,1,1,1102362.2047244094,1
137000000.0,18.73549149109167,138.0,Drama,Universal Pictures,Ang Lee,Eric Bana,6,0,1,992753.6231884058,0
130000000.0,18.683045016112164,110.0,Adventure,Paramount Pictures,Jon M. Chu,Dwayne Johnson,3,0,0,1181818.1818181819,1
130000000.0,18.683045016112164,124.0,Action,Paramount Pictures,Breck Eisner,Matthew McConaughey,4,0,0,1048387.0967741936,0
137000000.0,18.73549149109167,106.0,Adventure,Columbia Pictures,Hironobu Sakaguchi,Donald Sutherland,7,0,1,1292452.8301886793,0
140000000.0,18.757152987716434,124.0,Action,Marvel Studios,Joe Johnston,Chris Evans,7,0,1,1129032.2580645161,1
135000000.0,18.72078534381011,128.0,Adventure,Eon Productions,Michael Apted,Pierce Brosnan,11,0,0,1054687.5,1
150000000.0,18.826145858727198,138.0,Adventure,Universal Pictures,Peter Weir,Russell Crowe,11,0,0,1086956.5217391304,0
120000000.0,18.603002309079653,115.0,Adventure,Summit Entertainment,Bill Condon,Kristen Stewart,11,1,0,1043478.2608695652,1
130000000.0,18.683045016112164,100.0,Animation,Village Roadshow Pictures,George Miller,Elijah Wood,11,0,0,1300000.0,0
150000000.0,18.826145858727198,114.0,Science Fiction,Universal Pictures,Louis Leterrier,Edward Norton,6,0,1,1315789.4736842106,0
140000000.0,18.757152987716434,120.0,Adventure,Walt Disney Pictures,Steven Spielberg,Ruby Barnhill,6,0,1,1166666.6666666667,0
135000000.0,18.72078534381011,156.0,Western,Regency Enterprises,Alejandro González Iñárritu,Leonardo DiCaprio,12,0,1,865384.6153846154,1
135000000.0,18.72078534381011,96.0,Animation,DreamWorks Animation,David Soren,Ryan Reynolds,7,0,1,1406250.0,1
135000000.0,18.72078534381011,107.0,Animation,Paramount Pictures,Gore Verbinski,Johnny Depp,3,0,0,1261682.2429906542,0
132000000.0,18.6983124881264,92.0,Family,DreamWorks Animation,Eric Darnell,Tom McGrath,11,0,0,1434782.608695652,1
70000000.0,18.064005814299346,115.0,Action,Universal Pictures,Paul Greengrass,Matt Damon,8,1,0,608695.6521739131,1
130000000.0,18.683045016112164,90.0,Adventure,DreamWorks Animation,Mark Osborne,Jack Black,6,0,1,1444444.4444444445,1
130000000.0,18.683045016112164,117.0,Science Fiction,Marvel Studios,Peyton Reed,Paul Rudd,7,0,1,1111111.111111111,1
130000000.0,18.683045016112164,146.0,Adventure,Lionsgate,Francis Lawrence,Jennifer Lawrence,11,1,0,890410.9589041095,1
135000000.0,18.72078534381011,94.0,Fantasy,Twentieth Century Fox Film Corporation,Tim Johnson,Jim Parsons,3,0,0,1436170.2127659575,1
132000000.0,18.6983124881264,116.0,Adventure,Paramount Pictures,Steven Spielberg,Tom Cruise,6,0,1,1137931.0344827587,1
130000000.0,18.683045016112164,147.0,Adventure,Columbia Pictures Corporation,Michael Bay,Martin Lawrence,7,0,1,884353.7414965987,1
130000000.0,18.683045016112164,90.0,Action,DreamWorks,Chris Miller,Antonio Banderas,10,0,0,1444444.4444444445,1
110000000.0,18.5159909328476,100.0,Action,Columbia Pictures,Phillip Noyce,Angelina Jolie,7,0,1,1100000.0,1
125000000.0,18.643824303266577,139.0,Drama,Paramount Pictures,Darren Aronofsky,Russell Crowe,3,0,0,899280.5755395683,1
130000000.0,18.683045016112164,107.0,Adventure,Paramount Pictures,Steven Spielberg,Jamie Bell,10,0,0,1214953.2710280374,1
130000000.0,18.683045016112164,141.0,Adventure,1492 Pictures,Alfonso Cuarón,Daniel Radcliffe,5,0,0,921985.8156028369,1
130000000.0,18.683045016112164,165.0,Drama,Bazmark Films,Baz Luhrmann,Nicole Kidman,11,0,0,787878.7878787878,0
130000000.0,18.683045016112164,100.0,Science Fiction,Columbia Pictures,M. Night Shyamalan,Jaden Smith,5,0,0,1300000.0,0
127500000.0,18.663626930405893,82.0,Animation,Walt Disney Pictures,Ralph Zondag,D. B. Sweeney,5,0,0,1554878.0487804879,1
127000000.0,18.65969765229688,97.0,Adventure,Twentieth Century Fox Film Corporation,Shawn Levy,Ben Stiller,12,0,1,1309278.3505154639,1
130000000.0,18.683045016112164,95.0,Animation,DreamWorks Animation,Tom McGrath,Will Ferrell,10,0,0,1368421.0526315789,1
125000000.0,18.643824303266577,152.0,Adventure,1492 Pictures,Chris Columbus,Daniel Radcliffe,11,0,0,822368.4210526316,1
130000000.0,18.683045016112164,96.0,Fantasy,Universal Pictures,Robert Schwentke,Jeff Bridges,7,0,1,1354166.6666666667,0
140000000.0,18.757152987716434,143.0,Adventure,Walt Disney Pictures,Gore Verbinski,Johnny Depp,7,0,1,979020.979020979,1
125000000.0,18.643824303266577,123.0,Science Fiction,Lionsgate,Francis Lawrence,Jennifer Lawrence,11,1,0,1016260.162601626,1
125000000.0,18.643824303266577,149.0,Thriller,Columbia Pictures,Ron Howard,Tom Hanks,5,0,0,838926.1744966443,1
103000000.0,18.450239555902648,102.0,Animation,Blue Sky Studios,Carlos Saldanha,Jesse Eisenberg,3,1,0,1009803.9215686275,1
110000000.0,18.5159909328476,133.0,Adventure,Twentieth Century Fox Film Corporation,Bryan Singer,Patrick Stewart,4,0,0,827067.6691729323,1
125000000.0,18.643824303266577,130.0,Action,Universal Pictures,Justin Lin,Vin Diesel,4,0,0,961538.4615384615,1
125000000.0,18.643824303266577,129.0,Adventure,Village Roadshow Pictures,Guy Ritchie,Robert Downey Jr.,11,0,0,968992.2480620155,1
125000000.0,18.643824303266577,106.0,Adventure,The Zanuck Company,Louis Leterrier,Sam Worthington,4,0,0,1179245.283018868,0
65000000.0,17.989897843244528,113.0,Action,TriStar Pictures,Paul Verhoeven,Arnold Schwarzenegger,6,0,1,575221.2389380531,1
160000000.0,18.8906843794481,102.0,Adventure,Touchstone Pictures,John McTiernan,Antonio Banderas,8,0,0,1568627.450980392,0
130000000.0,18.683045016112164,120.0,Action,Universal Pictures,Tony Gilroy,Jeremy Renner,8,0,0,1083333.3333333333,1
125000000.0,18.643824303266577,125.0,Action,PolyGram Filmed Entertainment,Joel Schumacher,George Clooney,6,0,1,1000000.0,0
123000000.0,18.627694921466773,104.0,Family,Imagine Entertainment,Ron Howard,Jim Carrey,11,0,0,1182692.3076923077,1
125000000.0,18.643824303266577,124.0,Action,Lions Gate Films,Roland Emmerich,Dennis Quaid,5,0,0,1008064.5161290322,1
125000000.0,18.643824303266577,123.0,Adventure,Paramount Pictures,John Woo,Tom Cruise,5,0,0,1016260.162601626,1
120000000.0,18.603002309079653,130.0,Drama,Warner Bros.,Wolfgang Petersen,George Clooney,3,0,0,923076.9230769231,1
130000000.0,18.683045016112164,92.0,Adventure,Ingenious Film Partners,Tim Story,Ioan Gruffudd,6,1,1,1413043.4782608696,1
120000000.0,18.603002309079653,127.0,Adventure,Ingenious Film Partners,Ang Lee,Suraj Sharma,11,0,0,944881.8897637795,1
110000000.0,18.5159909328476,114.0,Thriller,Columbia Pictures Corporation,Mark Steven Johnson,Nicolas Cage,2,0,0,964912.2807017544,1
120000000.0,18.603002309079653,123.0,Action,The Kennedy/Marshall Company,Paul Greengrass,Matt Damon,7,0,1,975609.756097561,1
120000000.0,18.603002309079653,106.0,Action,Columbia Pictures,McG,Cameron Diaz,6,0,1,1132075.4716981133,1
130000000.0,18.683045016112164,124.0,Science Fiction,Twentieth Century Fox Film Corporation,Ridley Scott,Noomi Rapace,5,0,0,1048387.0967741936,1
120000000.0,18.603002309079653,78.0,Family,Columbia Pictures,Rob Minkoff,Michael J. Fox,7,1,1,1538461.5384615385,0
115000000.0,18.560442695023177,109.0,Science Fiction,TriStar Pictures,Neill Blomkamp,Matt Damon,8,0,0,1055045.871559633,1
105000000.0,18.46947091764561,119.0,Action,One Race Films,David Twohy,Vin Diesel,6,0,1,882352.9411764706,0
120000000.0,18.603002309079653,102.0,Action,Columbia Pictures,José Padilha,Joel Kinnaman,1,0,0,1176470.5882352942,1
120000000.0,18.603002309079653,135.0,Action,Village Roadshow Pictures,Lilly Wachowski,Emile Hirsch,5,0,0,888888.8888888889,0
120000000.0,18.603002309079653,121.0,Comedy,Columbia Pictures,James L. Brooks,Reese Witherspoon,12,0,1,991735.5371900826,0
117000000.0,18.57768450130904,109.0,Action,Tree Line Films,James Mangold,Tom Cruise,6,0,1,1073394.495412844,1
120000000.0,18.603002309079653,124.0,Action,Universal Pictures,Joseph Kosinski,Tom Cruise,4,0,0,967741.9354838709,1
113000000.0,18.542898385526172,140.0,Science Fiction,Lucasfilm,George Lucas,Ewan McGregor,5,0,0,807142.8571428572,1
120000000.0,18.603002309079653,142.0,Adventure,Lucasfilm,George Lucas,Ewan McGregor,5,0,0,845070.4225352113,1
115000000.0,18.560442695023177,92.0,Animation,Walt Disney Pictures,Pete Docter,John Goodman,11,0,0,1250000.0,1
120000000.0,18.603002309079653,126.0,Action,Twentieth Century Fox Film Corporation,James Mangold,Hugh Jackman,7,0,1,952380.9523809524,1
115000000.0,18.560442695023177,136.0,Adventure,Lucasfilm,George Lucas,Liam Neeson,5,0,0,845588.2352941176,1
135000000.0,18.72078534381011,98.0,Adventure,DreamWorks Animation,Chris Sanders,Nicolas Cage,3,0,0,1377551.0204081633,1
97250400.0,18.392799663847644,116.0,Fantasy,Constantin Film,Thomas Langmann,Clovis Cornillac,1,0,0,838365.5172413794,0
115000000.0,18.560442695023177,134.0,Drama,Lion Rock Productions,John Woo,Nicolas Cage,6,0,1,858208.9552238806,0
115000000.0,18.560442695023177,114.0,Action,Universal Pictures,Cedric Nicolas-Troyan,Chris Hemsworth,4,0,0,1008771.9298245613,0
125000000.0,18.643824303266577,101.0,Science Fiction,Paramount Pictures,Jonathan Liebesman,Megan Fox,8,0,0,1237623.7623762377,1
105000000.0,18.46947091764561,91.0,Science Fiction,Warner Bros.,Alfonso Cuarón,Sandra Bullock,9,0,0,1153846.1538461538,1
116000000.0,18.569100757691327,108.0,Action,Universal Pictures,Roger Donaldson,Pierce Brosnan,2,0,0,1074074.0740740742,0
135000000.0,18.72078534381011,112.0,Fantasy,Paramount Pictures,Dave Green,Megan Fox,6,1,1,1205357.142857143,0
120000000.0,18.603002309079653,100.0,Action,Twentieth Century Fox Film Corporation,Josh Trank,Miles Teller,8,0,0,1200000.0,0
110000000.0,18.5159909328476,108.0,Action,Ingenious Film Partners,Shawn Levy,Ben Stiller,10,0,0,1018518.5185185185,1
110000000.0,18.5159909328476,114.0,Action,New Line Cinema,Brad Peyton,Dwayne Johnson,5,0,0,964912.2807017544,1
110000000.0,18.5159909328476,119.0,Adventure,Eon Productions,Roger Spottiswoode,Pierce Brosnan,12,0,1,924369.7478991597,1
110000000.0,18.5159909328476,165.0,Drama,Centropolis Entertainment,Roland Emmerich,Mel Gibson,6,0,1,666666.6666666666,0
110000000.0,18.5159909328476,125.0,Thriller,Village Roadshow Pictures,Steven Soderbergh,George Clooney,12,1,1,880000.0,1
110000000.0,18.5159909328476,120.0,Action,Weed Road Pictures,Doug Liman,Angelina Jolie,6,0,1,916666.6666666666,1
110000000.0,18.5159909328476,119.0,Adventure,Summit Entertainment,Robert Schwentke,Shailene Woodley,3,1,0,924369.7478991597,1
116000000.0,18.569100757691327,170.0,Drama,Miramax Films,Martin Scorsese,Leonardo DiCaprio,12,0,1,682352.9411764706,0
112000000.0,18.53400943818794,85.0,Comedy,Twentieth Century Fox Film Corporation,Rob Letterman,Jack Black,12,0,1,1317647.0588235294,1
120000000.0,18.603002309079653,119.0,Action,Original Film,Michel Gondry,Seth Rogen,1,0,0,1008403.3613445378,0
110000000.0,18.5159909328476,102.0,Action,Legendary Pictures,Noam Murro,Sullivan Stapleton,3,0,0,1078431.3725490195,1
110000000.0,18.5159909328476,103.0,Animation,Columbia Pictures,Raja Gosnell,Hank Azaria,7,0,1,1067961.1650485436,1
110000000.0,18.5159909328476,76.0,Animation,Walt Disney Pictures,Will Finn,Roseanne Barr,4,0,0,1447368.4210526317,0
110000000.0,18.5159909328476,121.0,Adventure,Summit Entertainment,Robert Schwentke,Shailene Woodley,3,1,0,909090.9090909091,0
110000000.0,18.5159909328476,127.0,Action,DreamWorks SKG,Shawn Levy,Hugh Jackman,9,0,0,866141.7322834645,1
105000000.0,18.46947091764561,105.0,Fantasy,Columbia Pictures,Raja Gosnell,Hank Azaria,7,1,1,1000000.0,1
160000000.0,18.8906843794481,121.0,Action,Twentieth Century Fox Film Corporation,Jan de Bont,Sandra Bullock,6,1,1,1322314.0495867769,0
110000000.0,18.5159909328476,114.0,Science Fiction,Summit Entertainment,Gavin Hood,Asa Butterfield,10,0,0,964912.2807017544,0
110000000.0,18.5159909328476,128.0,Action,Ingenious Film Partners,Len Wiseman,Bruce Willis,6,1,1,859375.0,1
93000000.0,18.34811006187022,178.0,Adventure,WingNut Films,Peter Jackson,Elijah Wood,12,0,1,522471.91011235956,1
110000000.0,18.5159909328476,120.0,Action,Studio Babelsberg,Frank Coraci,Jackie Chan,6,0,1,916666.6666666666,0
107000000.0,18.488339401771974,157.0,Drama,Columbia Pictures Corporation,Michael Mann,Will Smith,12,0,1,681528.6624203821,0
120000000.0,18.603002309079653,115.0,Action,Twentieth Century Fox Film Corporation,Alex Proyas,Will Smith,7,0,1,1043478.2608695652,1
130000000.0,18.683045016112164,144.0,Drama,Studio Babelsberg,Ridley Scott,Orlando Bloom,5,0,0,902777.7777777778,0
133000000.0,18.705859693704824,84.0,Animation,Columbia Pictures Corporation,Rob Minkoff,Michael J. Fox,12,0,1,1583333.3333333333,1
105000000.0,18.46947091764561,97.0,Romance,Walt Disney Pictures,Ron Clements,Anika Noni Rose,12,0,1,1082474.2268041237,1
108000000.0,18.497641794347754,141.0,Drama,Twentieth Century Fox Film Corporation,Ridley Scott,Matt Damon,9,0,0,765957.4468085107,1
126000000.0,18.65179247285226,136.0,Action,DreamWorks SKG,Michael Bay,Ewan McGregor,7,0,1,926470.5882352941,0
90000000.0,18.31532023940565,104.0,Comedy,New Line Cinema,Peter Chelsom,Warren Beatty,4,0,0,865384.6153846154,0
90000000.0,18.31532023940565,118.0,Action,Jerry Bruckheimer Films,Dominic Sena,Nicolas Cage,6,0,1,762711.8644067796,1
103000000.0,18.450239555902648,155.0,Action,DreamWorks SKG,Ridley Scott,Russell Crowe,5,0,0,664516.1290322581,1
102000000.0,18.440483381052466,145.0,Action,DreamWorks SKG,Steven Spielberg,Tom Cruise,6,0,1,703448.275862069,1
100000000.0,18.420680753952364,161.0,Adventure,1492 Pictures,Chris Columbus,Daniel Radcliffe,11,0,0,621118.0124223602,1
150000000.0,18.826145858727198,144.0,Adventure,Eon Productions,Martin Campbell,Daniel Craig,11,0,0,1041666.6666666666,1
100000000.0,18.420680753952364,119.0,Thriller,Twentieth Century Fox Film Corporation,Tim Burton,Mark Wahlberg,7,0,1,840336.1344537815,1
100000000.0,18.420680753952364,137.0,Action,Lightstorm Entertainment,James Cameron,Arnold Schwarzenegger,7,1,1,729927.00729927,1
80000000.0,18.197537205138154,140.0,History,Universal Pictures,Michael Mann,Christian Bale,7,0,1,571428.5714285715,1
100000000.0,18.420680753952364,157.0,Drama,Imagine Entertainment,Ridley Scott,Denzel Washington,11,0,0,636942.6751592357,1
115000000.0,18.560442695023177,141.0,Action,Twentieth Century Fox Film Corporation,James Cameron,Arnold Schwarzenegger,7,0,1,815602.8368794327,1
100000000.0,18.420680753952364,106.0,Thriller,Columbia Pictures,Tony Scott,Denzel Washington,6,1,1,943396.2264150943,0
100000000.0,18.420680753952364,98.0,Comedy,Paramount Pictures,Paul Weitz,Robert De Niro,12,0,1,1020408.1632653062,1
100000000.0,18.420680753952364,107.0,Action,Columbia Pictures,Adam McKay,Will Ferrell,8,0,0,934579.4392523364,0
100000000.0,18.420680753952364,115.0,Action,Kopelson Entertainment,Chuck Russell,Arnold Schwarzenegger,6,0,1,869565.2173913043,1
100000000.0,18.420680753952364,165.0,Drama,Columbia Pictures,Quentin Tarantino,Jamie Foxx,12,0,1,606060.6060606061,1
100000000.0,18.420680753952364,91.0,Drama,Walt Disney Pictures,Gary Trousdale,Tom Hulce,6,0,1,1098901.0989010988,0
100000000.0,18.420680753952364,78.0,Adventure,Walt Disney Pictures,Mark Dindal,David Spade,12,0,1,1282051.282051282,0
100000000.0,18.420680753952364,103.0,Action,Nu Image Films,Simon West,Sylvester Stallone,8,1,0,970873.786407767,1
100000000.0,18.420680753952364,131.0,Adventure,Walt Disney Pictures,Jon Turteltaub,Nicolas Cage,11,0,0,763358.7786259542,1
100000000.0,18.420680753952364,104.0,Fantasy,Ingenious Film Partners,Stefen Fangmeier,Ed Speleers,12,0,1,961538.4615384615,1
100000000.0,18.420680753952364,101.0,Family,Village Roadshow Pictures,Spike Jonze,Max Records,10,0,0,990099.0099009901,0
100000000.0,18.420680753952364,102.0,Animation,Blue Sky Studios,Chris Wedge,Josh Hutcherson,5,0,0,980392.1568627451,1
100000000.0,18.420680753952364,103.0,Action,Columbia Pictures,Florian Henckel von Donnersmarck,Johnny Depp,12,0,1,970873.786407767,1
100000000.0,18.420680753952364,121.0,Action,Beacon Communications,Peter Hyams,Arnold Schwarzenegger,11,0,0,826446.2809917355,1
100000000.0,18.420680753952364,143.0,Drama,Bedford Falls Productions,Edward Zwick,Leonardo DiCaprio,12,0,1,699300.6993006993,0
100000000.0,18.420680753952364,180.0,Crime,Paramount Pictures,Martin Scorsese,Leonardo DiCaprio,12,0,1,555555.5555555555,1
100000000.0,18.420680753952364,121.0,Action,Warner Bros.,Joel Schumacher,Val Kilmer,5,0,0,826446.2809917355,1
105000000.0,18.46947091764561,129.0,Adventure,TriStar Pictures,Paul Verhoeven,Casper Van Dien,11,0,0,813953.4883720931,0
102000000.0,18.440483381052466,172.0,Drama,Anarchos Productions,Tom Tykwer,Tom Hanks,10,0,0,593023.2558139535,0
80000000.0,18.197537205138154,97.0,Animation,Village Roadshow Pictures,Zack Snyder,Emily Barclay,7,0,1,824742.2680412371,0
100000000.0,18.420680753952364,104.0,Action,Village Roadshow Pictures,Pitof,Halle Berry,7,0,1,961538.4615384615,0
100000000.0,18.420680753952364,99.0,Action,Paramount Pictures,Brett Ratner,Dwayne Johnson,7,0,1,1010101.0101010101,1
140000000.0,18.757152987716434,95.0,Adventure,Walt Disney Pictures,Ron Clements,Joseph Gordon-Levitt,11,0,0,1473684.2105263157,0
100000000.0,18.420680753952364,102.0,Adventure,Universal Pictures,Brad Silberling,Will Ferrell,6,0,1,980392.1568627451,0
90000000.0,18.31532023940565,127.0,Action,Davis-Films,Patrick Hughes,Sylvester Stallone,8,1,0,708661.4173228346,1
105000000.0,18.46947091764561,114.0,Action,Studio Babelsberg,Ericson Core,Edgar Ramírez,12,0,1,921052.6315789474,0
100000000.0,18.420680753952364,122.0,Thriller,Imagine Entertainment,Ron Howard,Chris Hemsworth,11,0,0,819672.131147541,0
100000000.0,18.420680753952364,95.0,Action,Village Roadshow Pictures,Ron Underwood,Eddie Murphy,8,0,0,1052631.5789473683,0
100000000.0,18.420680753952364,115.0,War,Universal Pictures,Paul Greengrass,Matt Damon,3,0,0,869565.2173913043,0
99000000.0,18.410630418199872,88.0,Animation,Blue Sky Studios,Steve Martino,Noah Schnapp,11,0,0,1125000.0,1
10000000.0,16.118095750958314,110.0,Crime,Jean Doumanian Productions,David Mamet,Steve Martin,9,0,0,90909.09090909091,0
98000000.0,18.400478046838927,130.0,Adventure,Universal Pictures,Stephen Sommers,Brendan Fraser,4,0,0,753846.1538461539,1
100000000.0,18.420680753952364,167.0,Drama,Miramax Films,Martin Scorsese,Leonardo DiCaprio,12,0,1,598802.3952095809,0
94000000.0,18.358805350872576,145.0,Drama,Beijing New Picture Film Co. Ltd.,Zhang Yimou,Christian Bale,12,0,1,648275.8620689656,0
85000000.0,18.258161826219297,85.0,Animation,Columbia Pictures,Ash Brannon,Shia LaBeouf,6,0,1,1000000.0,0
90000000.0,18.31532023940565,93.0,Action,Paramount Pictures,Frank Oz,Nicole Kidman,6,0,1,967741.9354838709,0
92000000.0,18.33729914588288,144.0,Action,Jerry Bruckheimer Films,Ridley Scott,Josh Hartnett,12,0,1,638888.8888888889,0
90000000.0,18.31532023940565,126.0,Adventure,Columbia Pictures,Luc Besson,Bruce Willis,5,0,0,714285.7142857143,1
100000000.0,18.420680753952364,146.0,Comedy,New Line Cinema,Michael Patrick King,Sarah Jessica Parker,5,1,0,684931.506849315,1
95000000.0,18.36938746009113,89.0,Adventure,DreamWorks SKG,Don Michael Paul,Kenneth Branagh,3,0,0,1067415.7303370787,0
95000000.0,18.36938746009113,88.0,Animation,Blue Sky Studios,Steve Martino,John Leguizamo,6,0,1,1079545.4545454546,1
95000000.0,18.36938746009113,105.0,Romance,Walt Disney Pictures,Kenneth Branagh,Lily James,3,0,0,904761.9047619047,1
65000000.0,17.989897843244528,136.0,Fantasy,WingNut Films,Peter Jackson,Rachel Weisz,12,0,1,477941.17647058825,0
94000000.0,18.358805350872576,100.0,Animation,Pixar Animation Studios,Andrew Stanton,Albert Brooks,5,0,0,940000.0,1
94000000.0,18.358805350872576,201.0,Adventure,WingNut Films,Peter Jackson,Elijah Wood,12,0,1,467661.6915422886,1
79000000.0,18.184958423089522,179.0,Adventure,WingNut Films,Peter Jackson,Elijah Wood,12,0,1,441340.782122905,1
95000000.0,18.36938746009113,102.0,Adventure,Legendary Pictures,Sergei Bodrov,Jeff Bridges,12,0,1,931372.5490196078,0
115000000.0,18.560442695023177,100.0,Adventure,Paramount Pictures,Simon West,Angelina Jolie,6,0,1,1150000.0,1
100000000.0,18.420680753952364,119.0,Thriller,Alcon Entertainment,Wally Pfister,Johnny Depp,4,0,0,840336.1344537815,0
93000000.0,18.34811006187022,92.0,Adventure,Universal Studios,Joe Johnston,Sam Neill,7,0,1,1010869.5652173914,1
93000000.0,18.34811006187022,105.0,Thriller,Ingenious Film Partners,Rupert Wyatt,James Franco,8,0,0,885714.2857142857,1
90000000.0,18.31532023940565,95.0,Adventure,Paramount Pictures,Mark Waters,Freddie Highmore,2,0,0,947368.4210526316,0
92000000.0,18.33729914588288,98.0,Action,Ingenious Media,John Moore,Bruce Willis,2,0,0,938775.5102040817,1
145000000.0,18.7922443072814,137.0,Western,Imagine Entertainment,John Lee Hancock,Dennis Quaid,4,0,0,1058394.1605839415,0
92000000.0,18.33729914588288,115.0,Action,Walt Disney Pictures,Brad Bird,Craig T. Nelson,11,0,0,800000.0,1
98000000.0,18.400478046838927,119.0,Action,Le Studio Canal+,Renny Harlin,Geena Davis,12,0,1,823529.4117647059,0
95000000.0,18.36938746009113,118.0,Adventure,Ingenious Film Partners,Chris Columbus,Logan Lerman,2,0,0,805084.7457627119,1
90000000.0,18.31532023940565,98.0,Action,Amblin Entertainment,Barry Sonnenfeld,Tommy Lee Jones,7,0,1,918367.3469387755,1
90000000.0,18.31532023940565,92.0,Animation,Pixar Animation Studios,John Lasseter,Tom Hanks,10,1,0,978260.8695652174,1
100000000.0,18.420680753952364,98.0,Action,Twentieth Century Fox Film Corporation,Tony Scott,Denzel Washington,11,0,0,1020408.1632653062,0
90000000.0,18.31532023940565,90.0,Action,New Line Cinema,Brett Ratner,Chris Tucker,8,1,0,1000000.0,1
100000000.0,18.420680753952364,130.0,Drama,DreamWorks SKG,Robert Zemeckis,Harrison Ford,7,0,1,769230.7692307692,0
100000000.0,18.420680753952364,90.0,Animation,Columbia Pictures,Phil Lord,Bill Hader,9,0,0,1111111.111111111,1
90000000.0,18.31532023940565,94.0,Animation,Blue Sky Studios,Carlos Saldanha,Ray Romano,6,0,1,957446.8085106383,1
90000000.0,18.31532023940565,114.0,Adventure,New Line Cinema,Ben Stiller,Ben Stiller,12,0,1,789473.6842105263,1
92000000.0,18.33729914588288,98.0,Action,Columbia Pictures,McG,Cameron Diaz,11,0,0,938775.5102040817,1
90000000.0,18.31532023940565,151.0,Drama,Vertigo Entertainment,Martin Scorsese,Leonardo DiCaprio,10,0,0,596026.4900662252,1
90000000.0,18.31532023940565,88.0,Animation,Walt Disney Pictures,Tony Bancroft,Eddie Murphy,6,0,1,1022727.2727272727,1
92000000.0,18.33729914588288,107.0,Action,DreamWorks SKG,Ben Stiller,Ben Stiller,8,0,0,859813.0841121495,1
90000000.0,18.31532023940565,158.0,Thriller,Columbia Pictures,David Fincher,Daniel Craig,12,0,1,569620.2531645569,1
90000000.0,18.31532023940565,128.0,Action,Twentieth Century Fox Film Corporation,John McTiernan,Bruce Willis,5,1,0,703125.0,1
90000000.0,18.31532023940565,128.0,Action,Village Roadshow Pictures,Guy Ritchie,Robert Downey Jr.,12,0,1,703125.0,1
100000000.0,18.420680753952364,125.0,Drama,Paramount Pictures,Timur Bekmambetov,Jack Huston,8,0,0,800000.0,0
120000000.0,18.603002309079653,95.0,Animation,Walt Disney Pictures,Gary Trousdale,Michael J. Fox,6,0,1,1263157.894736842,0
75000000.0,18.132998684833918,121.0,Drama,United Artists,Bryan Singer,Tom Cruise,12,0,1,619834.7107438017,1
90000000.0,18.31532023940565,113.0,Comedy,Columbia Pictures,Dennis Dugan,Adam Sandler,6,0,1,796460.1769911505,1
88000000.0,18.292847383806116,105.0,Action,Columbia Pictures,Chris Columbus,Adam Sandler,7,0,1,838095.2380952381,1
100000000.0,18.420680753952364,146.0,Drama,DreamWorks SKG,Steven Spielberg,Haley Joel Osment,6,0,1,684931.506849315,1
90000000.0,18.31532023940565,99.0,Thriller,Walt Disney Pictures,Rob Minkoff,Eddie Murphy,11,0,0,909090.9090909091,1
90000000.0,18.31532023940565,150.0,Drama,Warner Bros.,Robert Zemeckis,Jodie Foster,7,0,1,600000.0,0
95000000.0,18.36938746009113,112.0,Action,Columbia Pictures Corporation,Paul Verhoeven,Kevin Bacon,8,0,0,848214.2857142857,1
80000000.0,18.197537205138154,128.0,Crime,Universal Pictures,Sydney Pollack,Nicole Kidman,4,0,0,625000.0,1
90000000.0,18.31532023940565,106.0,Adventure,1492 Pictures,Thor Freudenthal,Logan Lerman,8,0,0,849056.6037735849,0
95000000.0,18.36938746009113,117.0,Action,Paramount Pictures,Jan de Bont,Angelina Jolie,7,0,1,811965.811965812,0
90000000.0,18.31532023940565,129.0,Action,Summit Entertainment,Jon M. Chu,Jesse Eisenberg,6,1,1,697674.4186046511,1
68000000.0,18.035018277846262,116.0,Thriller,Paramount Pictures,Phillip Noyce,Val Kilmer,4,0,0,586206.8965517242,0
92000000.0,18.33729914588288,126.0,Action,Universal Pictures,Tony Scott,Robert Redford,11,0,0,730158.7301587302,0
90000000.0,18.31532023940565,114.0,Science Fiction,Spyglass Entertainment,Brian De Palma,Gary Sinise,3,0,0,789473.6842105263,0
90000000.0,18.31532023940565,96.0,Animation,Blue Sky Studios,Carlos Saldanha,Jesse Eisenberg,4,0,0,937500.0,1
100000000.0,18.420680753952364,131.0,Comedy,Laurence Mark Productions,Chris Columbus,Robin Williams,12,0,1,763358.7786259542,0
90000000.0,18.31532023940565,107.0,Crime,Columbia Pictures,Alan J. Pakula,Harrison Ford,3,0,0,841121.4953271028,0
100000000.0,18.420680753952364,138.0,Drama,Paramount Pictures,Kathryn Bigelow,Harrison Ford,7,0,1,724637.6811594203,0
20000000.0,16.811242881518265,129.0,Adventure,Universal Pictures,John Milius,Arnold Schwarzenegger,4,0,0,155038.75968992247,1
88000000.0,18.292847383806116,144.0,Romance,Miramax Films,Ron Howard,Russell Crowe,6,0,1,611111.1111111111,0
90000000.0,18.31532023940565,110.0,Fantasy,Vnesheconombank,Andrei Konchalovsky,Elle Fanning,11,0,0,818181.8181818182,0
87000000.0,18.28141868811311,141.0,Drama,Universal Pictures,Gary Ross,Jeff Bridges,7,0,1,617021.2765957447,0
92000000.0,18.33729914588288,113.0,Action,Universal Pictures,Jan de Bont,Helen Hunt,5,0,0,814159.2920353982,1
90000000.0,18.31532023940565,143.0,Adventure,DreamWorks SKG,Robert Zemeckis,Tom Hanks,12,0,1,629370.6293706293,1
100000000.0,18.420680753952364,108.0,Animation,Kennedy Miller Productions,George Miller,Elijah Wood,11,0,0,925925.925925926,1
75000000.0,18.132998684833918,108.0,Action,Universal Pictures,Paul Greengrass,Matt Damon,7,1,1,694444.4444444445,1
85000000.0,18.258161826219297,124.0,Action,Columbia Pictures Corporation,Wolfgang Petersen,Harrison Ford,7,0,1,685483.8709677419,1
85000000.0,18.258161826219297,116.0,Thriller,Village Roadshow Pictures,Steven Soderbergh,George Clooney,12,0,1,732758.6206896552,1
75000000.0,18.132998684833918,110.0,Adventure,Impact Pictures,Paul W.S. Anderson,Milla Jovovich,8,0,0,681818.1818181818,0
85000000.0,18.258161826219297,91.0,Animation,Columbia Pictures,Genndy Tartakovsky,Adam Sandler,9,0,0,934065.934065934,1
85000000.0,18.258161826219297,107.0,Comedy,Walt Disney Pictures,Kevin Lima,Amy Adams,11,0,0,794392.5233644859,1
85000000.0,18.258161826219297,115.0,Action,Universal Pictures,Daniel Espinosa,Denzel Washington,2,0,0,739130.4347826086,1
85000000.0,18.258161826219297,100.0,Comedy,Walt Disney Pictures,Kevin Lima,Glenn Close,10,0,0,850000.0,1
75000000.0,18.132998684833918,104.0,Action,Universal Pictures,Brett Ratner,Ben Stiller,11,0,0,721153.8461538461,1
85000000.0,18.258161826219297,136.0,Comedy,Columbia Pictures,Nancy Meyers,Cameron Diaz,12,0,1,625000.0,1
90000000.0,18.31532023940565,132.0,Action,Jerry Bruckheimer Films,Tony Scott,Will Smith,11,0,0,681818.1818181818,1
85000000.0,18.258161826219297,121.0,Comedy,Universal Pictures,Nancy Meyers,Meryl Streep,12,0,1,702479.3388429752,1
85000000.0,18.258161826219297,122.0,Crime,Village Roadshow Pictures,Steven Soderbergh,George Clooney,6,0,1,696721.3114754099,1
85000000.0,18.258161826219297,83.0,Adventure,Sony Pictures Animation,Jill Culton,Martin Lawrence,9,0,0,1024096.3855421686,1
85000000.0,18.258161826219297,139.0,Adventure,Summit Entertainment,Neil Burger,Shailene Woodley,3,0,0,611510.7913669065,1
68000000.0,18.035018277846262,131.0,War,Paramount Pictures,Jean-Jacques Annaud,Jude Law,3,0,0,519083.9694656489,0
85000000.0,18.258161826219297,104.0,Adventure,Columbia Pictures,Peter Berg,Dwayne Johnson,9,0,0,817307.6923076923,0
85000000.0,18.258161826219297,130.0,Adventure,Columbia Pictures Corporation,John McTiernan,Arnold Schwarzenegger,6,0,1,653846.1538461539,0
85000000.0,18.258161826219297,145.0,Drama,DreamWorks SKG,Rob Marshall,Zhang Ziyi,12,0,1,586206.8965517242,0
85000000.0,18.258161826219297,104.0,Action,Universal Pictures,Justin Lin,Lucas Black,6,0,1,817307.6923076923,0
90000000.0,18.31532023940565,178.0,Fantasy,Universal Pictures,Martin Brest,Brad Pitt,11,0,0,505617.9775280899,0
85000000.0,18.258161826219297,108.0,Action,David Foster Productions,Andrew Davis,Arnold Schwarzenegger,2,0,0,787037.0370370371,0
85000000.0,18.258161826219297,106.0,Adventure,Relativity Media,Tarsem Singh,Julia Roberts,3,0,0,801886.7924528302,1
60000000.0,17.909855136853043,112.0,Action,Universal Pictures,Edgar Wright,Michael Cera,7,0,1,535714.2857142857,0
60000000.0,17.909855136853043,136.0,Action,Paramount Pictures,Jon Amiel,Aaron Eckhart,3,0,0,441176.4705882353,0
84000000.0,18.24632736871235,106.0,Fantasy,Imagine Entertainment,Peter Segal,Eddie Murphy,7,0,1,792452.8301886793,0
84000000.0,18.24632736871235,88.0,Mystery,Atlas Entertainment,Raja Gosnell,Freddie Prinze Jr.,6,0,1,954545.4545454546,1
50000000.0,17.72753358339242,95.0,Action,DNA Films,Pete Travis,Karl Urban,9,0,0,526315.7894736842,0
82500000.0,18.228308863426122,107.0,Comedy,Original Film,Frank Coraci,Adam Sandler,6,0,1,771028.0373831776,1
8000000.0,15.894952224644102,120.0,Horror,Warner Bros.,George A. Romero,Hal Holbrook,11,0,0,66666.66666666667,1
85000000.0,18.258161826219297,82.0,Comedy,Village Roadshow Pictures,Brad Peyton,James Marsden,7,1,1,1036585.3658536585,0
85000000.0,18.258161826219297,88.0,Adventure,Dune Entertainment,Doug Liman,Hayden Christensen,2,0,0,965909.0909090909,1
85000000.0,18.258161826219297,120.0,Adventure,Universal Pictures,Guillermo del Toro,Ron Perlman,7,0,1,708333.3333333334,0
65000000.0,17.989897843244528,157.0,Crime,Paramount Pictures,David Fincher,Jake Gyllenhaal,3,0,0,414012.7388535032,0
82000000.0,18.22222981742365,123.0,Science Fiction,Phoenix Pictures,Roger Spottiswoode,Arnold Schwarzenegger,11,0,0,666666.6666666666,0
80000000.0,18.197537205138154,101.0,Fantasy,Universal Pictures,Tom Shadyac,Jim Carrey,5,0,0,792079.207920792,1
80000000.0,18.197537205138154,103.0,Thriller,Millennium Films,Sylvester Stallone,Sylvester Stallone,8,0,0,776699.0291262136,1
80000000.0,18.197537205138154,110.0,Adventure,Paramount Pictures,Brian De Palma,Tom Cruise,5,0,0,727272.7272727273,1
75000000.0,18.132998684833918,142.0,Science Fiction,Lionsgate,Gary Ross,Jennifer Lawrence,3,0,0,528169.014084507,1
80000000.0,18.197537205138154,102.0,Comedy,Legendary Pictures,Todd Phillips,Bradley Cooper,5,0,0,784313.725490196,1
80000000.0,18.197537205138154,126.0,Action,PolyGram Filmed Entertainment,Tim Burton,Michael Keaton,6,0,1,634920.6349206349,1
80000000.0,18.197537205138154,83.0,Comedy,Pacific Data Images (PDI),Karey Kirkpatrick,Bruce Willis,4,0,0,963855.421686747,1
80000000.0,18.197537205138154,85.0,Animation,Walt Disney Pictures,Chris Sanders,Chris Sanders,6,0,1,941176.4705882353,0
85000000.0,18.258161826219297,97.0,Comedy,Paramount Pictures,Gary Winick,Julia Roberts,12,0,1,876288.6597938144,0
75000000.0,18.132998684833918,120.0,Action,Paramount Pictures,Mimi Leder,Robert Duvall,5,0,0,625000.0,0
82000000.0,18.22222981742365,113.0,Comedy,Paramount Pictures,Peter Segal,Adam Sandler,5,0,0,725663.7168141593,1
75000000.0,18.132998684833918,87.0,Comedy,Fox 2000 Pictures,Mike Mitchell,Jason Lee,12,1,1,862068.9655172414,1
80000000.0,18.197537205138154,100.0,Comedy,Columbia Pictures,Dennis Dugan,Adam Sandler,7,1,1,800000.0,1
80000000.0,18.197537205138154,110.0,Action,Village Roadshow Pictures,Peter Segal,Steve Carell,6,0,1,727272.7272727273,1
80000000.0,18.197537205138154,128.0,Drama,Columbia Pictures Corporation,Nancy Meyers,Jack Nicholson,12,0,1,625000.0,1
80000000.0,18.197537205138154,138.0,Drama,Paramount Pictures,Martin Scorsese,Leonardo DiCaprio,2,0,0,579710.1449275363,1
80000000.0,18.197537205138154,88.0,Comedy,New Line Cinema,Seth Gordon,Vince Vaughn,11,0,0,909090.9090909091,1
75000000.0,18.132998684833918,91.0,Animation,Blue Sky Studios,Chris Wedge,Robin Williams,3,0,0,824175.8241758242,1
80000000.0,18.197537205138154,138.0,Action,Paramount Pictures,John Woo,John Travolta,6,0,1,579710.1449275363,1
80000000.0,18.197537205138154,99.0,Fantasy,Walt Disney Pictures,Adam Shankman,Adam Sandler,12,0,1,808080.808080808,1
80000000.0,18.197537205138154,117.0,Thriller,DreamWorks SKG,Sam Mendes,Tom Hanks,7,0,1,683760.6837606838,1
80000000.0,18.197537205138154,117.0,Romance,Columbia Pictures,Dennis Dugan,Adam Sandler,2,0,0,683760.6837606838,1
75000000.0,18.132998684833918,115.0,Action,Jerry Bruckheimer Films,Simon West,Nicolas Cage,6,0,1,652173.9130434783,1
80000000.0,18.197537205138154,118.0,Mystery,DreamWorks SKG,D.J. Caruso,Shia LaBeouf,9,0,0,677966.1016949152,1
79000000.0,18.184958423089522,154.0,Drama,Miramax Films,Anthony Minghella,Jude Law,12,0,1,512987.012987013,1
80000000.0,18.197537205138154,118.0,Action,Alcon Entertainment,Albert Hughes,Denzel Washington,1,0,0,677966.1016949152,0
80000000.0,18.197537205138154,93.0,Comedy,Walt Disney Pictures,Les Mayfield,Robin Williams,11,0,0,860215.0537634408,1
80000000.0,18.197537205138154,113.0,Horror,DreamWorks,Jan de Bont,Liam Neeson,7,0,1,707964.6017699115,0
80000000.0,18.197537205138154,88.0,Animation,Warner Bros. Family Entertainment,Joe Pytka,Michael Jordan,11,0,0,909090.9090909091,1
80000000.0,18.197537205138154,104.0,Drama,Twentieth Century Fox Film Corporation,Scott Derrickson,Keanu Reeves,12,0,1,769230.7692307692,1
75000000.0,18.132998684833918,135.0,Action,Silver Pictures,Richard Donner,Mel Gibson,8,0,0,555555.5555555555,0
68000000.0,18.035018277846262,135.0,War,Columbia Pictures,David Ayer,Brad Pitt,10,0,0,503703.7037037037,1
70000000.0,18.064005814299346,98.0,Action,Caravan Pictures,Ivan Reitman,Harrison Ford,6,0,1,714285.7142857143,1
80000000.0,18.197537205138154,80.0,Comedy,De Line Pictures,Eric Brevig,Dan Aykroyd,12,0,1,1000000.0,1
80000000.0,18.197537205138154,83.0,Western,DreamWorks SKG,Kelly Asbury,Matt Damon,5,0,0,963855.421686747,0
80000000.0,18.197537205138154,102.0,Comedy,Columbia Pictures,Frank Coraci,Kevin James,7,0,1,784313.725490196,1
80000000.0,18.197537205138154,130.0,Adventure,New Line Cinema,Stephen Hopkins,Gary Oldman,4,0,0,615384.6153846154,0
80000000.0,18.197537205138154,129.0,Drama,Paramount Pictures,Jonathan Demme,Denzel Washington,7,0,1,620155.0387596899,0
80000000.0,18.197537205138154,89.0,Animation,Columbia Pictures,Genndy Tartakovsky,Adam Sandler,9,1,0,898876.404494382,1
80000000.0,18.197537205138154,74.0,Animation,Walt Disney Pictures,James Algar,Steve Martin,12,0,1,1081081.0810810812,0
80000000.0,18.197537205138154,96.0,Science Fiction,DreamWorks SKG,Simon Wells,Guy Pearce,3,0,0,833333.3333333334,0
102000000.0,18.440483381052466,99.0,Action,Village Roadshow Pictures,Dominic Sena,John Travolta,6,0,1,1030303.0303030303,0
75000000.0,18.132998684833918,129.0,Action,Amblin Entertainment,Martin Campbell,Antonio Banderas,10,0,0,581395.3488372093,0
85000000.0,18.258161826219297,113.0,Drama,PolyGram Filmed Entertainment,Vincent Ward,Robin Williams,10,0,0,752212.3893805309,0
88000000.0,18.292847383806116,118.0,Adventure,The Weinstein Company,Terry Gilliam,Heath Ledger,8,0,0,745762.7118644068,0
70000000.0,18.064005814299346,106.0,Comedy,Tim Burton Productions,Tim Burton,Jack Nicholson,12,0,1,660377.358490566,0
80000000.0,18.197537205138154,89.0,Action,Touchstone Pictures,Jonathan Mostow,Bruce Willis,9,0,0,898876.404494382,0
80000000.0,18.197537205138154,145.0,Drama,New Line Cinema,Roger Donaldson,Kevin Costner,12,0,1,551724.1379310344,0
80000000.0,18.197537205138154,115.0,Action,Universal Pictures,Rob Cohen,Sylvester Stallone,12,0,1,695652.1739130435,0
80000000.0,18.197537205138154,87.0,Animation,BBC Worldwide,Barry Cook,Charlie Rowe,12,0,1,919540.2298850574,0
44000000.0,17.599700214609808,118.0,Action,Franchise Pictures,Roger Christian,John Travolta,5,0,0,372881.3559322034,0
80000000.0,18.197537205138154,90.0,Animation,Lonely Film Productions GmbH & Co. KG.,Joe Dante,Brendan Fraser,11,0,0,888888.8888888889,0
80000000.0,18.197537205138154,112.0,Drama,The Weinstein Company,Rob Marshall,Judi Dench,12,0,1,714285.7142857143,0
80000000.0,18.197537205138154,116.0,Action,Paramount Pictures,Richard Donner,Paul Walker,11,0,0,689655.1724137932,0
80000000.0,18.197537205138154,177.0,Drama,Tig Productions,Kevin Costner,Kevin Costner,12,0,1,451977.4011299435,0
90000000.0,18.31532023940565,92.0,Adventure,Kennedy Miller Productions,George Miller,James Cromwell,11,0,0,978260.8695652174,0
90000000.0,18.31532023940565,106.0,Fantasy,Summit Entertainment,Breck Eisner,Vin Diesel,10,0,0,849056.6037735849,0
80000000.0,18.197537205138154,106.0,Thriller,Village Roadshow Pictures,Antony Hoffman,Val Kilmer,11,0,0,754716.9811320754,0
86000000.0,18.26985786584569,94.0,Adventure,Canal Plus,Luc Besson,Freddie Highmore,12,0,1,914893.6170212766,0
80000000.0,18.197537205138154,110.0,Thriller,Epsilon Motion Pictures,Peter Hyams,Heike Makatsch,5,0,0,727272.7272727273,0
130000000.0,18.683045016112164,105.0,Action,Impact Pictures,Paul W.S. Anderson,Kit Harington,2,0,0,1238095.238095238,0
60000000.0,17.909855136853043,135.0,Drama,Imagine Entertainment,Ron Howard,Russell Crowe,12,0,1,444444.44444444444,1
45000000.0,17.622173069956816,89.0,Family,Walt Disney Pictures,Roger Allers,Jonathan Taylor Thomas,6,0,1,505617.9775280899,1
79000000.0,18.184958423089522,94.0,Adventure,New Line Cinema,Brad Peyton,Dwayne Johnson,1,1,0,840425.5319148937,1
78000000.0,18.17221939747438,95.0,Animation,Columbia Pictures,Cody Cameron,Bill Hader,9,1,0,821052.6315789474,1
78000000.0,18.17221939747438,124.0,Crime,Universal Pictures,Brett Ratner,Anthony Hopkins,9,0,0,629032.2580645161,1
100000000.0,18.420680753952364,136.0,Western,Casey Silver Productions,Joe Johnston,Viggo Mortensen,3,0,0,735294.1176470588,0
79000000.0,18.184958423089522,91.0,Comedy,Columbia Pictures,Dennis Dugan,Adam Sandler,11,0,0,868131.8681318681,0
76000000.0,18.1462439114085,107.0,Action,Mikona Productions GmbH & Co. KG,John Singleton,Paul Walker,6,1,1,710280.3738317757,1
64000000.0,17.974393656948944,92.0,Adventure,Onyx Films,Mark Osborne,Jeff Bridges,7,0,1,695652.1739130435,0
80000000.0,18.197537205138154,99.0,Science Fiction,Village Roadshow Pictures,Oliver Hirschbiegel,Nicole Kidman,8,0,0,808080.808080808,0
76000000.0,18.1462439114085,88.0,Action,Universal Pictures,Des McAnuff,Rene Russo,6,0,1,863636.3636363636,0
75000000.0,18.132998684833918,87.0,Animation,Universal Pictures,Chris Renaud,Louis C.K.,6,0,1,862068.9655172414,1
78000000.0,18.17221939747438,110.0,Fantasy,Twentieth Century Fox Film Corporation,Stephen Norrington,Sean Connery,7,0,1,709090.9090909091,1
76000000.0,18.1462439114085,98.0,Animation,Universal Pictures,Pierre Coffin,Steve Carell,6,1,1,775510.2040816327,1
75000000.0,18.132998684833918,145.0,Action,Twentieth Century Fox Film Corporation,Roland Emmerich,Will Smith,6,0,1,517241.3793103448,1
73000000.0,18.105970012811294,129.0,Adventure,Universal Pictures,Steven Spielberg,Jeff Goldblum,5,0,0,565891.472868217,1
75000000.0,18.132998684833918,86.0,Family,DreamWorks SKG,Eric Darnell,Ben Stiller,5,0,0,872093.023255814,1
76000000.0,18.1462439114085,109.0,Drama,Universal Pictures,Alfonso Cuarón,Clive Owen,9,0,0,697247.7064220184,0
75000000.0,18.132998684833918,104.0,Adventure,Twentieth Century Fox Film Corporation,Bryan Singer,Patrick Stewart,7,0,1,721153.8461538461,1
75000000.0,18.132998684833918,110.0,Action,Universal Pictures,Timur Bekmambetov,Angelina Jolie,6,0,1,681818.1818181818,1
75000000.0,18.132998684833918,136.0,Action,Hollywood Pictures,Michael Bay,Sean Connery,6,0,1,551470.5882352941,1
80000000.0,18.197537205138154,91.0,Animation,Blue Sky Studios,Carlos Saldanha,Ray Romano,3,0,0,879120.8791208791,1
75000000.0,18.132998684833918,99.0,Comedy,Columbia Pictures Corporation,Peter Segal,Adam Sandler,2,0,0,757575.7575757576,1
50000000.0,17.72753358339242,117.0,Family,New Line Cinema,Adam Shankman,John Travolta,7,0,1,427350.4273504274,0
80000000.0,18.197537205138154,114.0,Horror,Morgan Creek Productions,Renny Harlin,Stellan Skarsgård,8,0,0,701754.3859649122,0
75000000.0,18.132998684833918,115.0,Thriller,Summit Entertainment,Louis Leterrier,Jesse Eisenberg,5,0,0,652173.9130434783,0
80000000.0,18.197537205138154,102.0,Comedy,Columbia Pictures,Dennis Dugan,Adam Sandler,6,0,1,784313.725490196,1
60000000.0,17.909855136853043,128.0,Comedy,DreamWorks SKG,Steven Spielberg,Tom Hanks,6,0,1,468750.0,1
35000000.0,17.370858648025116,100.0,Comedy,DreamWorks SKG,Thor Freudenthal,Emma Roberts,1,0,0,350000.0,1
75000000.0,18.132998684833918,124.0,Action,Columbia Pictures Corporation,Martin Campbell,Chris O'Donnell,12,0,1,604838.7096774194,1
75000000.0,18.132998684833918,102.0,Comedy,Universal Pictures,Mike Nichols,Tom Hanks,12,0,1,735294.1176470588,0
75000000.0,18.132998684833918,90.0,Animation,DreamWorks SKG,Vicky Jenson,Will Smith,9,0,0,833333.3333333334,1
70000000.0,18.064005814299346,134.0,Drama,Paramount Pictures,Bill Condon,Jamie Foxx,12,0,1,522388.05970149254,1
53000000.0,17.78580249038432,118.0,Comedy,Double Feature Films,F. Gary Gray,John Travolta,3,0,0,449152.5423728814,0
70000000.0,18.064005814299346,164.0,Drama,DreamWorks SKG,Steven Spielberg,Eric Bana,12,0,1,426829.26829268294,0
70000000.0,18.064005814299346,121.0,Action,Columbia Pictures,Antoine Fuqua,Bruce Willis,3,0,0,578512.3966942149,0
75000000.0,18.132998684833918,100.0,Action,Katalyst Films,Robert Luketic,Katherine Heigl,6,0,1,750000.0,0
75000000.0,18.132998684833918,116.0,Comedy,Davis Entertainment,Guy Ritchie,Henry Cavill,8,0,0,646551.724137931,0
80000000.0,18.197537205138154,130.0,Comedy,Gracie Films,James L. Brooks,Adam Sandler,12,0,1,615384.6153846154,0
75000000.0,18.132998684833918,91.0,Animation,Columbia Pictures,Gil Kenan,Ryan Newman,7,0,1,824175.8241758242,0
75000000.0,18.132998684833918,123.0,Action,Cheyenne Enterprises,Barry Levinson,Bruce Willis,10,0,0,609756.0975609756,0
55000000.0,17.822843761378564,134.0,Action,Columbia Pictures Corporation,Jerry Zucker,Sean Connery,7,0,1,410447.7611940298,1
75000000.0,18.132998684833918,110.0,Fantasy,Virgin Produced,Tarsem Singh,Mickey Rourke,11,0,0,681818.1818181818,1
52000000.0,17.76675429577647,113.0,Mystery,Miramax Films,Florent-Emilio Siri,Bruce Willis,3,0,0,460176.99115044245,0
75000000.0,18.132998684833918,94.0,Animation,Twentieth Century Fox Film Corporation,Gary Goldman,Matt Damon,6,0,1,797872.340425532,0
75000000.0,18.132998684833918,116.0,Action,Columbia Pictures,Ron Shelton,Harrison Ford,6,0,1,646551.724137931,0
75000000.0,18.132998684833918,99.0,Action,Impact Pictures,Paul W.S. Anderson,Kurt Russell,10,0,0,757575.7575757576,0
75000000.0,18.132998684833918,93.0,Adventure,Twentieth Century Fox Film Corporation,Henry Selick,Brendan Fraser,2,0,0,806451.6129032258,0
45000000.0,17.622173069956816,113.0,Action,Twentieth Century Fox Film Corporation,John Moore,Dennis Quaid,12,0,1,398230.08849557524,0
75000000.0,18.132998684833918,106.0,Science Fiction,Limited Edition Productions Inc.,M. Night Shyamalan,Bruce Willis,11,0,0,707547.1698113207,1
74000000.0,18.119575664681957,91.0,Family,Universal Pictures,Kyle Balda,Sandra Bullock,6,0,1,813186.8131868131,1
82000000.0,18.22222981742365,110.0,Action,Legendary Pictures,Zack Snyder,Emily Browning,3,0,0,745454.5454545454,0
73000000.0,18.105970012811294,98.0,Crime,Paramount Pictures,Brian De Palma,Nicolas Cage,8,0,0,744897.9591836735,0
75000000.0,18.132998684833918,134.0,Science Fiction,Punch Productions,Barry Levinson,Dustin Hoffman,2,0,0,559701.4925373135,0
73000000.0,18.105970012811294,97.0,Family,Columbia Pictures,Fergal Reilly,Jason Sudeikis,5,0,0,752577.3195876288,1
70000000.0,18.064005814299346,112.0,Romance,De Line Pictures,Andy Tennant,Matthew McConaughey,2,0,0,625000.0,0
75000000.0,18.132998684833918,146.0,Comedy,Columbia Pictures,Judd Apatow,Adam Sandler,7,0,1,513698.6301369863,0
70000000.0,18.064005814299346,110.0,Thriller,Universal Pictures,Peter Berg,Jamie Foxx,8,0,0,636363.6363636364,0
72500000.0,18.099097133618006,116.0,Comedy,Columbia Pictures,Adam McKay,Will Ferrell,8,0,0,625000.0,1
70000000.0,18.064005814299346,87.0,Comedy,Twentieth Century Fox Film Corporation,Steve Carr,Eddie Murphy,6,1,1,804597.7011494252,1
72000000.0,18.09217669086922,177.0,Action,Icon Entertainment International,Mel Gibson,Mel Gibson,5,0,0,406779.66101694916,1
72000000.0,18.09217669086922,125.0,Drama,Universal Pictures,Sam Mendes,Jamie Foxx,11,0,0,576000.0,0
75000000.0,18.132998684833918,87.0,Animation,Gracie Films,David Silverman,Dan Castellaneta,7,0,1,862068.9655172414,1
72000000.0,18.09217669086922,152.0,Drama,Village Roadshow Pictures,Frank Darabont,Jim Carrey,12,0,1,473684.2105263158,0
94000000.0,18.358805350872576,116.0,Action,Epsilon Motion Pictures,Renny Harlin,Kip Pardue,4,0,0,810344.8275862068,0
74500000.0,18.126309696772605,109.0,Adventure,Pathé Renn Productions,Jean-Jacques Annaud,Maï Anh Le,4,0,0,683486.2385321101,0
60000000.0,17.909855136853043,108.0,Drama,Scott Rudin Productions,M. Night Shyamalan,Bryce Dallas Howard,7,0,1,555555.5555555555,1
71000000.0,18.078190449090098,85.0,Comedy,Twentieth Century Fox Film Corporation,Betty Thomas,Eddie Murphy,6,0,1,835294.1176470588,1
72000000.0,18.09217669086922,106.0,Drama,"Kennedy/Marshall Company, The",M. Night Shyamalan,Mel Gibson,8,0,0,679245.283018868,1
150000000.0,18.826145858727198,93.0,Adventure,DreamWorks SKG,Andrew Adamson,Mike Myers,5,1,0,1612903.2258064516,1
120000000.0,18.603002309079653,117.0,Animation,Walt Disney Pictures,John Lasseter,Owen Wilson,6,0,1,1025641.0256410256,1
70000000.0,18.064005814299346,116.0,Comedy,Paramount Pictures,Garry Marshall,Julia Roberts,7,0,1,603448.275862069,1
70000000.0,18.064005814299346,124.0,Action,Columbia Pictures,Rob Cohen,Vin Diesel,8,0,0,564516.1290322581,1
74000000.0,18.119575664681957,93.0,Animation,Paramount Pictures,Paul Tibbitt,Tom Kenny,2,0,0,795698.9247311827,1
80000000.0,18.197537205138154,117.0,Action,Touchstone Pictures,Ron Howard,Mel Gibson,11,0,0,683760.6837606838,1
70000000.0,18.064005814299346,153.0,Drama,Universal Pictures,Quentin Tarantino,Brad Pitt,8,0,0,457516.33986928104,1
70000000.0,18.064005814299346,144.0,Adventure,Amblin Entertainment,Steven Spielberg,Robin Williams,12,0,1,486111.1111111111,1
70000000.0,18.064005814299346,124.0,Action,Twentieth Century Fox Film Corporation,Renny Harlin,Bruce Willis,7,1,1,564516.1290322581,1
80000000.0,18.197537205138154,117.0,Action,Original Film,Clark Johnson,Samuel L. Jackson,8,0,0,683760.6837606838,0
68000000.0,18.035018277846262,136.0,Drama,Paramount Pictures,Cameron Crowe,Tom Cruise,12,0,1,500000.0,1
75000000.0,18.132998684833918,110.0,Drama,Legendary Pictures,M. Night Shyamalan,Paul Giamatti,7,0,1,681818.1818181818,0
70000000.0,18.064005814299346,101.0,Adventure,Impact Pictures,Paul W.S. Anderson,Sanaa Lathan,8,0,0,693069.3069306931,1
75000000.0,18.132998684833918,88.0,Comedy,Regency Enterprises,Betty Thomas,Zachary Levi,12,0,1,852272.7272727273,1
75000000.0,18.132998684833918,138.0,Action,Icon Entertainment International,Randall Wallace,Mel Gibson,3,0,0,543478.2608695652,0
70000000.0,18.064005814299346,120.0,Action,Nu Image Films,Antoine Fuqua,Gerard Butler,3,0,0,583333.3333333334,1
70000000.0,18.064005814299346,103.0,Science Fiction,Paramount Pictures,Jonathan Frakes,Patrick Stewart,12,0,1,679611.6504854369,0
70000000.0,18.064005814299346,116.0,Action,Columbia Pictures,Jonathan Liebesman,Aaron Eckhart,3,0,0,603448.275862069,1
70000000.0,18.064005814299346,125.0,Adventure,Columbia Pictures,Tim Burton,Ewan McGregor,12,0,1,560000.0,0
66000000.0,18.005165315142214,146.0,Drama,DreamWorks SKG,Steven Spielberg,Tom Hiddleston,12,0,1,452054.79452054796,1
70000000.0,18.064005814299346,118.0,War,Columbia Pictures,George Clooney,Matt Damon,1,0,0,593220.3389830509,1
70000000.0,18.064005814299346,139.0,Adventure,Twentieth Century Fox Film Corporation,James Cameron,Ed Harris,8,0,0,503597.12230215827,0
70000000.0,18.064005814299346,133.0,Drama,Twentieth Century Fox Film Corporation,Oliver Stone,Michael Douglas,9,0,0,526315.7894736842,0
70000000.0,18.064005814299346,92.0,Horror,Universal Pictures,Gary Shore,Luke Evans,10,0,0,760869.5652173914,1
70000000.0,18.064005814299346,116.0,Drama,Twentieth Century Fox Film Corporation,Edward Zwick,Denzel Washington,11,0,0,603448.275862069,0
70000000.0,18.064005814299346,127.0,Adventure,Paramount Pictures,Matthew Vaughn,Claire Danes,8,0,0,551181.1023622047,0
70000000.0,18.064005814299346,136.0,Adventure,TriStar Pictures,Jean-Jacques Annaud,Brad Pitt,9,0,0,514705.8823529412,0
70000000.0,18.064005814299346,111.0,Comedy,Imagine Entertainment,Ron Howard,Kevin James,1,0,0,630630.6306306307,0
70000000.0,18.064005814299346,116.0,Action,Jerry Bruckheimer Films,Joel Schumacher,Anthony Hopkins,6,0,1,603448.275862069,0
60000000.0,17.909855136853043,105.0,Adventure,Di Bonaventura Pictures,Andrzej Bartkowiak,Dwayne Johnson,10,0,0,571428.5714285715,0
70000000.0,18.064005814299346,97.0,Action,Columbia Pictures Corporation,Betty Thomas,Eddie Murphy,10,0,0,721649.4845360825,0
70000000.0,18.064005814299346,88.0,Fantasy,Lakeshore Entertainment,Måns Mårlind,Kate Beckinsale,1,0,0,795454.5454545454,1
75000000.0,18.132998684833918,123.0,Comedy,New Line Cinema,Adam Shankman,Julianne Hough,6,0,1,609756.0975609756,0
70000000.0,18.064005814299346,125.0,Drama,David Foster Productions,Gregory Hoblit,Bruce Willis,2,0,0,560000.0,0
66000000.0,18.005165315142214,116.0,Action,Current Entertainment,Gary McKendry,Jason Statham,9,0,0,568965.5172413794,0
70000000.0,18.064005814299346,91.0,Action,Epsilon Motion Pictures,Wych Kaosayananda,Antonio Banderas,9,0,0,769230.7692307692,0
70000000.0,18.064005814299346,97.0,Thriller,Paramount Pictures,Mikael Salomon,Morgan Freeman,1,0,0,721649.4845360825,0
75000000.0,18.132998684833918,95.0,Adventure,Conundrum Entertainment,Bobby Farrelly,Chris Rock,8,0,0,789473.6842105263,0
70000000.0,18.064005814299346,88.0,Animation,Prana Animation Studios,Dan St. Pierre,Lea Michele,6,0,1,795454.5454545454,0
70000000.0,18.064005814299346,133.0,Crime,Universal Pictures,Michael Mann,Chris Hemsworth,1,0,0,526315.7894736842,0
70000000.0,18.064005814299346,107.0,Mystery,Paramount Pictures,Kerry Conran,Jude Law,9,0,0,654205.6074766355,0
70000000.0,18.064005814299346,114.0,Crime,Intermedia Films,Michael Caton-Jones,Sharon Stone,3,1,0,614035.0877192982,0
50000000.0,17.72753358339242,115.0,Action,Summit Entertainment,Mikael Håfström,Sylvester Stallone,10,0,0,434782.60869565216,1
70000000.0,18.064005814299346,99.0,Action,Millennium Films,Renny Harlin,Kellan Lutz,1,0,0,707070.7070707071,0
68000000.0,18.035018277846262,124.0,Thriller,Paramount Pictures,Phil Alden Robinson,Ben Affleck,5,0,0,548387.0967741936,1
68000000.0,18.035018277846262,124.0,Adventure,Summit Entertainment,David Slade,Kristen Stewart,6,0,1,548387.0967741936,1
68000000.0,18.035018277846262,124.0,Action,Paramount Pictures,Frank Oz,Robert De Niro,7,0,1,548387.0967741936,0
69000000.0,18.049617077054286,95.0,Animation,Universal Pictures,Pierre Coffin,Steve Carell,7,0,1,726315.7894736842,1
60000000.0,17.909855136853043,103.0,Action,Columbia Pictures,Joseph Ruben,Wesley Snipes,11,0,0,582524.2718446602,0
68000000.0,18.035018277846262,115.0,Comedy,Universal Pictures,Seth MacFarlane,Mark Wahlberg,6,1,1,591304.3478260869,1
70000000.0,18.064005814299346,127.0,Adventure,Himenóptero,Alejandro Amenábar,Rachel Weisz,5,0,0,551181.1023622047,0
68000000.0,18.035018277846262,121.0,Adventure,Universal Pictures,Kinka Usher,Ben Stiller,8,0,0,561983.4710743802,0
36000000.0,17.399029524198163,105.0,Comedy,New Line Cinema,Bobby Farrelly,Owen Wilson,2,0,0,342857.14285714284,1
90000000.0,18.31532023940565,157.0,Drama,Spyglass Entertainment,Michael Mann,Al Pacino,10,0,0,573248.4076433121,0
80000000.0,18.197537205138154,114.0,Action,Walt Disney Pictures,Craig Gillespie,Chris Pine,1,0,0,701754.3859649122,0
70000000.0,18.064005814299346,128.0,Action,Scott Free Productions,Ridley Scott,Leonardo DiCaprio,10,0,0,546875.0,0
69000000.0,18.049617077054286,114.0,Comedy,Paramount Pictures,Jay Roach,Steve Carell,7,0,1,605263.1578947369,0
69000000.0,18.049617077054286,94.0,Action,Twentieth Century Fox Film Corporation,Timur Bekmambetov,Benjamin Walker,6,0,1,734042.5531914893,0
66000000.0,18.005165315142214,112.0,Romance,Fountainbridge Films,Jon Amiel,Sean Connery,4,0,0,589285.7142857143,1
66000000.0,18.005165315142214,121.0,Mystery,Twentieth Century Fox Film Corporation,Rob Bowman,David Duchovny,6,0,1,545454.5454545454,1
67000000.0,18.020203192280615,102.0,Action,Ingenious Film Partners,Doug Lefler,Colin Firth,4,0,0,656862.7450980392,0
70000000.0,18.064005814299346,169.0,Drama,Paramount Pictures,Steven Spielberg,Tom Hanks,7,0,1,414201.18343195267,1
66000000.0,18.005165315142214,130.0,Action,DreamWorks SKG,Scott Waugh,Aaron Paul,3,0,0,507692.3076923077,1
70000000.0,18.064005814299346,127.0,Comedy,Paramount Pictures,Nancy Meyers,Helen Hunt,12,0,1,551181.1023622047,1
59000000.0,17.893048018819147,81.0,Animation,Twentieth Century Fox Film Corporation,Chris Wedge,Ray Romano,3,0,0,728395.061728395,1
68000000.0,18.035018277846262,136.0,Drama,Village Roadshow Pictures,Lawrence Kasdan,Morgan Freeman,3,0,0,500000.0,0
65000000.0,17.989897843244528,149.0,History,DreamWorks,Steven Spielberg,Daniel Day-Lewis,11,0,0,436241.610738255,1
63000000.0,17.958645300228824,136.0,Action,Village Roadshow Pictures,Lilly Wachowski,Keanu Reeves,3,0,0,463235.29411764705,1
52000000.0,17.76675429577647,140.0,Drama,Imagine Entertainment,Ron Howard,Tom Hanks,6,0,1,371428.5714285714,1
65000000.0,17.989897843244528,104.0,Fantasy,Walt Disney Pictures,Michael Lembeck,Tim Allen,10,1,0,625000.0,1
61000000.0,17.926384438531027,157.0,Drama,Universal Pictures,Tom Hooper,Hugh Jackman,12,0,1,388535.03184713377,1
65000000.0,17.989897843244528,119.0,Comedy,Warner Bros.,Nora Ephron,Tom Hanks,12,0,1,546218.487394958,1
65000000.0,17.989897843244528,98.0,Comedy,Columbia Pictures,Adam McKay,Will Ferrell,7,0,1,663265.306122449,0
95000000.0,18.36938746009113,136.0,Action,Amblin Entertainment,Martin Campbell,Antonio Banderas,7,0,1,698529.4117647059,1
65000000.0,17.989897843244528,95.0,Comedy,Legendary Pictures,Todd Phillips,Robert Downey Jr.,11,0,0,684210.5263157894,1
65000000.0,17.989897843244528,137.0,Drama,Legendary Pictures,Angelina Jolie,Jack O'Connell,12,0,1,474452.5547445255,1
65000000.0,17.989897843244528,130.0,Action,Village Roadshow Pictures,Clint Eastwood,Clint Eastwood,7,0,1,500000.0,0
70000000.0,18.064005814299346,112.0,Action,TriStar Pictures,Renny Harlin,Sylvester Stallone,5,0,0,625000.0,1
50000000.0,17.72753358339242,108.0,Action,Twentieth Century Fox Film Corporation,John Woo,John Travolta,2,0,0,462962.962962963,1
65000000.0,17.989897843244528,104.0,Fantasy,Walt Disney Pictures,Jon Turteltaub,Bruce Willis,7,0,1,625000.0,0
63000000.0,17.958645300228824,128.0,Drama,Paramount Pictures,Oliver Stone,Nicolas Cage,8,0,0,492187.5,1
65000000.0,17.989897843244528,83.0,Comedy,Paramount Pictures,Larry Charles,Sacha Baron Cohen,5,0,0,783132.530120482,1
65000000.0,17.989897843244528,159.0,Mystery,Hobby Films,Stanley Kubrick,Tom Cruise,7,0,1,408805.0314465409,1
65000000.0,17.989897843244528,119.0,Comedy,Columbia Pictures,Will Gluck,Quvenzhané Wallis,12,0,1,546218.487394958,1
50100000.0,17.729531586015174,105.0,Romance,Kramer & Sigman Films,Glenn Ficarra,Will Smith,2,0,0,477142.85714285716,1
65000000.0,17.989897843244528,103.0,Action,Dune Entertainment,McG,Reese Witherspoon,2,0,0,631067.9611650485,1
65000000.0,17.989897843244528,123.0,Science Fiction,New Line Cinema,David S. Goyer,Wesley Snipes,12,0,1,528455.2845528455,0
4200000.0,15.250595321348806,114.0,Action,United Artists,John Milius,Patrick Swayze,8,0,0,36842.10526315789,1
65000000.0,17.989897843244528,95.0,Action,Davis-Films,Paul W.S. Anderson,Milla Jovovich,9,1,0,684210.5263157894,1
45000000.0,17.622173069956816,105.0,Action,Universal Pictures,Paul W.S. Anderson,Jason Statham,8,0,0,428571.4285714286,0
65000000.0,17.989897843244528,120.0,Crime,New Line Cinema,Renny Harlin,Geena Davis,10,0,0,541666.6666666666,0
65000000.0,17.989897843244528,101.0,Family,Columbia Pictures Corporation,Jon Favreau,Jonah Bobo,11,0,0,643564.3564356435,0
63000000.0,17.958645300228824,139.0,Drama,Regency Enterprises,David Fincher,Edward Norton,10,0,0,453237.41007194243,0
65000000.0,17.989897843244528,124.0,Drama,Legendary Pictures,McG,Matthew McConaughey,12,0,1,524193.5483870968,0
65000000.0,17.989897843244528,100.0,Action,TriStar Pictures,Michael Lehmann,Bruce Willis,5,0,0,650000.0,0
65000000.0,17.989897843244528,92.0,Horror,Lakeshore Entertainment,Stuart Beattie,Aaron Eckhart,1,0,0,706521.7391304348,0
50000000.0,17.72753358339242,130.0,Crime,R.P. Productions,Roman Polanski,Barney Clark,9,0,0,384615.3846153846,0
43000000.0,17.57671069691365,97.0,Action,Twentieth Century Fox Film Corporation,Rob Bowman,Jennifer Garner,1,0,0,443298.96907216497,0
65000000.0,17.989897843244528,102.0,Crime,Miramax Films,Robert Rodriguez,Mickey Rourke,8,0,0,637254.9019607843,0
64000000.0,17.974393656948944,133.0,Drama,Columbia Pictures,Sydney Pollack,Harrison Ford,10,0,0,481203.007518797,0
55000000.0,17.822843761378564,121.0,Adventure,Universal Pictures,Baltasar Kormákur,Jason Clarke,9,0,0,454545.45454545453,1
50000000.0,17.72753358339242,147.0,Crime,Davis-Films,Tom Tykwer,Ben Whishaw,9,0,0,340136.0544217687,1
63000000.0,17.958645300228824,94.0,Comedy,New Line Cinema,Jay Roach,Mike Myers,7,0,1,670212.7659574468,1
65000000.0,17.989897843244528,94.0,Animation,The Weinstein Company,David Bowers,Nicolas Cage,10,0,0,691489.3617021276,0
63000000.0,17.958645300228824,127.0,Adventure,Universal Pictures,Steven Spielberg,Sam Neill,6,0,1,496062.9921259842,1
63000000.0,17.958645300228824,191.0,Drama,Tig Productions,Lawrence Kasdan,Kevin Costner,6,0,1,329842.9319371728,0
62000000.0,17.9426449591384,141.0,Action,Paramount Pictures,Phillip Noyce,Harrison Ford,8,0,0,439716.3120567376,1
65000000.0,17.989897843244528,127.0,Action,Shanghai Film Group,Daniel Lee,Jackie Chan,2,0,0,511811.0236220473,0
64000000.0,17.974393656948944,98.0,Comedy,Revolution Studios,Keenen Ivory Wayans,Marlon Wayans,8,0,0,653061.224489796,0
62000000.0,17.9426449591384,116.0,Action,Universal Pictures,Jonathan Mostow,Matthew McConaughey,4,0,0,534482.7586206896,1
62000000.0,17.9426449591384,106.0,Comedy,Columbia Pictures,Rob Reiner,Michael Douglas,11,0,0,584905.6603773584,0
62000000.0,17.9426449591384,87.0,Comedy,Paramount Pictures,Marco Schnabel,Mike Myers,6,0,1,712643.6781609196,0
62000000.0,17.9426449591384,125.0,Action,Franchise Pictures,Demian Lichtenstein,Kurt Russell,2,0,0,496000.0,0
44000000.0,17.599700214609808,167.0,Crime,Double Feature Films,Quentin Tarantino,Samuel L. Jackson,12,0,1,263473.0538922156,1
63000000.0,17.958645300228824,95.0,Animation,Universal Pictures,Tim Hill,Russell Brand,3,0,0,663157.8947368421,1
65000000.0,17.989897843244528,117.0,Action,Virtual Studios,Zack Snyder,Gerard Butler,12,0,1,555555.5555555555,1
80000000.0,18.197537205138154,115.0,Comedy,DreamWorks SKG,Jay Roach,Ben Stiller,12,0,1,695652.1739130435,1
60000000.0,17.909855136853043,115.0,Comedy,Sunswept Entertainment,David Frankel,Owen Wilson,12,0,1,521739.1304347826,1
60000000.0,17.909855136853043,189.0,Fantasy,Castle Rock Entertainment,Frank Darabont,Tom Hanks,12,0,1,317460.31746031746,1
150000000.0,18.826145858727198,81.0,Animation,Walt Disney Pictures,Mark Dindal,Zach Braff,11,0,0,1851851.851851852,1
61000000.0,17.926384438531027,145.0,Mystery,Twentieth Century Fox Film Corporation,David Fincher,Ben Affleck,10,0,0,420689.6551724138,1
60000000.0,17.909855136853043,119.0,Action,Universal Pictures,Doug Liman,Matt Damon,6,0,1,504201.6806722689,1
58000000.0,17.87595358575207,130.0,Adventure,United Artists,Martin Campbell,Pierce Brosnan,11,0,0,446153.8461538461,1
60000000.0,17.909855136853043,116.0,Crime,Paramount Pictures,Simon West,John Travolta,6,0,1,517241.3793103448,1
60000000.0,17.909855136853043,103.0,Comedy,Paramount Pictures,Peter Weir,Jim Carrey,6,0,1,582524.2718446602,1
70000000.0,18.064005814299346,99.0,Adventure,DreamWorks SKG,Simon Wells,Val Kilmer,12,0,1,707070.7070707071,1
60000000.0,17.909855136853043,92.0,Comedy,Columbia Pictures,Steve Carr,Eddie Murphy,5,0,0,652173.9130434783,1
61000000.0,17.926384438531027,109.0,Action,Universal Studios,Baltasar Kormákur,Denzel Washington,8,1,0,559633.0275229358,1
60000000.0,17.909855136853043,87.0,Comedy,Village Roadshow Pictures,Lawrence Guterman,Jeff Goldblum,7,0,1,689655.1724137932,0
60000000.0,17.909855136853043,110.0,Action,De Line Pictures,F. Gary Gray,Mark Wahlberg,5,0,0,545454.5454545454,1
60000000.0,17.909855136853043,101.0,Romance,Village Roadshow Pictures,Marc Lawrence,Sandra Bullock,12,0,1,594059.405940594,0
60000000.0,17.909855136853043,83.0,Adventure,DreamWorks SKG,Eric Darnell,Woody Allen,10,0,0,722891.5662650602,1
70000000.0,18.064005814299346,113.0,Comedy,Universal Pictures,Peter Billingsley,Vince Vaughn,9,0,0,619469.0265486726,1
60000000.0,17.909855136853043,107.0,Adventure,Paramount Pictures,Tony Scott,Tom Cruise,6,0,1,560747.6635514018,1
60000000.0,17.909855136853043,94.0,Comedy,Twentieth Century Fox Film Corporation,Adam Shankman,Steve Martin,12,1,1,638297.8723404255,1
61000000.0,17.926384438531027,132.0,Action,Gotham Group,Wes Ball,Dylan O'Brien,9,0,0,462121.2121212121,1
60000000.0,17.909855136853043,133.0,Drama,Columbia Pictures,Ryan Murphy,Julia Roberts,8,0,0,451127.8195488722,1
58000000.0,17.87595358575207,111.0,Action,DC Comics,Robert Schwentke,Bruce Willis,10,0,0,522522.52252252254,0
55000000.0,17.822843761378564,163.0,Drama,Donners' Company,Oliver Stone,Al Pacino,12,0,1,337423.3128834356,0
60000000.0,17.909855136853043,170.0,Drama,Wildwood Enterprises,Robert Redford,Robert Redford,5,0,0,352941.17647058825,1
65000000.0,17.989897843244528,120.0,Drama,Paramount Pictures,Michael Mann,Tom Cruise,8,0,0,541666.6666666666,1
60000000.0,17.909855136853043,92.0,Action,Universal Pictures,Chuck Russell,Dwayne Johnson,4,0,0,652173.9130434783,1
60000000.0,17.909855136853043,115.0,Drama,Casey Silver Productions,Jay Russell,Joaquin Phoenix,10,0,0,521739.1304347826,0
60000000.0,17.909855136853043,130.0,Crime,Paramount Pictures,Christopher McQuarrie,Tom Cruise,12,0,1,461538.46153846156,1
60000000.0,17.909855136853043,105.0,Action,Village Roadshow Pictures,Renny Harlin,Thomas Jane,7,0,1,571428.5714285715,0
60000000.0,17.909855136853043,106.0,Drama,Double Feature Films,Steven Soderbergh,Matt Damon,9,0,0,566037.7358490566,1
60000000.0,17.909855136853043,100.0,Animation,Focus Features,Henry Selick,Dakota Fanning,2,0,0,600000.0,1
60000000.0,17.909855136853043,91.0,Thriller,Spyglass Entertainment,M. Night Shyamalan,Mark Wahlberg,6,0,1,659340.6593406594,1
70000000.0,18.064005814299346,146.0,Action,Regency Enterprises,Tony Scott,Denzel Washington,4,0,0,479452.05479452055,0
50000000.0,17.72753358339242,98.0,Comedy,Walt Disney Pictures,Brian Robbins,Tim Allen,3,0,0,510204.0816326531,0
60000000.0,17.909855136853043,101.0,Comedy,Weed Road Pictures,Todd Phillips,Ben Stiller,3,0,0,594059.405940594,1
60000000.0,17.909855136853043,89.0,Family,Twentieth Century Fox Film Corporation,Brian Levant,Arnold Schwarzenegger,11,0,0,674157.3033707865,1
66000000.0,18.005165315142214,122.0,Fantasy,Revolution Studios,Guillermo del Toro,Ron Perlman,4,0,0,540983.606557377,0
70000000.0,18.064005814299346,115.0,Drama,Paramount Pictures,Steven Zaillian,John Travolta,3,0,0,608695.6521739131,0
60000000.0,17.909855136853043,90.0,Family,Focus Features,Sam Fell,Kodi Smit-McPhee,8,0,0,666666.6666666666,0
60000000.0,17.909855136853043,124.0,Action,Universal Pictures,Michael Caton-Jones,Bruce Willis,11,0,0,483870.96774193546,1
60000000.0,17.909855136853043,119.0,Action,Paramount Pictures,John Woo,Ben Affleck,12,0,1,504201.6806722689,0
60000000.0,17.909855136853043,93.0,Adventure,Larger Than Life Productions,Robert Stevenhagen,Matthew Broderick,12,0,1,645161.2903225806,0
60000000.0,17.909855136853043,100.0,Action,Regency Enterprises,Geoff Murphy,Steven Seagal,7,1,1,600000.0,0
60000000.0,17.909855136853043,105.0,Action,Paramount Pictures,Kenneth Branagh,Chris Pine,1,0,0,571428.5714285715,0
60000000.0,17.909855136853043,124.0,Drama,Fox 2000 Pictures,David O. Russell,Jennifer Lawrence,12,0,1,483870.96774193546,0
60000000.0,17.909855136853043,99.0,Action,Millennium Films,Babak Najafi,Gerard Butler,3,0,0,606060.6060606061,1
70000000.0,18.064005814299346,109.0,Science Fiction,Twentieth Century Fox Film Corporation,Jean-Pierre Jeunet,Sigourney Weaver,11,1,0,642201.8348623853,1
61000000.0,17.926384438531027,124.0,Action,Paramount Pictures,Antoine Fuqua,Mark Wahlberg,3,0,0,491935.48387096776,0
60000000.0,17.909855136853043,97.0,Animation,Laika Entertainment,Anthony Stacchi,Ben Kingsley,9,0,0,618556.7010309278,0
75000000.0,18.132998684833918,104.0,Drama,Village Roadshow Pictures,Griffin Dunne,Sandra Bullock,10,0,0,721153.8461538461,0
60000000.0,17.909855136853043,100.0,Adventure,Village Roadshow Pictures,Phil Lord,Chris Pratt,2,0,0,600000.0,1
60000000.0,17.909855136853043,101.0,Adventure,The Zanuck Company,Rob Bowman,Christian Bale,7,0,1,594059.405940594,0
60000000.0,17.909855136853043,113.0,Crime,Village Roadshow Pictures,Ruben Fleischer,Josh Brolin,1,0,0,530973.4513274336,0
60000000.0,17.909855136853043,97.0,Comedy,Columbia Pictures,Harold Ramis,Jack Black,6,0,1,618556.7010309278,0
60000000.0,17.909855136853043,134.0,Drama,Spyglass Entertainment,Clint Eastwood,Morgan Freeman,12,0,1,447761.19402985077,1
60000000.0,17.909855136853043,127.0,Action,Universal Pictures,Kevin Macdonald,Russell Crowe,4,0,0,472440.94488188974,0
78146652.0,18.174097786019544,125.0,Romance,Universal Pictures,Tony Gilroy,Clive Owen,3,0,0,625173.216,0
65000000.0,17.989897843244528,94.0,Comedy,Walt Disney Pictures,Donald Petrie,Jeff Daniels,2,0,0,691489.3617021276,0
60000000.0,17.909855136853043,108.0,Action,Twentieth Century Fox Film Corporation,Clark Johnson,Michael Douglas,4,0,0,555555.5555555555,0
70000000.0,18.064005814299346,91.0,Science Fiction,TriStar Pictures,Jorge Blanco,Dwayne Johnson,11,0,0,769230.7692307692,0
60000000.0,17.909855136853043,117.0,Science Fiction,Paramount Pictures,Stuart Baird,Patrick Stewart,12,0,1,512820.5128205128,0
60000000.0,17.909855136853043,100.0,Crime,Imagine Entertainment,Joel Coen,George Clooney,9,0,0,600000.0,0
80000000.0,18.197537205138154,117.0,Crime,Icon Productions,Martin Campbell,Mel Gibson,1,0,0,683760.6837606838,0
60000000.0,17.909855136853043,110.0,Horror,Paramount Pictures,Peter Hyams,Penelope Ann Miller,1,0,0,545454.5454545454,0
60000000.0,17.909855136853043,96.0,Comedy,Village Roadshow Pictures,Harold Ramis,Robert De Niro,12,0,1,625000.0,0
60000000.0,17.909855136853043,101.0,Action,Grosvenor Park Media Ltd.,Jon Avnet,Robert De Niro,9,0,0,594059.405940594,0
60000000.0,17.909855136853043,109.0,Drama,DreamWorks,Joe Wright,Robert Downey Jr.,4,0,0,550458.7155963302,0
80000000.0,18.197537205138154,126.0,Fantasy,DreamWorks SKG,Robert Redford,Matt Damon,11,0,0,634920.6349206349,0
60000000.0,17.909855136853043,122.0,Drama,Columbia Pictures,Cameron Crowe,Kate Hudson,9,0,0,491803.2786885246,0
60000000.0,17.909855136853043,101.0,Action,Original Film,Lee Tamahori,Ice Cube,4,0,0,594059.405940594,0
60000000.0,17.909855136853043,87.0,Action,Screen Gems,Scott Stewart,Paul Bettany,5,0,0,689655.1724137932,0
60000000.0,17.909855136853043,86.0,Family,DreamWorks Animation,Tim Johnson,Brad Pitt,7,0,1,697674.4186046511,0
60000000.0,17.909855136853043,96.0,Horror,Paramount Pictures,Paul W.S. Anderson,Laurence Fishburne,8,0,0,625000.0,0
60000000.0,17.909855136853043,104.0,Drama,Universal Pictures,Tom Shadyac,Kevin Costner,2,0,0,576923.0769230769,0
50000000.0,17.72753358339242,121.0,Drama,Universal Pictures,Brian De Palma,Josh Hartnett,9,0,0,413223.14049586776,0
60000000.0,17.909855136853043,140.0,Action,Ingenious Film Partners,Tony Bill,James Franco,9,0,0,428571.4285714286,0
72000000.0,18.09217669086922,131.0,Action,DreamWorks SKG,Rod Lurie,Robert Redford,10,0,0,549618.320610687,0
90000000.0,18.31532023940565,91.0,Horror,United Artists,Walter Hill,James Spader,1,0,0,989010.989010989,0
60000000.0,17.909855136853043,118.0,Drama,Village Roadshow Pictures,Akiva Goldsman,Colin Farrell,2,0,0,508474.57627118647,0
60000000.0,17.909855136853043,130.0,Action,Constantin Film Produktion,Harald Zwart,Lily Collins,8,0,0,461538.46153846156,0
60000000.0,17.909855136853043,90.0,Comedy,Twentieth Century Fox Film Corporation,Brian Robbins,Eddie Murphy,7,0,1,666666.6666666666,0
30000000.0,17.216707972959764,105.0,Drama,Vertigo Entertainment,Walter Salles,Jennifer Connelly,6,0,1,285714.28571428574,0
60000000.0,17.909855136853043,106.0,Adventure,New Line Cinema,Iain Softley,Brendan Fraser,12,0,1,566037.7358490566,0
60000000.0,17.909855136853043,103.0,Action,DC Comics,Frank Miller,Gabriel Macht,12,0,1,582524.2718446602,0
60000000.0,17.909855136853043,106.0,Comedy,Lionsgate,David Koepp,Johnny Depp,1,0,0,566037.7358490566,0
68490000.0,18.04219832177476,120.0,Action,Filmko Pictures,Soi Cheang,Aaron Kwok,1,1,0,570750.0,1
80000000.0,18.197537205138154,132.0,Action,Lawrence Bender Productions,John Dahl,Benjamin Bratt,8,0,0,606060.6060606061,0
58000000.0,17.87595358575207,108.0,Action,Twentieth Century Fox Film Corporation,Tim Miller,Ryan Reynolds,2,0,0,537037.0370370371,1
58800000.0,17.889652429875657,133.0,War,Village Roadshow Pictures,Clint Eastwood,Bradley Cooper,12,0,1,442105.2631578947,1
58000000.0,17.87595358575207,103.0,Adventure,Columbia Pictures,Rob Letterman,Jack Black,8,0,0,563106.7961165048,1
58000000.0,17.87595358575207,95.0,Comedy,DreamWorks SKG,Mark Waters,Reese Witherspoon,9,0,0,610526.3157894737,0
83000000.0,18.234351177809064,90.0,Science Fiction,Universal Pictures,Brian Levant,Mark Addy,4,0,0,922222.2222222222,0
63000000.0,17.958645300228824,102.0,Action,TriStar Pictures,Peter MacDonald,Sylvester Stallone,5,0,0,617647.0588235294,1
58000000.0,17.87595358575207,114.0,Comedy,Universal Pictures,George Clooney,George Clooney,3,0,0,508771.9298245614,0
58000000.0,17.87595358575207,103.0,Comedy,Columbia Pictures,Marc Lawrence,Hugh Grant,12,0,1,563106.7961165048,0
58000000.0,17.87595358575207,119.0,Comedy,Twentieth Century Fox Film Corporation,Shawn Levy,Owen Wilson,6,0,1,487394.9579831933,0
60000000.0,17.909855136853043,97.0,Action,Impact Pictures,Paul W.S. Anderson,Milla Jovovich,9,0,0,618556.7010309278,1
58000000.0,17.87595358575207,125.0,Drama,Lucasfilm,Anthony Hemingway,Bryan Cranston,1,0,0,464000.0,0
57000000.0,17.858561843342684,144.0,Drama,Regency Enterprises,Taylor Hackford,Keanu Reeves,10,0,0,395833.3333333333,1
70000000.0,18.064005814299346,116.0,Comedy,Columbia Pictures,Sean Anders,Adam Sandler,6,0,1,603448.275862069,0
57000000.0,17.858561843342684,103.0,Fantasy,Universal Pictures,Rob Cohen,Dennis Quaid,5,0,0,553398.0582524271,1
60000000.0,17.909855136853043,97.0,Action,New Line Cinema,Brett Ratner,Pierce Brosnan,11,0,0,618556.7010309278,0
57000000.0,17.858561843342684,95.0,Action,Columbia Pictures,Brian Taylor,Nicolas Cage,12,0,1,600000.0,1
57000000.0,17.858561843342684,131.0,Drama,Miramax Films,John Madden,Nicolas Cage,8,0,0,435114.5038167939,0
56000000.0,17.840862266556567,95.0,Action,Walt Disney Pictures,Adam Shankman,Vin Diesel,3,0,0,589473.6842105263,1
56000000.0,17.840862266556567,86.0,Adventure,Metro-Goldwyn-Mayer (MGM),Kevin Bray,Dwayne Johnson,4,0,0,651162.7906976744,0
55000000.0,17.822843761378564,142.0,Comedy,Paramount Pictures,Robert Zemeckis,Tom Hanks,7,0,1,387323.94366197183,1
60000000.0,17.909855136853043,92.0,Comedy,Dune Entertainment,Tim Hill,Jason Lee,12,0,1,652173.9130434783,1
55000000.0,17.822843761378564,108.0,Comedy,DreamWorks SKG,Jay Roach,Ben Stiller,10,0,0,509259.25925925927,1
55000000.0,17.822843761378564,81.0,Adventure,Walt Disney Pictures,Mike Gabriel,Irene Bedard,6,0,1,679012.3456790124,1
55000000.0,17.822843761378564,143.0,Action,Warner Bros.,Richard Donner,Christopher Reeve,12,0,1,384615.3846153846,1
54000000.0,17.804494623047066,95.0,Fantasy,Imagine Entertainment,Tom Shadyac,Eddie Murphy,6,0,1,568421.052631579,1
70000000.0,18.064005814299346,118.0,Comedy,Columbia Pictures Corporation,Andy Tennant,Will Smith,2,0,0,593220.3389830509,1
55000000.0,17.822843761378564,103.0,Comedy,Universal Pictures,Jesse Dylan,Jason Biggs,8,0,0,533980.5825242718,1
55000000.0,17.822843761378564,134.0,Action,Columbia Pictures,Paul Greengrass,Tom Hanks,10,0,0,410447.7611940298,0
55000000.0,17.822843761378564,97.0,Comedy,Twentieth Century Fox Film Corporation,Shawn Levy,Tina Fey,4,0,0,567010.3092783506,1
50000000.0,17.72753358339242,100.0,Fantasy,Universal Pictures,Brad Silberling,Christina Ricci,5,0,0,500000.0,1
55000000.0,17.822843761378564,132.0,Thriller,Columbia Pictures,Antoine Fuqua,Denzel Washington,9,0,0,416666.6666666667,1
55000000.0,17.822843761378564,105.0,Comedy,Red Om Films,Wayne Wang,Jennifer Lopez,12,0,1,523809.5238095238,1
53000000.0,17.78580249038432,116.0,Action,Hollywood Pictures,Tony Scott,Denzel Washington,5,0,0,456896.5517241379,1
55000000.0,17.822843761378564,117.0,Drama,Columbia Pictures Corporation,Gabriele Muccino,Will Smith,12,0,1,470085.47008547006,1
55000000.0,17.822843761378564,98.0,Thriller,Imagine Entertainment,Robert Schwentke,Jodie Foster,9,0,0,561224.4897959183,1
55000000.0,17.822843761378564,123.0,Drama,Warner Bros.,Barry Levinson,Michael Douglas,12,0,1,447154.47154471546,1
55000000.0,17.822843761378564,114.0,Drama,Atlas Entertainment,Brad Silberling,Nicolas Cage,4,0,0,482456.1403508772,1
30000000.0,17.216707972959764,111.0,Action,Miramax Films,Quentin Tarantino,Uma Thurman,10,0,0,270270.2702702703,1
30000000.0,17.216707972959764,136.0,Action,Miramax Films,Quentin Tarantino,Uma Thurman,4,1,0,220588.23529411765,1
55000000.0,17.822843761378564,104.0,Action,Warner Bros.,Andrei Konchalovsky,Sylvester Stallone,12,0,1,528846.1538461539,0
55000000.0,17.822843761378564,104.0,Fantasy,Universal Pictures,Robert Zemeckis,Meryl Streep,7,0,1,528846.1538461539,1
55000000.0,17.822843761378564,110.0,Adventure,Spyglass Entertainment,Tom Dey,Jackie Chan,5,0,0,500000.0,0
55000000.0,17.822843761378564,133.0,Action,Silver Pictures,Stuart Baird,Kurt Russell,3,0,0,413533.83458646614,1
55000000.0,17.822843761378564,94.0,Comedy,Twentieth Century Fox Film Corporation,Mark Waters,Jim Carrey,6,0,1,585106.3829787234,1
55000000.0,17.822843761378564,104.0,Action,Casey Silver Productions,Rob Minkoff,Jackie Chan,4,0,0,528846.1538461539,1
55000000.0,17.822843761378564,91.0,Animation,Reel FX Creative Studios,Jimmy Hayward,Owen Wilson,10,0,0,604395.6043956043,1
50000000.0,17.72753358339242,114.0,Science Fiction,Twentieth Century Fox Film Corporation,David Fincher,Sigourney Weaver,5,1,0,438596.49122807017,1
55000000.0,17.822843761378564,134.0,History,Hollywood Pictures,Alan Parker,Madonna,12,0,1,410447.7611940298,1
55000000.0,17.822843761378564,122.0,Action,United Artists,John Frankenheimer,Robert De Niro,9,0,0,450819.6721311475,0
50000000.0,17.72753358339242,109.0,Adventure,Constellation Films,Stephen Hopkins,Michael Douglas,10,0,0,458715.59633027524,0
55000000.0,17.822843761378564,95.0,Family,The Weinstein Company,Paul King,Nicole Kidman,11,0,0,578947.3684210526,1
68000000.0,18.035018277846262,98.0,Comedy,Ingenious Film Partners,Akiva Schaffer,Ben Stiller,7,0,1,693877.5510204082,0
55000000.0,17.822843761378564,94.0,Drama,Lakeshore Entertainment,William Friedkin,Tommy Lee Jones,3,0,0,585106.3829787234,0
55000000.0,17.822843761378564,118.0,Comedy,Twentieth Century Fox Film Corporation,Bobby Farrelly,Matt Damon,12,0,1,466101.69491525425,0
60000000.0,17.909855136853043,88.0,Animation,Columbia Pictures,Peter Lord,Hugh Grant,3,0,0,681818.1818181818,0
55000000.0,17.822843761378564,141.0,Crime,Imagine Entertainment,Clint Eastwood,Angelina Jolie,1,0,0,390070.9219858156,1
50000000.0,17.72753358339242,107.0,Action,Twentieth Century Fox Film Corporation,Andrew Davis,Keanu Reeves,8,0,0,467289.7196261682,0
55000000.0,17.822843761378564,116.0,Drama,TriStar Pictures,Tony Scott,Robert De Niro,8,0,0,474137.9310344828,0
70000000.0,18.064005814299346,143.0,Thriller,Odyssey Entertainment,Joel Schumacher,Gerard Butler,12,0,1,489510.4895104895,1
55000000.0,17.822843761378564,114.0,Drama,Universal Pictures,Shekhar Kapur,Cate Blanchett,9,0,0,482456.1403508772,0
62000000.0,17.9426449591384,93.0,Action,Paramount Pictures,Karyn Kusama,Charlize Theron,11,0,0,666666.6666666666,0
56000000.0,17.840862266556567,214.0,Drama,Warner Bros. Pictures,Ronald F. Maxwell,Stephen Lang,2,0,0,261682.2429906542,0
55000000.0,17.822843761378564,100.0,Action,Metro-Goldwyn-Mayer (MGM),Robert Butler,Ray Liotta,1,0,0,550000.0,0
50000000.0,17.72753358339242,112.0,Comedy,Buena Vista,James Bobin,Ricky Gervais,3,0,0,446428.5714285714,0
57000000.0,17.858561843342684,95.0,Action,Studio Canal,Jonathan Frakes,Brady Corbet,7,0,1,600000.0,0
55000000.0,17.822843761378564,119.0,Drama,Bedford Falls Productions,Steve Antin,Cher,11,0,0,462184.87394957984,0
2000000.0,14.508658238524095,153.0,Drama,Seven Arts Productions,Stanley Kubrick,James Mason,6,0,1,13071.8954248366,1
55000000.0,17.822843761378564,96.0,Action,Universal Pictures,Jim Gillespie,Sylvester Stallone,1,0,0,572916.6666666666,0
54000000.0,17.804494623047066,117.0,Fantasy,New Line Cinema,Guillermo del Toro,Wesley Snipes,3,0,0,461538.46153846156,1
55000000.0,17.822843761378564,123.0,Drama,Columbia Pictures,Gabriele Muccino,Will Smith,12,0,1,447154.47154471546,1
55000000.0,17.822843761378564,92.0,Action,Dark Castle Entertainment,Walter Hill,Sylvester Stallone,1,0,0,597826.0869565217,0
54000000.0,17.804494623047066,162.0,Crime,Paramount Pictures,Francis Ford Coppola,Al Pacino,12,0,1,333333.3333333333,1
57000000.0,17.858561843342684,123.0,Comedy,Paramount Pictures,Cameron Crowe,Orlando Bloom,10,0,0,463414.6341463415,0
54000000.0,17.804494623047066,108.0,Comedy,Universal Pictures,Anthony Russo,Kate Hudson,7,0,1,500000.0,1
54000000.0,17.804494623047066,127.0,Action,Warner Bros.,Richard Lester,Gene Hackman,12,1,1,425196.85039370076,1
54000000.0,17.804494623047066,121.0,Drama,City Light Films,Martin Brest,Ben Affleck,8,0,0,446280.9917355372,0
55000000.0,17.822843761378564,125.0,Drama,Columbia Pictures Corporation,Steven Zaillian,Sean Penn,9,0,0,440000.0,0
46000000.0,17.6441519761925,99.0,Action,Paramount Pictures,John Singleton,Samuel L. Jackson,6,0,1,464646.4646464646,1
53000000.0,17.78580249038432,94.0,Animation,Twentieth Century Fox Film Corporation,Gary Goldman,Meg Ryan,11,0,0,563829.7872340425,1
52500000.0,17.77632374660947,127.0,Drama,Bazmark Films,Baz Luhrmann,Nicole Kidman,3,0,0,413385.82677165355,1
75000000.0,18.132998684833918,89.0,Mystery,Paramount Pictures,Harold Becker,John Travolta,10,0,0,842696.6292134832,0
53000000.0,17.78580249038432,122.0,Crime,Infinitum Nihil,Scott Cooper,Johnny Depp,9,0,0,434426.2295081967,0
90000000.0,18.31532023940565,132.0,War,DreamWorks SKG,Clint Eastwood,Ryan Phillippe,10,0,0,681818.1818181818,0
53000000.0,17.78580249038432,109.0,Drama,"Film Department, The",F. Gary Gray,Jamie Foxx,10,0,0,486238.53211009176,1
67000000.0,18.020203192280615,191.0,Thriller,Big Talk Productions,Robert Rodriguez,Kurt Russell,4,0,0,350785.3403141361,0
52000000.0,17.76675429577647,141.0,Drama,Kemp Company,Steven Spielberg,Leonardo DiCaprio,12,0,1,368794.3262411347,1
40000000.0,17.50439003707821,157.0,Thriller,Columbia Pictures,Kathryn Bigelow,Jessica Chastain,12,0,1,254777.07006369426,1
52000000.0,17.76675429577647,106.0,Romance,Universal Pictures,Peyton Reed,Vince Vaughn,6,0,1,490566.03773584904,1
52000000.0,17.76675429577647,108.0,Comedy,Universal Pictures,Phyllida Lloyd,Meryl Streep,7,0,1,481481.48148148146,1
52000000.0,17.76675429577647,125.0,Comedy,New Line Cinema,Garry Marshall,Jessica Alba,2,0,0,416000.0,1
50000000.0,17.72753358339242,104.0,Action,Village Roadshow Pictures,Jay Chandrasekhar,Johnny Knoxville,8,0,0,480769.23076923075,1
52000000.0,17.76675429577647,170.0,Drama,Fox 2000 Pictures,Terrence Malick,Sean Penn,12,0,1,305882.35294117645,0
52000000.0,17.76675429577647,112.0,Comedy,Universal Pictures,David Dobkin,Olivia Wilde,8,0,0,464285.71428571426,0
82000000.0,18.22222981742365,118.0,Comedy,Mutual Film Company,Miloš Forman,Jim Carrey,12,0,1,694915.2542372881,0
52000000.0,17.76675429577647,178.0,Drama,Universal Pictures,Martin Scorsese,Robert De Niro,11,0,0,292134.8314606742,1
52000000.0,17.76675429577647,92.0,Action,Apipoulaï,Pierre Morel,John Travolta,2,0,0,565217.3913043478,0
51000000.0,17.747336210296442,116.0,Comedy,Twentieth Century Fox Film Corporation,Bobby Farrelly,Jim Carrey,6,0,1,439655.1724137931,1
51000000.0,17.747336210296442,90.0,Animation,Paramount Pictures,Steve Oedekerk,Courteney Cox,8,0,0,566666.6666666666,0
50000000.0,17.72753358339242,130.0,Adventure,Summit Entertainment,Chris Weitz,Kristen Stewart,3,0,0,384615.3846153846,1
60000000.0,17.909855136853043,90.0,Adventure,DreamWorks SKG,Andrew Adamson,Mike Myers,5,0,0,666666.6666666666,1
50200000.0,17.731525604582277,106.0,Science Fiction,Universal Pictures,George Nolfi,Matt Damon,3,0,0,473584.90566037735,1
48000000.0,17.6867115897055,143.0,Adventure,Warner Bros.,Kevin Reynolds,Kevin Costner,6,0,1,335664.33566433564,1
50000000.0,17.72753358339242,139.0,Comedy,Gracie Films,Cameron Crowe,Tom Cruise,12,0,1,359712.23021582735,1
50000000.0,17.72753358339242,106.0,Comedy,Universal Pictures,Seth MacFarlane,Mark Wahlberg,6,0,1,471698.11320754717,1
50000000.0,17.72753358339242,139.0,Comedy,Gracie Films,James L. Brooks,Jack Nicholson,12,0,1,359712.23021582735,1
50000000.0,17.72753358339242,115.0,Comedy,Universal Pictures,Tom Shadyac,Robin Williams,12,0,1,434782.60869565216,1
50000000.0,17.72753358339242,119.0,Comedy,Paramount Pictures,Adam McKay,Will Ferrell,12,1,1,420168.06722689077,1
50000000.0,17.72753358339242,96.0,Comedy,New Line Cinema,Steven Brill,Adam Sandler,6,0,1,520833.3333333333,1
50000000.0,17.72753358339242,112.0,Thriller,Paramount Pictures,J.J. Abrams,Joel Courtney,6,1,1,446428.5714285714,1
52000000.0,17.76675429577647,131.0,Drama,Jersey Films,Steven Soderbergh,Julia Roberts,3,0,0,396946.56488549616,1
50000000.0,17.72753358339242,116.0,Comedy,Paramount Pictures,Donald Petrie,Kate Hudson,2,0,0,431034.4827586207,1
50000000.0,17.72753358339242,112.0,Crime,Columbia Pictures,Phil Lord,Jonah Hill,6,0,1,446428.5714285714,1
60000000.0,17.909855136853043,123.0,Horror,Geffen Pictures,Neil Jordan,Brad Pitt,11,0,0,487804.8780487805,1
70000000.0,18.064005814299346,104.0,Comedy,Village Roadshow Pictures,Peyton Reed,Jim Carrey,12,0,1,673076.9230769231,1
50000000.0,17.72753358339242,107.0,Action,New Line Cinema,Rawson Marshall Thurber,Dwayne Johnson,6,0,1,467289.7196261682,1
50000000.0,17.72753358339242,96.0,Comedy,Paramount Pictures,Sean Anders,Will Ferrell,12,0,1,520833.3333333333,1
50000000.0,17.72753358339242,125.0,Fantasy,Walt Disney Pictures,Rob Marshall,Meryl Streep,12,0,1,400000.0,1
45000000.0,17.622173069956816,129.0,Crime,Imagine Entertainment,Spike Lee,Denzel Washington,3,0,0,348837.20930232556,1
90000000.0,18.31532023940565,100.0,Drama,Paramount Pictures,Brian Helgeland,Mel Gibson,2,0,0,900000.0,0
50000000.0,17.72753358339242,109.0,Action,Paramount Pictures,Frank Marshall,Laura Linney,6,0,1,458715.59633027524,1
50000000.0,17.72753358339242,124.0,Drama,Twentieth Century Fox Film Corporation,Cameron Crowe,Matt Damon,12,0,1,403225.8064516129,1
50000000.0,17.72753358339242,121.0,Action,Summit Entertainment,Alex Proyas,Nicolas Cage,3,0,0,413223.14049586776,1
50000000.0,17.72753358339242,97.0,Comedy,Paramount Pictures,Tom Dey,Matthew McConaughey,3,0,0,515463.91752577317,0
50000000.0,17.72753358339242,110.0,Drama,DreamWorks,Hideo Nakata,Naomi Watts,3,1,0,454545.45454545453,1
50000000.0,17.72753358339242,118.0,Comedy,Warner Bros.,Glenn Ficarra,Steve Carell,7,0,1,423728.81355932204,1
50000000.0,17.72753358339242,80.0,Animation,Twentieth Century Fox Film Corporation,Peter Hewitt,Bill Murray,6,0,1,625000.0,1
50000000.0,17.72753358339242,133.0,Drama,Columbia Pictures,Bennett Miller,Brad Pitt,9,0,0,375939.84962406015,1
50000000.0,17.72753358339242,127.0,Action,Kopelson Entertainment,Wolfgang Petersen,Dustin Hoffman,3,0,0,393700.7874015748,1
50000000.0,17.72753358339242,106.0,Action,StudioCanal,Jaume Collet-Serra,Liam Neeson,1,0,0,471698.11320754717,1
50000000.0,17.72753358339242,98.0,Adventure,Walt Disney Pictures,Andy Fickman,Dwayne Johnson,3,0,0,510204.0816326531,1
54000000.0,17.804494623047066,132.0,Action,Studio Babelsberg,James McTeigue,Natalie Portman,3,0,0,409090.9090909091,1
50000000.0,17.72753358339242,115.0,Action,Spyglass Entertainment,David Dobkin,Jackie Chan,2,0,0,434782.60869565216,0
50000000.0,17.72753358339242,86.0,Adventure,Imagine Entertainment,Matthew O'Callaghan,Will Ferrell,2,0,0,581395.3488372093,0
50000000.0,17.72753358339242,101.0,Comedy,Walt Disney Pictures,Angela Robinson,Lindsay Lohan,6,0,1,495049.50495049503,0
50000000.0,17.72753358339242,113.0,Thriller,Village Roadshow Pictures,Gary Fleder,Michael Douglas,9,0,0,442477.8761061947,1
50000000.0,17.72753358339242,88.0,Fantasy,Paramount Pictures,Tommy Wirkola,Jeremy Renner,1,0,0,568181.8181818182,1
50000000.0,17.72753358339242,124.0,Thriller,Regency Enterprises,Adrian Lyne,Richard Gere,5,0,0,403225.8064516129,1
50000000.0,17.72753358339242,109.0,Action,DreamWorks SKG,D.J. Caruso,Alex Pettyfer,2,0,0,458715.59633027524,1
50000000.0,17.72753358339242,128.0,Drama,Section Eight,Stephen Gaghan,George Clooney,11,0,0,390625.0,0
50000000.0,17.72753358339242,144.0,Action,Paramount Pictures,Michael Bay,James Badge Dale,1,0,0,347222.22222222225,0
50000000.0,17.72753358339242,95.0,Romance,Twentieth Century Fox Film Corporation,Jorge R. Gutierrez,Diego Luna,10,0,0,526315.7894736842,0
45000000.0,17.622173069956816,105.0,Thriller,Village Roadshow Pictures,Richard Loncraine,Harrison Ford,2,0,0,428571.4285714286,0
50000000.0,17.72753358339242,121.0,Crime,Columbia Pictures,Clint Eastwood,Clint Eastwood,2,0,0,413223.14049586776,0
50000000.0,17.72753358339242,125.0,Action,Caravan Pictures,Ridley Scott,Demi Moore,8,0,0,400000.0,0
50000000.0,17.72753358339242,129.0,Drama,PolyGram Filmed Entertainment,David Fincher,Michael Douglas,9,0,0,387596.8992248062,1
50000000.0,17.72753358339242,125.0,Horror,Silent Hill DCP Inc.,Christophe Gans,Radha Mitchell,4,0,0,400000.0,0
50000000.0,17.72753358339242,113.0,Comedy,Universal Pictures,Jon Hurwitz,Jason Biggs,4,1,0,442477.8761061947,1
50000000.0,17.72753358339242,140.0,Action,Regency Enterprises,F. Gary Gray,Samuel L. Jackson,7,0,1,357142.85714285716,0
50000000.0,17.72753358339242,89.0,Action,New Line Cinema,Steven Quale,Richard Armitage,8,0,0,561797.7528089888,1
50000000.0,17.72753358339242,104.0,Action,Paramount Pictures,John Landis,Eddie Murphy,5,1,0,480769.23076923075,1
50000000.0,17.72753358339242,106.0,Comedy,Amblin Entertainment,Joe Dante,Zach Galligan,6,1,1,471698.11320754717,0
50000000.0,17.72753358339242,141.0,Drama,Village Roadshow Pictures,David Dobkin,Robert Duvall,10,0,0,354609.92907801416,0
45000000.0,17.622173069956816,94.0,Horror,Impact Pictures,Alexander Witt,Milla Jovovich,9,0,0,478723.40425531915,1
50000000.0,17.72753358339242,108.0,Comedy,Miramax Films,Beeban Kidron,Renée Zellweger,11,0,0,462962.962962963,0
50000000.0,17.72753358339242,105.0,Thriller,Original Film,Carl Franklin,Denzel Washington,10,0,0,476190.4761904762,0
50000000.0,17.72753358339242,102.0,Action,Warner Bros.,Steven Seagal,Steven Seagal,2,0,0,490196.07843137253,0
50000000.0,17.72753358339242,92.0,Adventure,Troublemaker Studios,Robert Rodriguez,Taylor Lautner,6,0,1,543478.2608695652,0
40000000.0,17.50439003707821,119.0,Drama,Figment Films,Danny Boyle,Leonardo DiCaprio,2,0,0,336134.4537815126,1
50000000.0,17.72753358339242,119.0,Drama,Touchstone Pictures,Garry Marshall,Kate Hudson,5,0,0,420168.06722689077,0
40000000.0,17.50439003707821,99.0,Action,Studio Babelsberg,James McTeigue,Rain,9,0,0,404040.404040404,0
50000000.0,17.72753358339242,115.0,Drama,Columbia Pictures,Andrew Bergman,Demi Moore,6,0,1,434782.60869565216,1
50000000.0,17.72753358339242,87.0,Family,Twentieth Century Fox Film Corporation,Tom Dey,Owen Wilson,6,0,1,574712.643678161,0
50000000.0,17.72753358339242,129.0,Drama,Amblin Entertainment,Clint Eastwood,Matt Damon,10,0,0,387596.8992248062,1
50000000.0,17.72753358339242,120.0,Crime,Castle Rock Entertainment,Barbet Schroeder,Sandra Bullock,4,0,0,416666.6666666667,0
50000000.0,17.72753358339242,132.0,Action,Silver Pictures,Richard Donner,Sylvester Stallone,10,0,0,378787.8787878788,0
50000000.0,17.72753358339242,121.0,Crime,Ingenious Film Partners,Peter Webber,Gaspard Ulliel,2,0,0,413223.14049586776,0
50000000.0,17.72753358339242,95.0,Comedy,Universal Pictures,Rob Reiner,Bruce Willis,10,0,0,526315.7894736842,0
44000000.0,17.599700214609808,125.0,Action,Nick Wechsler Productions,Andrew Niccol,Saoirse Ronan,3,0,0,352000.0,0
50000000.0,17.72753358339242,98.0,Action,Intermedia Films,John McTiernan,John Travolta,4,0,0,510204.0816326531,0
50000000.0,17.72753358339242,110.0,Crime,Malpaso Productions,Clint Eastwood,Clint Eastwood,8,0,0,454545.45454545453,0
50000000.0,17.72753358339242,118.0,Drama,Studio Babelsberg,Tom Tykwer,Clive Owen,2,0,0,423728.81355932204,0
50000000.0,17.72753358339242,97.0,Action,Paramount Pictures,John Carpenter,Kurt Russell,8,0,0,515463.91752577317,0
70000000.0,18.064005814299346,86.0,Adventure,Warner Bros. Animation,Brad Bird,Eli Marienthal,8,0,0,813953.4883720931,0
50000000.0,17.72753358339242,119.0,Adventure,Touchstone Pictures,Wes Anderson,Bill Murray,12,0,1,420168.06722689077,0
50000000.0,17.72753358339242,139.0,War,Larger Than Life Productions,Gary Ross,Matthew McConaughey,6,0,1,359712.23021582735,0
50000000.0,17.72753358339242,130.0,Drama,Mikona Productions GmbH & Co. KG,Alan Parker,Kevin Spacey,2,0,0,384615.3846153846,0
50000000.0,17.72753358339242,114.0,Action,Vertigo Entertainment,Jaume Collet-Serra,Liam Neeson,3,0,0,438596.49122807017,0
51500000.0,17.75709238505144,100.0,Thriller,BBC Films,David Cronenberg,Naomi Watts,9,0,0,515000.0,0
50000000.0,17.72753358339242,110.0,Action,Columbia Pictures Corporation,John Stockwell,Paul Walker,9,0,0,454545.45454545453,0
60000000.0,17.909855136853043,148.0,Adventure,Columbia Pictures,Luc Besson,Milla Jovovich,10,0,0,405405.4054054054,0
49900000.0,17.725531580761828,102.0,Comedy,Universal Pictures,David Gordon Green,Danny McBride,4,0,0,489215.6862745098,0
50000000.0,17.72753358339242,84.0,Drama,Cliffjack Motion Pictures,Jim Sheridan,Daniel Craig,9,0,0,595238.0952380953,0
50000000.0,17.72753358339242,114.0,Action,Warner Bros.,Costa-Gavras,John Travolta,11,0,0,438596.49122807017,0
50000000.0,17.72753358339242,99.0,Action,Twentieth Century Fox Film Corporation,Patrick Read Johnson,Joe Mantegna,7,0,1,505050.50505050505,0
50000000.0,17.72753358339242,135.0,Drama,Hollywood Pictures,Roland Joffé,Demi Moore,10,0,0,370370.3703703704,0
22000000.0,16.906553056777135,108.0,Drama,River Road Entertainment,Doug Liman,Naomi Watts,5,0,0,203703.7037037037,0
50000000.0,17.72753358339242,127.0,Action,New Line Cinema,Tony Scott,Keira Knightley,9,0,0,393700.7874015748,0
50000000.0,17.72753358339242,95.0,Action,Paramount Pictures,William Friedkin,David Caruso,10,0,0,526315.7894736842,0
50000000.0,17.72753358339242,95.0,Action,Lakeshore Entertainment,Brian Taylor,Gerard Butler,9,0,0,526315.7894736842,0
60000000.0,17.909855136853043,124.0,Fantasy,Alcon Entertainment,Richard LaGravenese,Alden Ehrenreich,2,0,0,483870.96774193546,0
50000000.0,17.72753358339242,100.0,Comedy,Scott Rudin Productions,Ben Stiller,Ben Stiller,2,1,0,500000.0,0
50000000.0,17.72753358339242,88.0,Comedy,Shangri-La Entertainment,George Armitage,Owen Wilson,1,0,0,568181.8181818182,0
50000000.0,17.72753358339242,105.0,Fantasy,Summit Entertainment,Patrick Lussier,Nicolas Cage,2,0,0,476190.4761904762,0
50000000.0,17.72753358339242,97.0,Action,Twentieth Century Fox Film Corporation,Andrzej Bartkowiak,Kristin Kreuk,2,0,0,515463.91752577317,0
49000000.0,17.707330876483063,87.0,Action,Columbia Pictures,James Wong,Jet Li,11,0,0,563218.3908045978,0
49000000.0,17.707330876483063,104.0,Action,Twentieth Century Fox Film Corporation,Renny Harlin,Andrew Dice Clay,7,0,1,471153.8461538461,0
50000000.0,17.72753358339242,116.0,Drama,Universal Pictures,Richard Curtis,Tom Sturridge,4,0,0,431034.4827586207,0
48000000.0,17.6867115897055,147.0,Thriller,USA Films,Steven Soderbergh,Michael Douglas,12,0,1,326530.612244898,1
48000000.0,17.6867115897055,127.0,Adventure,Lucasfilm,Steven Spielberg,Harrison Ford,5,0,0,377952.7559055118,1
49000000.0,17.707330876483063,120.0,Crime,Columbia Pictures,Neill Blomkamp,Sharlto Copley,3,0,0,408333.3333333333,1
73000000.0,18.105970012811294,118.0,Drama,Universal Pictures,Phillip Noyce,Denzel Washington,11,0,0,618644.0677966102,1
48000000.0,17.6867115897055,111.0,Crime,Hofflund/Polone,David Fincher,Jodie Foster,3,0,0,432432.4324324324,1
75000000.0,18.132998684833918,114.0,Action,Village Roadshow Pictures,David O. Russell,George Clooney,9,0,0,657894.7368421053,0
50000000.0,17.72753358339242,137.0,Crime,Summit Entertainment,Daniel Espinosa,Tom Hardy,3,0,0,364963.503649635,0
48000000.0,17.6867115897055,112.0,Adventure,Paramount Pictures,Jerry Zucker,Cuba Gooding Jr.,7,0,1,428571.4285714286,0
48000000.0,17.6867115897055,120.0,Drama,Intermedia Films,Iain Softley,Jeff Bridges,10,0,0,400000.0,0
48000000.0,17.6867115897055,93.0,Fantasy,Twentieth Century Fox Film Corporation,Harold Ramis,Elizabeth Hurley,10,0,0,516129.03225806454,0
58000000.0,17.87595358575207,127.0,Music,Orion Pictures,Francis Ford Coppola,Richard Gere,12,0,1,456692.91338582675,0
55000000.0,17.822843761378564,122.0,Western,Tree Line Films,James Mangold,Russell Crowe,9,1,0,450819.6721311475,0
48000000.0,17.6867115897055,109.0,Thriller,Twentieth Century Fox Film Corporation,Olivier Megaton,Liam Neeson,12,1,1,440366.97247706424,1
48000000.0,17.6867115897055,123.0,Romance,Universal Pictures,Steven Soderbergh,George Clooney,6,0,1,390243.9024390244,0
47000000.0,17.665658180950928,96.0,Comedy,Columbia Pictures Corporation,Ben Stiller,Jim Carrey,6,0,1,489583.3333333333,1
47000000.0,17.665658180950928,103.0,Adventure,Touchstone Pictures,Warren Beatty,Warren Beatty,6,0,1,456310.67961165047,1
48000000.0,17.6867115897055,113.0,Drama,Irish Dreamtime,John McTiernan,Pierce Brosnan,8,0,0,424778.7610619469,1
48000000.0,17.6867115897055,132.0,Comedy,Columbia Pictures,Penny Marshall,Drew Barrymore,10,0,0,363636.36363636365,0
15000000.0,16.52356082573315,93.0,Action,Orion Pictures,Ted Kotcheff,Sylvester Stallone,10,0,0,161290.32258064515,1
47000000.0,17.665658180950928,75.0,Animation,Vanguard Films,Yvette Kaplan,George Carlin,9,0,0,626666.6666666666,0
47000000.0,17.665658180950928,104.0,Drama,TriStar Pictures,Stephen Frears,Julia Roberts,2,0,0,451923.07692307694,0
38000000.0,17.453096744006448,105.0,Comedy,TriStar Pictures,P.J. Hogan,Julia Roberts,6,0,1,361904.7619047619,1
46000000.0,17.6441519761925,118.0,Crime,Section Eight,Christopher Nolan,Al Pacino,5,0,0,389830.5084745763,1
46000000.0,17.6441519761925,111.0,Science Fiction,Paramount Pictures,Jonathan Frakes,Patrick Stewart,11,0,0,414414.41441441444,1
47000000.0,17.665658180950928,80.0,Action,Warner Bros.,Jimmy Hayward,Josh Brolin,6,0,1,587500.0,0
46000000.0,17.6441519761925,117.0,Drama,Fox 2000 Pictures,Edward Zwick,Denzel Washington,7,0,1,393162.3931623932,1
45000000.0,17.622173069956816,86.0,Comedy,Imagine Entertainment,Tom Shadyac,Jim Carrey,3,0,0,523255.81395348837,1
25000000.0,17.034386422832473,127.0,Crime,Good Films,Brad Furman,Bryan Cranston,7,0,1,196850.3937007874,0
46000000.0,17.6441519761925,140.0,Drama,Metro-Goldwyn-Mayer (MGM),Terence Young,Laurence Olivier,5,0,0,328571.4285714286,0
46000000.0,17.6441519761925,91.0,Fantasy,Universal Pictures,Brian Levant,John Goodman,5,0,0,505494.5054945055,1
45000000.0,17.622173069956816,91.0,Action,Twentieth Century Fox Film Corporation,Olivier Megaton,Liam Neeson,9,1,0,494505.4945054945,1
48000000.0,17.6867115897055,84.0,Comedy,Dimension Films,David Zucker,Pamela Anderson,10,1,0,571428.5714285715,1
45000000.0,17.622173069956816,111.0,Comedy,Village Roadshow Pictures,Donald Petrie,Sandra Bullock,12,0,1,405405.4054054054,1
45000000.0,17.622173069956816,93.0,Action,New Line Cinema,Eric Brevig,Brendan Fraser,7,0,1,483870.96774193546,1
40000000.0,17.50439003707821,113.0,Comedy,Walt Disney Pictures,Garry Marshall,Anne Hathaway,8,1,0,353982.30088495574,1
45000000.0,17.622173069956816,141.0,Drama,Warner Bros.,Alan J. Pakula,Julia Roberts,12,0,1,319148.93617021275,1
45000000.0,17.622173069956816,119.0,Drama,Regency Enterprises,Joel Schumacher,Susan Sarandon,7,0,1,378151.2605042017,1
45000000.0,17.622173069956816,97.0,Drama,Two Ton Films,Rob Reiner,Jack Nicholson,12,0,1,463917.5257731959,1
45000000.0,17.622173069956816,117.0,Drama,Paramount Pictures,Phillip Noyce,Harrison Ford,6,0,1,384615.3846153846,1
43000000.0,17.57671069691365,101.0,Romance,New Line Cinema,Robert Luketic,Jennifer Lopez,5,0,0,425742.57425742573,1
46000000.0,17.6441519761925,153.0,Drama,Alcon Entertainment,Denis Villeneuve,Hugh Jackman,9,0,0,300653.5947712418,1
45000000.0,17.622173069956816,122.0,Action,Village Roadshow Pictures,Antoine Fuqua,Denzel Washington,10,0,0,368852.45901639346,1
45000000.0,17.622173069956816,102.0,Comedy,DreamWorks SKG,Dean Parisot,Tim Allen,12,0,1,441176.4705882353,1
45000000.0,17.622173069956816,83.0,Comedy,Gold/Miller Productions,Keenen Ivory Wayans,Anna Faris,7,1,1,542168.6746987952,1
45000000.0,17.622173069956816,103.0,Comedy,Walt Disney Pictures,James Bobin,Amy Adams,11,0,0,436893.2038834951,1
45000000.0,17.622173069956816,120.0,Horror,New Line Cinema,Stephen Norrington,Wesley Snipes,8,0,0,375000.0,1
30000000.0,17.216707972959764,136.0,Drama,Paramount Pictures,Thomas Carter,Samuel L. Jackson,1,0,0,220588.23529411765,1
45000000.0,17.622173069956816,89.0,Action,Paramount Pictures,Roger Michell,Ben Affleck,4,0,0,505617.9775280899,1
45000000.0,17.622173069956816,89.0,Adventure,Columbia Pictures Corporation,Luis Llosa,Jennifer Lopez,4,0,0,505617.9775280899,1
45000000.0,17.622173069956816,100.0,Comedy,Jerry Bruckheimer Films,David McNally,Piper Perabo,7,0,1,450000.0,1
40000000.0,17.50439003707821,135.0,Comedy,Universal Pictures,Richard Curtis,Keira Knightley,9,0,0,296296.2962962963,1
120000000.0,18.603002309079653,95.0,Adventure,Walt Disney Pictures,Andrew Stanton,Kevin Spacey,11,0,0,1263157.894736842,1
35000000.0,17.370858648025116,122.0,Horror,Twentieth Century Fox Film Corporation,Albert Hughes,Johnny Depp,10,0,0,286885.24590163934,1
45000000.0,17.622173069956816,110.0,Action,Jerry Weintraub Productions,Luis Llosa,Sylvester Stallone,10,0,0,409090.9090909091,1
45000000.0,17.622173069956816,135.0,Comedy,Regency Enterprises,Ron Shelton,Kevin Costner,8,0,0,333333.3333333333,0
45000000.0,17.622173069956816,95.0,Romance,Universal Pictures,Jesse Dylan,Will Ferrell,5,0,0,473684.2105263158,0
50000000.0,17.72753358339242,109.0,Adventure,Spyglass Entertainment,Garth Jennings,Martin Freeman,1,0,0,458715.59633027524,1
45000000.0,17.622173069956816,94.0,Horror,Impact Pictures,Russell Mulcahy,Milla Jovovich,9,0,0,478723.40425531915,1
40000000.0,17.50439003707821,117.0,Comedy,Happy Madison Productions,Frank Coraci,Drew Barrymore,5,0,0,341880.3418803419,1
45000000.0,17.622173069956816,112.0,Adventure,Paramount Pictures,Wayne Wang,Queen Latifah,1,0,0,401785.71428571426,0
45000000.0,17.622173069956816,131.0,Crime,Ixtlan,Oliver Stone,Blake Lively,7,0,1,343511.4503816794,0
25000000.0,17.034386422832473,94.0,Action,New Line Cinema,David R. Ellis,Chris Evans,9,0,0,265957.44680851063,1
40000000.0,17.50439003707821,88.0,Adventure,Universal Pictures,Peter Howitt,Rowan Atkinson,4,0,0,454545.45454545453,1
50000000.0,17.72753358339242,88.0,Fantasy,Playtone,John A. Davis,Julia Roberts,7,0,1,568181.8181818182,0
40000000.0,17.50439003707821,137.0,Action,Dino De Laurentiis Company,David Lynch,Kyle MacLachlan,12,0,1,291970.802919708,0
35000000.0,17.370858648025116,119.0,Drama,DreamWorks SKG,Sam Mendes,Leonardo DiCaprio,12,0,1,294117.64705882355,1
55000000.0,17.822843761378564,105.0,Action,Donners' Company,Richard Donner,Bruce Willis,3,0,0,523809.5238095238,0
70000000.0,18.064005814299346,101.0,Action,StudioCanal,Mathieu Kassovitz,Vin Diesel,8,0,0,693069.3069306931,0
45000000.0,17.622173069956816,86.0,Adventure,Twentieth Century Fox Film Corporation,John Schultz,Carter Jenkins,7,0,1,523255.81395348837,0
35000000.0,17.370858648025116,123.0,Crime,Epsilon Motion Pictures,Sean Penn,Jack Nicholson,1,0,0,284552.8455284553,0
45000000.0,17.622173069956816,134.0,Comedy,Sony Pictures,Susan Stroman,Matthew Broderick,12,0,1,335820.89552238805,0
45000000.0,17.622173069956816,100.0,Adventure,Paramount Pictures,Simon Wincer,Billy Zane,6,0,1,450000.0,0
44000000.0,17.599700214609808,192.0,History,Hollywood Pictures,Oliver Stone,Anthony Hopkins,12,0,1,229166.66666666666,0
45000000.0,17.622173069956816,128.0,Thriller,Studio Babelsberg,Roman Polanski,Ewan McGregor,2,0,0,351562.5,0
45000000.0,17.622173069956816,106.0,Adventure,Hollywood Pictures,Stephen Sommers,Treat Williams,1,0,0,424528.30188679247,0
45000000.0,17.622173069956816,160.0,Drama,Rai Cinema,Spike Lee,Derek Luke,9,0,0,281250.0,0
45000000.0,17.622173069956816,99.0,Action,Virtual Studios,Danny Pang,Nicolas Cage,8,0,0,454545.45454545453,0
40000000.0,17.50439003707821,85.0,Action,Touchstone Pictures,Barry Sonnenfeld,Tim Allen,4,0,0,470588.23529411765,0
45000000.0,17.622173069956816,139.0,Drama,New Line Cinema,Mike Newell,Javier Bardem,10,0,0,323741.0071942446,0
45000000.0,17.622173069956816,103.0,Action,Hollywood Pictures,George P. Cosmatos,Charlie Sheen,1,0,0,436893.2038834951,0
45000000.0,17.622173069956816,101.0,Crime,Universal Pictures,Oliver Parker,Rowan Atkinson,9,1,0,445544.55445544556,1
65000000.0,17.989897843244528,87.0,Animation,Threshold Entertainment,Lawrence Kasanoff,Charlie Sheen,6,0,1,747126.4367816092,0
44500000.0,17.61099976960838,120.0,Drama,GK Films,Ben Affleck,Ben Affleck,10,0,0,370833.3333333333,1
44000000.0,17.599700214609808,130.0,Adventure,Warner Bros.,Andrew Davis,Harrison Ford,8,0,0,338461.53846153844,1
40000000.0,17.50439003707821,110.0,Action,Columbia Pictures,Andy Tennant,Gerard Butler,3,0,0,363636.36363636365,1
44000000.0,17.599700214609808,147.0,Crime,Propaganda Films,Barry Levinson,Robert De Niro,10,0,0,299319.72789115645,1
44000000.0,17.599700214609808,96.0,Action,TriStar Pictures,George P. Cosmatos,Sylvester Stallone,5,0,0,458333.3333333333,1
2600000.0,14.77102238760702,88.0,Animation,RKO Radio Pictures,Ben Sharpsteen,Mel Blanc,2,0,0,29545.454545454544,1
44000000.0,17.599700214609808,219.0,Action,United Artists,Michael Cimino,Kris Kristofferson,11,0,0,200913.24200913243,0
50000000.0,17.72753358339242,106.0,Fantasy,Lakeshore Entertainment,Len Wiseman,Kate Beckinsale,1,0,0,471698.11320754717,1
40000000.0,17.50439003707821,109.0,Drama,Twentieth Century Fox Film Corporation,Paul McGuigan,James McAvoy,11,0,0,366972.4770642202,0
43000000.0,17.57671069691365,136.0,Drama,Fountainbridge Films,Gus Van Sant,Sean Connery,12,0,1,316176.4705882353,0
45000000.0,17.622173069956816,103.0,Action,Canal Plus,Louis Leterrier,Jet Li,2,0,0,436893.2038834951,0
43000000.0,17.57671069691365,84.0,Romance,Konrad Pictures,Roger Kumble,Cameron Diaz,4,0,0,511904.7619047619,0
42000000.0,17.553180200057167,154.0,Drama,Paramount Pictures,Sydney Pollack,Tom Cruise,6,0,1,272727.2727272727,1
44000000.0,17.599700214609808,99.0,Drama,Universal Pictures,Burr Steers,Zac Efron,5,0,0,444444.44444444444,0
40000000.0,17.50439003707821,93.0,Action,CBS Films,Simon West,Jason Statham,1,0,0,430107.5268817204,0
42000000.0,17.553180200057167,109.0,Action,Columbia Pictures,Phil Lord,Channing Tatum,3,0,0,385321.1009174312,1
42000000.0,17.553180200057167,124.0,Romance,Bookshop Productions,Roger Michell,Julia Roberts,5,0,0,338709.67741935485,1
45000000.0,17.622173069956816,84.0,Animation,DreamWorks SKG,Nick Park,Mel Gibson,6,0,1,535714.2857142857,1
42000000.0,17.553180200057167,90.0,Comedy,Jersey Films,John Hamburg,Ben Stiller,1,0,0,466666.6666666667,1
40000000.0,17.50439003707821,117.0,Comedy,Paramount Pictures,Reginald Hudlin,Eddie Murphy,6,0,1,341880.3418803419,0
43000000.0,17.57671069691365,117.0,Action,Ingenious Film Partners,Paul Feig,Sandra Bullock,6,0,1,367521.3675213675,1
31115000.0,17.253200608124295,248.0,Drama,Twentieth Century Fox Film Corporation,Joseph L. Mankiewicz,Elizabeth Taylor,6,0,1,125463.70967741935,1
42000000.0,17.553180200057167,115.0,Drama,Twentieth Century Fox Film Corporation,Carl Franklin,Ashley Judd,4,0,0,365217.39130434784,0
32000000.0,17.281246492014,119.0,Drama,Lakeshore Entertainment,Mark Pellington,Richard Gere,1,0,0,268907.5630252101,0
32000000.0,17.281246492014,133.0,Adventure,Eon Productions,John Glen,Timothy Dalton,7,0,1,240601.5037593985,1
42000000.0,17.553180200057167,100.0,Fantasy,Appian Way,Catherine Hardwicke,Amanda Seyfried,3,0,0,420000.0,1
60000000.0,17.909855136853043,120.0,Action,New Line Cinema,John Herzfeld,Robert De Niro,3,0,0,500000.0,0
48000000.0,17.6867115897055,104.0,Adventure,Hollywood Pictures,Annabel Jankel,Bob Hoskins,5,0,0,461538.46153846156,0
42000000.0,17.553180200057167,122.0,Crime,Saturn Films,Andrew Niccol,Nicolas Cage,9,0,0,344262.2950819672,0
31000000.0,17.249497794707484,99.0,Drama,Beijing New Picture Film Co. Ltd.,Zhang Yimou,Jet Li,12,0,1,313131.31313131313,1
40000000.0,17.50439003707821,91.0,Action,Lakeshore Entertainment,Julie Anne Robinson,Katherine Heigl,1,0,0,439560.43956043955,0
44000000.0,17.599700214609808,112.0,Action,Columbia Pictures,Seth Rogen,James Franco,12,0,1,392857.14285714284,0
42000000.0,17.553180200057167,100.0,Adventure,Boram Entertainment Inc.,Sngmoo Lee,Kate Bosworth,12,0,1,420000.0,0
33000000.0,17.312018149733785,100.0,Action,France 2 Cinéma,Jean-Pierre Jeunet,Dany Boon,10,0,0,330000.0,0
41000000.0,17.529082649058825,110.0,Drama,Imagine Entertainment,Curtis Hanson,Eminem,11,1,0,372727.2727272727,1
65000000.0,17.989897843244528,132.0,Adventure,Columbia Pictures Corporation,Brian Helgeland,Heath Ledger,5,0,0,492424.24242424243,0
40000000.0,17.50439003707821,107.0,Mystery,Spyglass Entertainment,M. Night Shyamalan,Bruce Willis,8,0,0,373831.7757009346,1
42000000.0,17.553180200057167,102.0,Action,Summit Entertainment,Asger Leth,Sam Worthington,1,0,0,411764.70588235295,0
41000000.0,17.529082649058825,100.0,Comedy,Ingenious Media,David Frankel,Owen Wilson,10,0,0,410000.0,0
8000000.0,15.894952224644102,126.0,Drama,Columbia Pictures Corporation,John G. Avildsen,Ralph Macchio,6,0,1,63492.06349206349,1
40000000.0,17.50439003707821,138.0,Drama,Columbia Pictures,David O. Russell,Christian Bale,12,0,1,289855.0724637681,1
40000000.0,17.50439003707821,108.0,Comedy,Touchstone Pictures,Anne Fletcher,Sandra Bullock,6,0,1,370370.3703703704,1
70000000.0,18.064005814299346,105.0,Crime,Paramount Pictures,Bruce Beresford,Tommy Lee Jones,9,0,0,666666.6666666666,1
40000000.0,17.50439003707821,108.0,Adventure,Universal Pictures,Robert Zemeckis,Michael J. Fox,11,1,0,370370.3703703704,1
40000000.0,17.50439003707821,89.0,Action,Universal Pictures,Luc Besson,Scarlett Johansson,7,0,1,449438.202247191,1
40000000.0,17.50439003707821,125.0,Drama,Focus Features,Sam Taylor-Johnson,Dakota Johnson,2,0,0,320000.0,1
38000000.0,17.453096744006448,84.0,Action,Dimension Films,Robert Rodriguez,Antonio Banderas,7,1,1,452380.95238095237,1
40000000.0,17.50439003707821,149.0,Crime,Regency Enterprises,Joel Schumacher,Matthew McConaughey,7,0,1,268456.3758389262,1
40000000.0,17.50439003707821,98.0,Comedy,Twentieth Century Fox Film Corporation,Shawn Levy,Steve Martin,12,0,1,408163.2653061224,1
40000000.0,17.50439003707821,121.0,Action,Universal Pictures,Peter Berg,Mark Wahlberg,12,0,1,330578.5123966942,1
40000000.0,17.50439003707821,128.0,Comedy,Columbia Pictures Corporation,Penny Marshall,Tom Hanks,7,0,1,312500.0,1
40000000.0,17.50439003707821,134.0,Horror,New Line Cinema,James Wan,Patrick Wilson,5,1,0,298507.46268656716,1
40000000.0,17.50439003707821,120.0,Drama,Columbia Pictures,David Fincher,Jesse Eisenberg,9,0,0,333333.3333333333,1
40000000.0,17.50439003707821,129.0,Comedy,New Line Cinema,Ken Kwapis,Ben Affleck,2,0,0,310077.51937984495,1
45000000.0,17.622173069956816,83.0,Comedy,Dimension Films,David Zucker,Anna Faris,4,1,0,542168.6746987952,1
40000000.0,17.50439003707821,116.0,Horror,Konrad Pictures,Wes Craven,David Arquette,2,1,0,344827.5862068966,1
40000000.0,17.50439003707821,118.0,Adventure,Universal Pictures,Robert Zemeckis,Michael J. Fox,5,1,0,338983.0508474576,1
40000000.0,17.50439003707821,100.0,Comedy,Gary Sanchez Productions,Etan Cohen,Will Ferrell,3,0,0,400000.0,1
40000000.0,17.50439003707821,128.0,Romance,American Zoetrope,Francis Ford Coppola,Gary Oldman,11,0,0,312500.0,1
40000000.0,17.50439003707821,123.0,Romance,Columbia Pictures,Nora Ephron,Meryl Streep,8,0,0,325203.2520325203,1
40000000.0,17.50439003707821,128.0,Drama,Warner Bros.,Brian Helgeland,Chadwick Boseman,4,0,0,312500.0,1
40000000.0,17.50439003707821,139.0,Thriller,Paramount Pictures,Anthony Minghella,Matt Damon,12,0,1,287769.7841726619,1
40000000.0,17.50439003707821,110.0,Comedy,New Line Cinema,Bobby Farrelly,Jim Carrey,11,1,0,363636.36363636365,1
40000000.0,17.50439003707821,120.0,Adventure,Walt Disney Pictures,Frank Marshall,Paul Walker,2,0,0,333333.3333333333,1
35000000.0,17.370858648025116,121.0,Comedy,Waverly Films,Nancy Meyers,Robert De Niro,9,0,0,289256.19834710745,1
40000000.0,17.50439003707821,102.0,Action,Universal Pictures,Tim Story,Kevin Hart,1,1,0,392156.862745098,1
40000000.0,17.50439003707821,112.0,Action,Morgan Creek Productions,Michael Mann,Daniel Day-Lewis,9,0,0,357142.85714285716,0
40000000.0,17.50439003707821,152.0,Drama,Universal Pictures,Taylor Hackford,Jamie Foxx,10,0,0,263157.8947368421,1
40000000.0,17.50439003707821,124.0,Action,Dimension Films,Robert Rodriguez,Jessica Alba,4,0,0,322580.6451612903,1
40000000.0,17.50439003707821,90.0,Drama,Columbia Pictures,Pete Travis,Dennis Quaid,2,0,0,444444.44444444444,1
41000000.0,17.529082649058825,105.0,Comedy,The Montecito Picture Company,John Hamburg,Paul Rudd,3,0,0,390476.1904761905,1
40000000.0,17.50439003707821,114.0,Comedy,Twentieth Century Fox Film Corporation,Bobby Farrelly,Gwyneth Paltrow,11,0,0,350877.1929824561,1
40000000.0,17.50439003707821,189.0,Drama,Camelot Productions,Oliver Stone,Kevin Costner,12,0,1,211640.21164021164,1
40000000.0,17.50439003707821,99.0,Comedy,Twentieth Century Fox Film Corporation,John Whitesell,Martin Lawrence,1,1,0,404040.404040404,1
57000000.0,17.858561843342684,123.0,Action,DreamWorks SKG,Gore Verbinski,Brad Pitt,3,0,0,463414.6341463415,1
20000000.0,16.811242881518265,102.0,Comedy,New Line Cinema,Burr Steers,Zac Efron,3,0,0,196078.431372549,1
40000000.0,17.50439003707821,109.0,Comedy,Twentieth Century Fox Film Corporation,Nick Cassavetes,Cameron Diaz,4,0,0,366972.4770642202,1
40000000.0,17.50439003707821,82.0,Horror,New Line Cinema,David R. Ellis,Bobby Campo,8,0,0,487804.8780487805,1
40000000.0,17.50439003707821,141.0,Thriller,DreamWorks SKG,Steven Spielberg,Tom Hanks,10,0,0,283687.94326241134,1
40000000.0,17.50439003707821,106.0,Action,Twentieth Century Fox Film Corporation,John Moore,Owen Wilson,11,0,0,377358.4905660377,1
40000000.0,17.50439003707821,109.0,Comedy,Universal Pictures,Nicholas Stoller,Jonah Hill,6,0,1,366972.4770642202,1
50000000.0,17.72753358339242,107.0,Drama,Miramax Films,Peter Chelsom,Richard Gere,10,0,0,467289.7196261682,1
40000000.0,17.50439003707821,110.0,Comedy,Universal Pictures,Joe Dante,Gregory Smith,7,0,1,363636.36363636365,0
40000000.0,17.50439003707821,96.0,Action,New Line Cinema,Mark A.Z. Dippé,Michael Jai White,7,0,1,416666.6666666667,1
35000000.0,17.370858648025116,131.0,Action,Spyglass Entertainment,Kevin Reynolds,Jim Caviezel,1,0,0,267175.572519084,1
40000000.0,17.50439003707821,119.0,Crime,Lakeshore Entertainment,Brad Furman,Matthew McConaughey,3,0,0,336134.4537815126,1
30000000.0,17.216707972959764,113.0,Action,Studio Babelsberg,Jaume Collet-Serra,Liam Neeson,2,0,0,265486.7256637168,1
40000000.0,17.50439003707821,130.0,Drama,Warner Bros.,Christopher Nolan,Hugh Jackman,10,0,0,307692.3076923077,1
42000000.0,17.553180200057167,108.0,Comedy,New Line Cinema,Sean Anders,Jason Bateman,11,1,0,388888.8888888889,1
40000000.0,17.50439003707821,89.0,Animation,Rainmaker Entertainment,Callan Brunker,Brendan Fraser,2,0,0,449438.202247191,0
40000000.0,17.50439003707821,139.0,Action,Icon Productions,Mel Gibson,Rudy Youngblood,12,0,1,287769.7841726619,1
40000000.0,17.50439003707821,130.0,Action,United Artists,John Glen,Timothy Dalton,6,0,1,307692.3076923077,1
40000000.0,17.50439003707821,107.0,Action,Twentieth Century Fox Film Corporation,Nimród Antal,Topher Grace,7,1,1,373831.7757009346,1
40000000.0,17.50439003707821,96.0,Thriller,Columbia Pictures Corporation,David Koepp,Johnny Depp,3,0,0,416666.6666666667,1
40000000.0,17.50439003707821,99.0,Romance,Village Roadshow Pictures,Alejandro Agresti,Keanu Reeves,6,0,1,404040.404040404,1
43000000.0,17.57671069691365,104.0,Drama,Universal Pictures,Iain Softley,Kate Hudson,7,0,1,413461.53846153844,1
40000000.0,17.50439003707821,101.0,Comedy,Columbia Pictures,Paul Weiland,Patrick Dempsey,5,0,0,396039.603960396,1
40000000.0,17.50439003707821,134.0,Music,Warner Bros.,Clint Eastwood,Christopher Walken,6,0,1,298507.46268656716,0
40000000.0,17.50439003707821,135.0,Drama,Paramount Pictures,Francis Ford Coppola,Matt Damon,11,0,0,296296.2962962963,0
40000000.0,17.50439003707821,98.0,Horror,Columbia Pictures Corporation,Mathieu Kassovitz,Halle Berry,11,0,0,408163.2653061224,1
36000000.0,17.399029524198163,155.0,Drama,DreamWorks SKG,Steven Spielberg,Morgan Freeman,12,0,1,232258.06451612903,1
40000000.0,17.50439003707821,94.0,Fantasy,Twentieth Century Fox Film Corporation,Colin Strause,Steven Pasquale,12,0,1,425531.91489361704,0
40000000.0,17.50439003707821,96.0,Comedy,Village Roadshow Pictures,Marc Lawrence,Drew Barrymore,2,0,0,416666.6666666667,1
40000000.0,17.50439003707821,104.0,Adventure,Universal Pictures,Greg Mottola,Seth Rogen,2,0,0,384615.3846153846,1
40000000.0,17.50439003707821,95.0,Comedy,Paramount Pictures,Anne Fletcher,Seth Rogen,12,0,1,421052.63157894736,0
40000000.0,17.50439003707821,111.0,Horror,Dimension Films,Wes Craven,David Arquette,4,1,0,360360.36036036036,1
40000000.0,17.50439003707821,123.0,Thriller,Columbia Pictures Corporation,Joel Schumacher,Nicolas Cage,2,0,0,325203.2520325203,1
38000000.0,17.453096744006448,140.0,Drama,Imagine Entertainment,Oliver Stone,Val Kilmer,3,0,0,271428.5714285714,0
40000000.0,17.50439003707821,97.0,Comedy,Escape Artists,Jake Kasdan,Cameron Diaz,7,0,1,412371.13402061857,1
40000000.0,17.50439003707821,94.0,Comedy,Laurence Mark Productions,Diane Keaton,Meg Ryan,2,0,0,425531.91489361704,0
47000000.0,17.665658180950928,92.0,Horror,New Line Cinema,Steven Quale,Emma Bell,8,1,0,510869.5652173913,1
40000000.0,17.50439003707821,122.0,Drama,Bel Air Entertainment,Mimi Leder,Kevin Spacey,10,0,0,327868.8524590164,0
30000000.0,17.216707972959764,103.0,Comedy,Fox 2000 Pictures,Bobby Farrelly,Drew Barrymore,4,0,0,291262.1359223301,0
25000000.0,17.034386422832473,108.0,Adventure,Universal Pictures,Russell Mulcahy,Alec Baldwin,7,0,1,231481.4814814815,0
40000000.0,17.50439003707821,129.0,Drama,Paramount Pictures,Stephen Daldry,Thomas Horn,12,0,1,310077.51937984495,0
40000000.0,17.50439003707821,102.0,Comedy,Bad Robot,Roger Michell,Rachel McAdams,1,0,0,392156.862745098,0
40000000.0,17.50439003707821,117.0,Drama,Paramount Pictures,Jim Sheridan,50 Cent,11,0,0,341880.3418803419,0
40000000.0,17.50439003707821,117.0,Crime,Amen Ra Films,Christian Duguay,Wesley Snipes,8,0,0,341880.3418803419,0
40000000.0,17.50439003707821,135.0,Drama,Columbia Pictures,Chris Columbus,Anthony Rapp,11,0,0,296296.2962962963,0
75000000.0,18.132998684833918,90.0,Comedy,Paramount Pictures,Sam Weisman,Steve Martin,4,0,0,833333.3333333334,0
40000000.0,17.50439003707821,96.0,Fantasy,New Line Cinema,John Frankenheimer,Marlon Brando,8,0,0,416666.6666666667,0
40000000.0,17.50439003707821,104.0,Action,Crystal Sky Worldwide,Peter Hyams,Catherine Deneuve,9,0,0,384615.3846153846,0
40000000.0,17.50439003707821,119.0,Drama,Bel Air Entertainment,Pat O'Connor,Keanu Reeves,2,0,0,336134.4537815126,0
40000000.0,17.50439003707821,99.0,Horror,Village Roadshow Pictures,Stephen Hopkins,Hilary Swank,4,0,0,404040.404040404,0
500000.0,13.122365377402328,110.0,Drama,Scorsese Productions,Martin Scorsese,Harvey Keitel,10,0,0,4545.454545454545,1
40000000.0,17.50439003707821,128.0,Comedy,Cinergi Pictures Entertainment,Penny Marshall,Danny DeVito,6,0,1,312500.0,0
40000000.0,17.50439003707821,108.0,Action,TF1 Films Production,Olivier Megaton,Zoe Saldana,7,0,1,370370.3703703704,0
40000000.0,17.50439003707821,86.0,Fantasy,Warner Bros.,Frederik Du Chau,Jessalyn Gilsig,5,0,0,465116.27906976745,0
40000000.0,17.50439003707821,108.0,Crime,Warner Bros. Pictures,Michael Caton-Jones,Robert De Niro,9,0,0,370370.3703703704,0
40000000.0,17.50439003707821,84.0,Action,Village Roadshow Pictures,Joseph Kahn,Martin Henderson,1,0,0,476190.4761904762,0
45000000.0,17.622173069956816,128.0,Drama,United Artists,Paul Verhoeven,Elizabeth Berkley,9,0,0,351562.5,0
40000000.0,17.50439003707821,123.0,Drama,American Zoetrope,Sofia Coppola,Kirsten Dunst,5,0,0,325203.2520325203,0
63600000.0,17.968124044033623,102.0,Action,Franchise Pictures,Stephen T. Kay,Sylvester Stallone,10,0,0,623529.4117647059,0
42000000.0,17.553180200057167,113.0,Thriller,Summit Entertainment,Juan Antonio Bayona,Naomi Watts,9,0,0,371681.41592920356,1
55000000.0,17.822843761378564,107.0,Action,Columbia Pictures,Elaine May,Warren Beatty,5,0,0,514018.69158878503,0
40000000.0,17.50439003707821,87.0,Adventure,Twentieth Century Fox Film Corporation,Wes Anderson,George Clooney,10,0,0,459770.1149425287,0
40000000.0,17.50439003707821,103.0,Comedy,Regency Enterprises,Stephen Herek,Angelina Jolie,4,0,0,388349.5145631068,0
40000000.0,17.50439003707821,99.0,Comedy,Regency Enterprises,John Carpenter,Chevy Chase,2,0,0,404040.404040404,0
10000000.0,16.118095750958314,122.0,Comedy,France 3 Cinéma,Jean-Pierre Jeunet,Audrey Tautou,4,0,0,81967.2131147541,1
60000000.0,17.909855136853043,103.0,Comedy,Paramount Pictures,Charles Shyer,Jude Law,10,0,0,582524.2718446602,0
40000000.0,17.50439003707821,107.0,Adventure,Universal Pictures,Ken Kwapis,Drew Barrymore,2,0,0,373831.7757009346,0
38000000.0,17.453096744006448,106.0,Drama,Columbia Pictures Corporation,Ulu Grosbard,Michelle Pfeiffer,3,0,0,358490.56603773584,0
40000000.0,17.50439003707821,101.0,Horror,Milagro Films,William Malone,Stephen Dorff,8,0,0,396039.603960396,0
40000000.0,17.50439003707821,109.0,Adventure,Universal Pictures,Paul Weitz,John C. Reilly,10,0,0,366972.4770642202,0
40000000.0,17.50439003707821,89.0,Action,Miramax Films,Danny DeVito,Ben Stiller,9,0,0,449438.202247191,0
45000000.0,17.622173069956816,82.0,Action,TriStar Pictures,Mic Rodgers,Jean-Claude Van Damme,8,0,0,548780.487804878,0
33000000.0,17.312018149733785,108.0,Action,Impact Pictures,Christian Alvart,Ben Foster,9,0,0,305555.55555555556,0
40000000.0,17.50439003707821,93.0,Action,Paramount Pictures,Christian Duguay,Devon Sawa,11,0,0,430107.5268817204,0
50000000.0,17.72753358339242,107.0,Science Fiction,DNA Films,Danny Boyle,Cillian Murphy,4,0,0,467289.7196261682,0
40000000.0,17.50439003707821,91.0,Drama,Paramount Pictures,Brian Robbins,Eddie Murphy,3,0,0,439560.43956043955,0
40000000.0,17.50439003707821,115.0,Action,StudioCanal,Pierre Morel,Sean Penn,2,0,0,347826.0869565217,0
40000000.0,17.50439003707821,93.0,Adventure,Isle of Man Film,Geoffrey Sax,Alex Pettyfer,7,0,1,430107.5268817204,0
20000000.0,16.811242881518265,105.0,Thriller,Paramount Pictures,D.J. Caruso,Shia LaBeouf,4,0,0,190476.19047619047,1
20000000.0,16.811242881518265,107.0,Action,United Artists,Iain Softley,Jonny Lee Miller,9,0,0,186915.8878504673,0
39200000.0,17.484187330270895,126.0,Action,CJ Entertainment,Bong Joon-ho,Chris Evans,8,0,0,311111.1111111111,1
15000000.0,16.52356082573315,102.0,Fantasy,Miramax Films,Alex Proyas,Brandon Lee,5,0,0,147058.82352941178,1
40000000.0,17.50439003707821,159.0,Action,Arka Media Works,S.S. Rajamouli,Prabhas,7,0,1,251572.32704402515,1
39000000.0,17.479072229734946,107.0,Drama,New Line Cinema,Robert Schwentke,Eric Bana,8,0,0,364485.9813084112,1
39000000.0,17.479072229734946,87.0,Animation,Tim Burton Productions,Tim Burton,Charlie Tahan,10,0,0,448275.8620689655,0
39000000.0,17.479072229734946,119.0,Science Fiction,Universal Pictures,Joss Whedon,Nathan Fillion,8,0,0,327731.0924369748,0
39000000.0,17.479072229734946,106.0,Romance,Paramount Pictures,Charles S. Dutton,Meg Ryan,2,0,0,367924.5283018868,0
39000000.0,17.479072229734946,125.0,Comedy,Warner Bros.,Richard Lester,Christopher Reeve,6,1,1,312000.0,0
40000000.0,17.50439003707821,113.0,Comedy,Gerber Pictures,Peter Segal,Robert De Niro,12,0,1,353982.30088495574,0
80341000.0,18.201790646364717,150.0,Adventure,Metropolitan Filmexport,John Woo,Chang Chen,7,0,1,535606.6666666666,0
30000000.0,17.216707972959764,108.0,Comedy,Touchstone Pictures,Andy Tennant,Reese Witherspoon,9,0,0,277777.77777777775,1
38000000.0,17.453096744006448,96.0,Comedy,Lakeshore Entertainment,Robert Luketic,Katherine Heigl,7,0,1,395833.3333333333,1
38000000.0,17.453096744006448,100.0,Action,Dimension Films,Robert Rodriguez,Antonio Banderas,8,1,0,380000.0,1
38000000.0,17.453096744006448,118.0,Science Fiction,Paramount Pictures,David Carson,Patrick Stewart,11,0,0,322033.89830508473,1
3860000.0,15.166178000508337,130.0,Action,The Weinstein Company,Wong Kar-wai,Tony Leung Chiu-Wai,1,0,0,29692.30769230769,1
38000000.0,17.453096744006448,120.0,Drama,Ingenious Media,Francis Lawrence,Robert Pattinson,3,0,0,316666.6666666667,1
50000000.0,17.72753358339242,146.0,Drama,Universal Pictures,Norman Jewison,Denzel Washington,9,0,0,342465.7534246575,0
38000000.0,17.453096744006448,114.0,Drama,Winkler Films,Michael Apted,Jennifer Lopez,5,0,0,333333.3333333333,0
38000000.0,17.453096744006448,94.0,Action,Columbia Pictures,Andy Fickman,Kevin James,4,1,0,404255.3191489362,1
53000000.0,17.78580249038432,102.0,Drama,Epsilon Motion Pictures,Luis Mandoki,Jennifer Lopez,5,0,0,519607.8431372549,0
38000000.0,17.453096744006448,133.0,Horror,Bac Films,Roman Polanski,Johnny Depp,8,0,0,285714.28571428574,0
38000000.0,17.453096744006448,118.0,Drama,Columbia Pictures,Michael Apted,Hugh Grant,9,0,0,322033.89830508473,0
57000000.0,17.858561843342684,105.0,Music,Bel Air Entertainment,Stephen Herek,Mark Wahlberg,9,0,0,542857.1428571428,0
10000000.0,16.118095750958314,110.0,Drama,Smokewood Entertainment Group,Lee Daniels,Gabourey Sidibe,11,0,0,90909.09090909091,1
38000000.0,17.453096744006448,129.0,Action,Hollywood Pictures,Ridley Scott,Jeff Bridges,2,0,0,294573.6434108527,0
15000000.0,16.52356082573315,109.0,Horror,Universal Pictures,John Carpenter,Kurt Russell,6,0,1,137614.67889908256,0
38000000.0,17.453096744006448,119.0,Science Fiction,One Race Productions,David Twohy,Vin Diesel,9,0,0,319327.731092437,1
37000000.0,17.426428497635523,118.0,Action,Paramount Pictures,Jeb Stuart,Dennis Quaid,10,0,0,313559.3220338983,0
55000000.0,17.822843761378564,90.0,Adventure,Playtone,Gil Kenan,Saoirse Ronan,10,0,0,611111.1111111111,0
32000000.0,17.281246492014,137.0,Drama,Ghoulardi Film Company,Paul Thomas Anderson,Joaquin Phoenix,9,0,0,233576.64233576643,0
38000000.0,17.453096744006448,93.0,Adventure,Ingenious Film Partners,David Leland,Ryan Cartwright,12,0,1,408602.1505376344,0
40000000.0,17.50439003707821,130.0,Drama,Davis Entertainment,Gary Fleder,Rob Brown,10,0,0,307692.3076923077,0
38000000.0,17.453096744006448,112.0,Adventure,Columbia Pictures,J Blakeson,Chloë Grace Moretz,1,0,0,339285.71428571426,1
37000000.0,17.426428497635523,133.0,Drama,New Line Cinema,Ryan Coogler,Michael B. Jordan,11,0,0,278195.4887218045,1
37000000.0,17.426428497635523,125.0,Crime,Legendary Pictures,Ben Affleck,Ben Affleck,9,0,0,296000.0,1
40000000.0,17.50439003707821,110.0,Romance,Alcon Entertainment,Kirk Jones,Cameron Diaz,5,0,0,363636.36363636365,0
37000000.0,17.426428497635523,96.0,Comedy,Mike Zoss Productions,Joel Coen,George Clooney,9,0,0,385416.6666666667,1
37000000.0,17.426428497635523,96.0,Adventure,Walden Media,Jennifer Flackett,Abigail Breslin,4,0,0,385416.6666666667,1
38000000.0,17.453096744006448,123.0,Drama,Revolution Films,Ron Howard,Daniel Brühl,9,0,0,308943.0894308943,1
37000000.0,17.426428497635523,188.0,Drama,New Line Cinema,Paul Thomas Anderson,Julianne Moore,12,0,1,196808.51063829788,0
30000000.0,17.216707972959764,107.0,Action,Warner Bros.,Kevin Smith,Bruce Willis,2,0,0,280373.8317757009,0
38000000.0,17.453096744006448,110.0,Comedy,New Line Cinema,Christian Ditter,Dakota Johnson,1,0,0,345454.54545454547,1
37000000.0,17.426428497635523,113.0,Drama,Alcon Entertainment,Charles Martin Smith,Morgan Freeman,9,0,0,327433.62831858406,1
37000000.0,17.426428497635523,122.0,Adventure,Summit Entertainment,Catherine Hardwicke,Kristen Stewart,11,0,0,303278.68852459016,1
36000000.0,17.399029524198163,116.0,Drama,New Line Cinema,Nick Cassavetes,Denzel Washington,2,0,0,310344.8275862069,1
65000000.0,17.989897843244528,93.0,Action,Columbia Pictures,Les Mayfield,Martin Lawrence,9,0,0,698924.7311827957,0
37000000.0,17.426428497635523,110.0,Comedy,New Line Cinema,Rawson Marshall Thurber,Jason Sudeikis,8,0,0,336363.63636363635,1
36500000.0,17.41282284594998,115.0,Action,Art Pictures Studio,Fyodor Bondarchuk,Vasily Stepanov,12,0,1,317391.3043478261,0
36000000.0,17.399029524198163,95.0,Drama,Paramount Pictures,Jonathan Mostow,Kurt Russell,5,0,0,378947.36842105264,0
36000000.0,17.399029524198163,134.0,Adventure,PSO International,Irvin Kershner,Sean Connery,10,0,0,268656.7164179105,1
36000000.0,17.399029524198163,101.0,Science Fiction,United Artists,Steve Pink,John Cusack,3,0,0,356435.64356435643,0
36000000.0,17.399029524198163,107.0,Family,Alcon Entertainment,Charles Martin Smith,Morgan Freeman,9,1,0,336448.5981308411,0
42000000.0,17.553180200057167,124.0,Thriller,Dimension Films,John Frankenheimer,Ben Affleck,2,0,0,338709.67741935485,0
36000000.0,17.399029524198163,109.0,Action,New Line Cinema,F. Gary Gray,Vin Diesel,4,0,0,330275.2293577982,0
37000000.0,17.426428497635523,105.0,Drama,Scott Rudin Productions,Cameron Crowe,Bradley Cooper,5,0,0,352380.95238095237,0
37000000.0,17.426428497635523,114.0,Drama,New Line Cinema,Mikael Håfström,Anthony Hopkins,1,0,0,324561.4035087719,1
36000000.0,17.399029524198163,106.0,Thriller,Columbia Pictures,Andrew Niccol,Ethan Hawke,9,0,0,339622.641509434,0
36000000.0,17.399029524198163,95.0,Drama,Universal Pictures,Andrew Bergman,Bette Midler,1,0,0,378947.36842105264,0
37000000.0,17.426428497635523,81.0,Animation,Starz Media,Kirk De Micco,Andy Samberg,7,0,1,456790.1234567901,0
35000000.0,17.370858648025116,100.0,Comedy,Legendary Pictures,Todd Phillips,Bradley Cooper,6,0,1,350000.0,1
36000000.0,17.399029524198163,105.0,Action,Mandarin Films Distribution Co.,Wilson Yip,Donnie Yen,12,1,1,342857.14285714284,1
33000000.0,17.312018149733785,95.0,Adventure,New Line Cinema,Jay Roach,Mike Myers,6,0,1,347368.4210526316,1
35000000.0,17.370858648025116,126.0,Fantasy,PolyGram Filmed Entertainment,Tim Burton,Jack Nicholson,6,0,1,277777.77777777775,1
35000000.0,17.370858648025116,118.0,Adventure,Silver Pictures,Richard Donner,Mel Gibson,5,1,0,296610.16949152545,1
29000000.0,17.182806422433504,129.0,Drama,Alcon Entertainment,John Lee Hancock,Sandra Bullock,11,0,0,224806.2015503876,1
35000000.0,17.370858648025116,88.0,Action,Dimension Films,Robert Rodriguez,Alexa PenaVega,3,0,0,397727.2727272727,1
35000000.0,17.370858648025116,98.0,Comedy,New Line Cinema,Seth Gordon,Jennifer Aniston,7,0,1,357142.85714285716,1
38000000.0,17.453096744006448,110.0,Drama,Paramount Pictures,Joel Coen,Jeff Bridges,12,0,1,345454.54545454547,1
35000000.0,17.370858648025116,109.0,Comedy,Twentieth Century Fox Film Corporation,David Frankel,Meryl Streep,6,0,1,321100.91743119265,1
35000000.0,17.370858648025116,132.0,Science Fiction,Paramount Pictures,Robert Wise,William Shatner,12,0,1,265151.51515151514,1
35000000.0,17.370858648025116,111.0,Comedy,Stuber Productions,Seth Gordon,Jason Bateman,2,0,0,315315.3153153153,1
35000000.0,17.370858648025116,128.0,Crime,Universal Pictures,Martin Scorsese,Robert De Niro,11,0,0,273437.5,1
35000000.0,17.370858648025116,123.0,Drama,Columbia Pictures,Robert Luketic,Jim Sturgess,3,0,0,284552.8455284553,0
35000000.0,17.370858648025116,125.0,Comedy,Universal Pictures,Judd Apatow,Amy Schumer,7,0,1,280000.0,1
35000000.0,17.370858648025116,105.0,Comedy,Columbia Pictures,Kevin Rodney Sullivan,Bernie Mac,3,0,0,333333.3333333333,0
27000000.0,17.11134746100564,162.0,Drama,Miramax Films,Anthony Minghella,Ralph Fiennes,11,0,0,166666.66666666666,1
35000000.0,17.370858648025116,138.0,Crime,Regency Enterprises,Curtis Hanson,Kevin Spacey,9,0,0,253623.1884057971,1
35000000.0,17.370858648025116,100.0,Adventure,Walt Disney Pictures,Mike Mitchell,Michael Angarano,7,0,1,350000.0,1
35000000.0,17.370858648025116,108.0,Science Fiction,Metro-Goldwyn-Mayer (MGM),Roger Donaldson,Natasha Henstridge,7,0,1,324074.0740740741,1
1800000.0,14.403297778421795,91.0,Horror,New Line Cinema,Wes Craven,John Saxon,11,0,0,19780.21978021978,1
33000000.0,17.312018149733785,107.0,Horror,New Line Cinema,Tarsem Singh,Jennifer Lopez,8,0,0,308411.21495327103,1
35000000.0,17.370858648025116,123.0,Drama,Walt Disney Pictures,Randall Wallace,Diane Lane,8,0,0,284552.8455284553,0
34000000.0,17.341871111992198,90.0,Adventure,The Weinstein Company,Kevin Munroe,Chris Evans,3,0,0,377777.77777777775,1
32000000.0,17.281246492014,109.0,Drama,Revolution Studios,Mike Tollin,Cuba Gooding Jr.,10,0,0,293577.9816513761,0
35000000.0,17.370858648025116,109.0,Romance,Castle Rock Entertainment,Will Gluck,Justin Timberlake,7,0,1,321100.91743119265,1
35000000.0,17.370858648025116,91.0,Comedy,Universal Pictures,Nicholas Stoller,Seth Rogen,5,1,0,384615.3846153846,1
35000000.0,17.370858648025116,125.0,Comedy,Walt Disney Pictures,John Lee Hancock,Emma Thompson,11,0,0,280000.0,1
34000000.0,17.341871111992198,202.0,Drama,JVC Entertainment,Spike Lee,Denzel Washington,11,0,0,168316.8316831683,0
35000000.0,17.370858648025116,134.0,Comedy,Apatow Productions,Judd Apatow,Paul Rudd,12,0,1,261194.02985074627,1
35000000.0,17.370858648025116,88.0,Comedy,Walt Disney Pictures,Walt Becker,Robin Williams,11,0,0,397727.2727272727,1
35000000.0,17.370858648025116,92.0,Fantasy,Lakeshore Entertainment,Patrick Tatopoulos,Bill Nighy,1,0,0,380434.7826086957,1
35000000.0,17.370858648025116,91.0,Comedy,Village Roadshow Pictures,Ken Kwapis,Robin Williams,7,0,1,384615.3846153846,0
30000000.0,17.216707972959764,98.0,Comedy,Team Todd,Gary David Goldberg,Diane Lane,7,0,1,306122.44897959183,0
35000000.0,17.370858648025116,127.0,Crime,TriStar Pictures,Mike Newell,Johnny Depp,2,0,0,275590.55118110235,0
33000000.0,17.312018149733785,100.0,Horror,Impact Pictures,Paul W.S. Anderson,Milla Jovovich,3,0,0,330000.0,1
10700000.0,16.185754392890075,114.0,Horror,SLM Production Group,Tobe Hooper,Craig T. Nelson,6,0,1,93859.64912280702,1
35000000.0,17.370858648025116,100.0,Action,Dune Entertainment,John Moore,Mark Wahlberg,10,0,0,350000.0,1
40000000.0,17.50439003707821,109.0,Action,Regency Enterprises,Andrew Niccol,Justin Timberlake,10,0,0,366972.4770642202,1
35000000.0,17.370858648025116,106.0,Comedy,Escape Artists,Alan Poul,Jennifer Lopez,4,0,0,330188.679245283,1
35000000.0,17.370858648025116,112.0,Comedy,Alcon Entertainment,Luke Greenfield,Kate Hudson,5,0,0,312500.0,0
35000000.0,17.370858648025116,102.0,Comedy,Paramount Pictures,Michael Ritchie,Walter Matthau,4,0,0,343137.2549019608,0
35000000.0,17.370858648025116,102.0,Action,Universal Pictures,Steven E. de Souza,Jean-Claude Van Damme,12,0,1,343137.2549019608,1
35000000.0,17.370858648025116,150.0,Drama,Bac Films,Roman Polanski,Adrien Brody,9,0,0,233333.33333333334,1
40000000.0,17.50439003707821,113.0,Horror,Village Roadshow Pictures,Jaume Collet-Serra,Elisha Cuthbert,4,0,0,353982.30088495574,0
27000000.0,17.11134746100564,104.0,Drama,Columbia Pictures,Mike Nichols,Julia Roberts,12,0,1,259615.38461538462,1
35000000.0,17.370858648025116,137.0,Drama,Imagine Entertainment,Clint Eastwood,Leonardo DiCaprio,11,0,0,255474.45255474452,1
35000000.0,17.370858648025116,110.0,Horror,Regency Enterprises,Alexandre Aja,Kiefer Sutherland,8,0,0,318181.8181818182,1
35000000.0,17.370858648025116,101.0,Drama,Village Roadshow Pictures,Michael Rymer,Stuart Townsend,2,0,0,346534.65346534655,0
35000000.0,17.370858648025116,108.0,Science Fiction,Twentieth Century Fox Film Corporation,Stephen Hopkins,Kevin Peter Hall,11,1,0,324074.0740740741,0
35000000.0,17.370858648025116,101.0,Drama,Lakeshore Entertainment,Gregory Hoblit,Diane Lane,1,0,0,346534.65346534655,0
35000000.0,17.370858648025116,112.0,Comedy,New Line Cinema,Hugh Wilson,Brendan Fraser,2,0,0,312500.0,0
35000000.0,17.370858648025116,111.0,Science Fiction,Dino De Laurentiis Company,Mike Hodges,Sam J. Jones,9,0,0,315315.3153153153,0
35000000.0,17.370858648025116,102.0,Comedy,Miramax Films,Kevin Smith,Ben Affleck,3,0,0,343137.2549019608,0
45000000.0,17.622173069956816,101.0,Action,Summit Entertainment,Rob Cohen,Tyler Perry,10,0,0,445544.55445544556,0
35000000.0,17.370858648025116,155.0,Crime,Warner Bros.,Clint Eastwood,John Cusack,11,0,0,225806.4516129032,0
8900000.0,16.001561947061912,93.0,Crime,Emmett/Furla Films,Scott Mann,Jeffrey Dean Morgan,11,0,0,95698.9247311828,0
35000000.0,17.370858648025116,109.0,Comedy,Universal Pictures,Susanna White,Emma Thompson,3,0,0,321100.91743119265,1
30000000.0,17.216707972959764,104.0,Drama,Twentieth Century Fox Film Corporation,Chris Carter,David Duchovny,7,0,1,288461.53846153844,1
31000000.0,17.249497794707484,96.0,Family,World 2000 Entertainment,Tommy O'Haver,Anne Hathaway,4,0,0,322916.6666666667,0
35000000.0,17.370858648025116,123.0,Drama,Columbia Pictures,Peter Landesman,Will Smith,11,0,0,284552.8455284553,0
35000000.0,17.370858648025116,106.0,Thriller,Lions Gate Films,John Singleton,Taylor Lautner,9,0,0,330188.679245283,1
35000000.0,17.370858648025116,76.0,Animation,Vanguard Films,Gary Chapman,Ewan McGregor,3,0,0,460526.3157894737,0
35000000.0,17.370858648025116,85.0,Action,Dimension Films,Craig Mazin,Drake Bell,3,0,0,411764.70588235295,0
56000000.0,17.840862266556567,109.0,Thriller,Regency Enterprises,Allen Hughes,Mark Wahlberg,1,0,0,513761.46788990824,0
35000000.0,17.370858648025116,97.0,Horror,Craven-Maddalena Films,Wes Craven,Portia de Rossi,2,0,0,360824.74226804124,0
35000000.0,17.370858648025116,91.0,Crime,Pariah Entertainment Group,David Koepp,Joseph Gordon-Levitt,8,0,0,384615.3846153846,0
35000000.0,17.370858648025116,87.0,Action,New Line Cinema,Anne Fletcher,Reese Witherspoon,5,0,0,402298.8505747126,0
35000000.0,17.370858648025116,132.0,War,Paramount Pictures,Shekhar Kapur,Heath Ledger,9,0,0,265151.51515151514,0
35000000.0,17.370858648025116,118.0,Action,SND,Taylor Hackford,Jason Statham,1,0,0,296610.16949152545,0
31000000.0,17.249497794707484,98.0,Comedy,Universal Pictures,Richard Loncraine,Kirsten Dunst,9,0,0,316326.5306122449,0
35000000.0,17.370858648025116,92.0,Comedy,Summit Entertainment,Roger Kumble,Brendan Fraser,4,0,0,380434.7826086957,0
27000000.0,17.11134746100564,117.0,Fantasy,Columbia Pictures Corporation,Peter Yates,Ken Marshall,7,0,1,230769.23076923078,0
35000000.0,17.370858648025116,92.0,Action,Cruise/Wagner Productions,Robert Redford,Robert Redford,10,0,0,380434.7826086957,0
35000000.0,17.370858648025116,96.0,Comedy,Columbia Pictures Corporation,Jake Kasdan,John C. Reilly,12,0,1,364583.3333333333,0
35000000.0,17.370858648025116,94.0,Action,Morgan Creek Productions,Les Mayfield,Colin Farrell,8,0,0,372340.42553191487,0
35000000.0,17.370858648025116,105.0,Drama,GK Films,Jean-Marc Vallée,Emily Blunt,3,0,0,333333.3333333333,0
40000000.0,17.50439003707821,101.0,Action,StudioCanal,Dominic Sena,Kate Beckinsale,9,0,0,396039.603960396,0
32000000.0,17.281246492014,139.0,Drama,Fox Searchlight Pictures,Terrence Malick,Brad Pitt,5,0,0,230215.8273381295,0
35000000.0,17.370858648025116,110.0,Action,Open Road Films,David Ayer,Arnold Schwarzenegger,3,0,0,318181.8181818182,0
35000000.0,17.370858648025116,102.0,Drama,Twentieth Century Fox Film Corporation,Brian Helgeland,Heath Ledger,9,0,0,343137.2549019608,0
20500000.0,16.835935492889124,102.0,Action,Lionsgate,Lexi Alexander,Ray Stevenson,12,0,1,200980.39215686274,0
35000000.0,17.370858648025116,83.0,Family,Columbia Pictures,Peter Hewitt,Tim Allen,8,0,0,421686.7469879518,0
35000000.0,17.370858648025116,123.0,Adventure,TriStar Pictures,Robert Zemeckis,Joseph Gordon-Levitt,9,0,0,284552.8455284553,0
35000000.0,17.370858648025116,118.0,Comedy,Fox 2000 Pictures,Ridley Scott,Russell Crowe,9,0,0,296610.16949152545,0
35000000.0,17.370858648025116,114.0,Drama,Columbia Pictures,Richard Donner,Elijah Wood,2,0,0,307017.5438596491,0
35000000.0,17.370858648025116,114.0,Thriller,Epsilon Motion Pictures,Brian De Palma,Rebecca Romijn,11,0,0,307017.5438596491,0
35000000.0,17.370858648025116,135.0,War,France 2 Cinéma,Jean-Paul Rappeneau,Juliette Binoche,9,0,0,259259.25925925927,0
38000000.0,17.453096744006448,138.0,Drama,Universal Pictures,Ang Lee,Tobey Maguire,11,0,0,275362.3188405797,0
35000000.0,17.370858648025116,93.0,Action,Ultra Films,Joachim Rønning,Penélope Cruz,1,0,0,376344.08602150535,0
34000000.0,17.341871111992198,113.0,Action,Ingenious Media,Wes Ball,Dylan O'Brien,9,0,0,300884.9557522124,1
35000000.0,17.370858648025116,91.0,Comedy,Studio Babelsberg,Ken Scott,Vince Vaughn,3,0,0,384615.3846153846,0
34000000.0,17.341871111992198,139.0,Drama,Columbia Pictures,Martin Scorsese,Daniel Day-Lewis,9,0,0,244604.3165467626,0
35000000.0,17.370858648025116,96.0,Drama,Regency Enterprises,Darren Aronofsky,Hugh Jackman,9,0,0,364583.3333333333,0
70000000.0,18.064005814299346,101.0,Action,Warner Bros.,Hugh Johnson,Cuba Gooding Jr.,9,0,0,693069.3069306931,0
35000000.0,17.370858648025116,96.0,Action,Saturn Films,Simon West,Nicolas Cage,5,0,0,364583.3333333333,0
41677699.0,17.545476771545133,100.0,Animation,Studio Ghibli,Hayao Miyazaki,Yuria Nara,7,0,1,416776.99,1
34000000.0,17.341871111992198,128.0,Drama,Fox 2000 Pictures,"George Tillman, Jr.",Scott Eastwood,4,0,0,265625.0,0
75000000.0,18.132998684833918,109.0,Drama,New Line Cinema,Rand Ravich,Johnny Depp,8,0,0,688073.3944954128,0
35000000.0,17.370858648025116,141.0,Drama,Distant Horizons,Justin Chadwick,Idris Elba,12,0,1,248226.95035460993,0
32000000.0,17.281246492014,195.0,Drama,Barclays Mercantile Industrial Finance,Warren Beatty,Warren Beatty,12,0,1,164102.5641025641,0
40000000.0,17.50439003707821,138.0,Drama,David Brown Productions,Rob Reiner,Tom Cruise,12,0,1,289855.0724637681,1
50000000.0,17.72753358339242,101.0,Action,Village Roadshow Pictures,Andrzej Bartkowiak,Steven Seagal,3,0,0,495049.50495049503,0
30000000.0,17.216707972959764,98.0,Crime,Twentieth Century Fox Film Corporation,Raja Gosnell,Martin Lawrence,5,0,0,306122.44897959183,1
30000000.0,17.216707972959764,89.0,Horror,Summit Entertainment,Chris Gorak,Emile Hirsch,12,0,1,337078.65168539324,1
33000000.0,17.312018149733785,99.0,Music,Summit Entertainment,Scott Speer,Kathryn McCormick,7,0,1,333333.3333333333,1
33000000.0,17.312018149733785,105.0,Action,New Line Cinema,David R. Ellis,Samuel L. Jackson,8,0,0,314285.71428571426,0
33000000.0,17.312018149733785,124.0,Action,Lions Gate Films,Jonathan Hensleigh,Thomas Jane,4,0,0,266129.03225806454,0
30000000.0,17.216707972959764,118.0,Drama,Touchstone Pictures,Danny Cannon,Kuno Becker,6,0,1,254237.28813559323,0
30000000.0,17.216707972959764,94.0,Action,Lawrence Bender Productions,Boaz Yakin,Jason Statham,4,0,0,319148.93617021275,0
32350000.0,17.292124609823084,135.0,Adventure,Lucasfilm,Richard Marquand,Mark Hamill,5,0,0,239629.62962962964,1
30000000.0,17.216707972959764,108.0,Action,Rogue Pictures,Neil Marshall,Rhona Mitra,3,0,0,277777.77777777775,0
32000000.0,17.281246492014,124.0,Drama,Studio Babelsberg,Stephen Daldry,Kate Winslet,12,0,1,258064.51612903227,1
35000000.0,17.370858648025116,98.0,Comedy,Relativity Media,David Wain,Paul Rudd,2,0,0,357142.85714285716,0
32000000.0,17.281246492014,97.0,Comedy,New Line Cinema,Jon Favreau,Will Ferrell,10,0,0,329896.90721649484,1
32000000.0,17.281246492014,123.0,Drama,Touchstone Pictures,Jon Turteltaub,John Travolta,7,0,1,260162.60162601626,1
32000000.0,17.281246492014,92.0,Comedy,Paramount Pictures,Jared Hess,Jack Black,6,0,1,347826.0869565217,1
32500000.0,17.296750678069195,125.0,Comedy,Universal Pictures,Paul Feig,Kristen Wiig,4,0,0,260000.0,1
32000000.0,17.281246492014,107.0,Action,Columbia Pictures,Seth Rogen,James Franco,6,0,1,299065.4205607477,1
29000000.0,17.182806422433504,103.0,Horror,FGM Entertainment,Rupert Wainwright,Patricia Arquette,9,0,0,281553.3980582524,0
32000000.0,17.281246492014,129.0,Drama,Fox 2000 Pictures,"George Tillman, Jr.",Robert De Niro,9,0,0,248062.01550387597,0
32000000.0,17.281246492014,107.0,Action,Rainforest Films,John Luessenhop,Chris Brown,8,0,0,299065.4205607477,1
35000000.0,17.370858648025116,90.0,Comedy,Millenium Films,Justin Zackham,Robert De Niro,4,0,0,388888.8888888889,0
32000000.0,17.281246492014,107.0,Crime,Twentieth Century Fox Film Corporation,John Whitesell,Martin Lawrence,2,1,0,299065.4205607477,1
32000000.0,17.281246492014,93.0,Thriller,The Mark Gordon Company,Duncan Jones,Jake Gyllenhaal,3,0,0,344086.0215053763,1
32000000.0,17.281246492014,120.0,Action,Paramount Pictures,Frank Marshall,Ethan Hawke,1,0,0,266666.6666666667,0
30000000.0,17.216707972959764,101.0,Thriller,New Line Cinema,Joel Schumacher,Jim Carrey,2,0,0,297029.702970297,1
33000000.0,17.312018149733785,105.0,Adventure,Epithète Films,Jean-Pierre Jeunet,Kyle Catlett,10,0,0,314285.71428571426,0
35000000.0,17.370858648025116,113.0,Action,Columbia Pictures,Steven Spielberg,Dan Aykroyd,12,0,1,309734.5132743363,0
32000000.0,17.281246492014,96.0,Drama,New Line Cinema,David Cronenberg,Viggo Mortensen,9,0,0,333333.3333333333,0
32000000.0,17.281246492014,87.0,Action,Canal Plus,Louis Leterrier,Jason Statham,8,1,0,367816.091954023,1
32000000.0,17.281246492014,107.0,Action,TriStar Pictures,Sam Raimi,Sharon Stone,2,0,0,299065.4205607477,0
28000000.0,17.147715103853763,90.0,Action,New Line Cinema,Peter Howitt,Pierce Brosnan,4,0,0,311111.1111111111,0
32000000.0,17.281246492014,111.0,Action,Universal Pictures,Miguel Sapochnik,Jude Law,3,0,0,288288.2882882883,0
70000000.0,18.064005814299346,90.0,Fantasy,Younggu-Art Movies,Shim Hyung-Rae,Jason Behr,2,0,0,777777.7777777778,0
30000000.0,17.216707972959764,100.0,Comedy,New Line Cinema,Don Scardino,Steve Carell,3,0,0,300000.0,0
32000000.0,17.281246492014,75.0,Animation,Warner Bros. Pictures,Mark Dindal,Scott Bakula,3,0,0,426666.6666666667,0
32000000.0,17.281246492014,108.0,War,Warner Bros.,Steven Soderbergh,George Clooney,12,0,1,296296.2962962963,0
31500000.0,17.265498135541893,153.0,Drama,United Artists,Francis Ford Coppola,Martin Sheen,8,0,0,205882.35294117648,1
32000000.0,17.281246492014,102.0,Comedy,New Line Cinema,Nanette Burstein,Drew Barrymore,9,0,0,313725.49019607843,0
31500000.0,17.265498135541893,113.0,Action,Lionsgate,Ariel Vromen,Kevin Costner,4,0,0,278761.06194690266,0
31000000.0,17.249497794707484,161.0,Drama,Universal Pictures,Sydney Pollack,Meryl Streep,12,0,1,192546.58385093167,1
31000000.0,17.249497794707484,138.0,Drama,Paramount Pictures,Robert Zemeckis,Denzel Washington,11,0,0,224637.6811594203,1
34000000.0,17.341871111992198,126.0,Action,United Artists,Lewis Gilbert,Roger Moore,6,0,1,269841.2698412698,1
30000000.0,17.216707972959764,99.0,Comedy,Fox Searchlight Pictures,Wes Anderson,Ralph Fiennes,2,0,0,303030.30303030304,1
31000000.0,17.249497794707484,101.0,Drama,Castle Rock Entertainment,Scott Hicks,Anthony Hopkins,9,0,0,306930.69306930696,0
31000000.0,17.249497794707484,103.0,Comedy,Amblin Entertainment,Frank Marshall,Jeff Daniels,8,0,0,300970.87378640776,0
31000000.0,17.249497794707484,118.0,Crime,New Line Cinema,Gregory Hoblit,Dennis Quaid,4,0,0,262711.86440677964,1
31000000.0,17.249497794707484,99.0,Comedy,New Line Cinema,John Francis Daley,Ed Helms,7,1,1,313131.31313131313,1
30250000.0,17.225006775498976,105.0,Comedy,Jersey Films,Barry Sonnenfeld,John Travolta,10,0,0,288095.2380952381,1
45000000.0,17.622173069956816,113.0,Action,Miramax Films,Rob Marshall,Catherine Zeta-Jones,12,0,1,398230.08849557524,1
34200000.0,17.3477362312726,93.0,Comedy,Columbia Pictures,Dennis Dugan,Adam Sandler,6,0,1,367741.93548387097,1
30000000.0,17.216707972959764,108.0,Comedy,Universal Pictures,J.B. Rogers,Jason Biggs,8,1,0,277777.77777777775,1
30000000.0,17.216707972959764,81.0,Animation,Pixar Animation Studios,John Lasseter,Tom Hanks,10,0,0,370370.3703703704,1
30000000.0,17.216707972959764,116.0,Action,Twentieth Century Fox Film Corporation,Jan de Bont,Keanu Reeves,6,0,1,258620.6896551724,1
30000000.0,17.216707972959764,104.0,Drama,Spyglass Entertainment,Michael Sucsy,Rachel McAdams,2,0,0,288461.53846153844,1
31000000.0,17.249497794707484,105.0,Drama,Double Feature Films,Tom Vaughan,Harrison Ford,1,0,0,295238.09523809527,0
30000000.0,17.216707972959764,113.0,Drama,Walt Disney Pictures,Boaz Yakin,Denzel Washington,9,0,0,265486.7256637168,1
30000000.0,17.216707972959764,134.0,Action,Paramount Pictures,John McTiernan,Alec Baldwin,3,0,0,223880.59701492538,1
25000000.0,17.034386422832473,132.0,Drama,Laura Ziskin Productions,Lee Daniels,Forest Whitaker,8,0,0,189393.9393939394,1
20000000.0,16.811242881518265,92.0,Comedy,Twentieth Century Fox Film Corporation,Rawson Marshall Thurber,Vince Vaughn,6,0,1,217391.30434782608,1
30000000.0,17.216707972959764,99.0,Horror,Paramount Pictures,Barry Sonnenfeld,Raúl Juliá,11,0,0,303030.30303030304,1
30000000.0,17.216707972959764,90.0,Crime,O Entertainment,Steve Oedekerk,Jim Carrey,11,0,0,333333.3333333333,1
37000000.0,17.426428497635523,115.0,Comedy,Walt Disney Pictures,Garry Marshall,Anne Hathaway,8,0,0,321739.1304347826,1
26000000.0,17.073607134447293,102.0,Comedy,Scott Rudin Productions,Hugh Wilson,Goldie Hawn,9,0,0,254901.96078431373,1
33000000.0,17.312018149733785,127.0,Crime,New Line Cinema,David Fincher,Brad Pitt,9,0,0,259842.51968503938,1
30000000.0,17.216707972959764,112.0,Science Fiction,WingNut Films,Neill Blomkamp,Sharlto Copley,8,1,0,267857.14285714284,1
30000000.0,17.216707972959764,87.0,Animation,Paramount Pictures,Stephen Hillenburg,Tom Kenny,11,0,0,344827.5862068966,1
25000000.0,17.034386422832473,138.0,Thriller,Village Roadshow Pictures,Clint Eastwood,Sean Penn,10,0,0,181159.42028985507,1
30000000.0,17.216707972959764,132.0,Drama,Lakeshore Entertainment,Clint Eastwood,Clint Eastwood,12,0,1,227272.72727272726,1
80000000.0,18.197537205138154,103.0,Comedy,Spring Creek Productions,Harold Ramis,Robert De Niro,3,0,0,776699.0291262136,1
29000000.0,17.182806422433504,123.0,Romance,New Line Cinema,Nick Cassavetes,Rachel McAdams,6,0,1,235772.35772357724,1
30000000.0,17.216707972959764,111.0,Comedy,Spyglass Entertainment,Anne Fletcher,Katherine Heigl,1,0,0,270270.2702702703,1
35000000.0,17.370858648025116,102.0,Comedy,Walt Disney Pictures,Peter Chelsom,Miley Cyrus,4,0,0,343137.2549019608,1
30.0,3.4339872044851463,78.0,Adventure,Paramount Pictures,Stig Bergqvist,E.G. Daily,9,0,0,0.38461538461538464,1
30000000.0,17.216707972959764,132.0,Drama,Columbia Pictures,Barbra Streisand,Nick Nolte,12,0,1,227272.72727272726,1
30000000.0,17.216707972959764,133.0,Adventure,Bedford Falls Productions,Edward Zwick,Brad Pitt,12,0,1,225563.9097744361,1
25000000.0,17.034386422832473,109.0,Drama,Paramount Pictures,Jason Reitman,George Clooney,9,0,0,229357.79816513762,1
30000000.0,17.216707972959764,125.0,Drama,New Line Cinema,Alexander Payne,Jack Nicholson,12,0,1,240000.0,1
35000000.0,17.370858648025116,97.0,Horror,Summit Entertainment,Jonathan Levine,Nicholas Hoult,1,0,0,360824.74226804124,1
30000000.0,17.216707972959764,118.0,Action,Endgame Entertainment,Rian Johnson,Joseph Gordon-Levitt,9,0,0,254237.28813559323,0
30000000.0,17.216707972959764,89.0,Fantasy,Universal Pictures,Chris Noonan,Christine Cavanaugh,7,0,1,337078.65168539324,1
30000000.0,17.216707972959764,100.0,Drama,Columbia Pictures,David Frankel,Meryl Streep,8,0,0,300000.0,1
30000000.0,17.216707972959764,111.0,Comedy,Universal Pictures,Nicholas Stoller,Jason Segel,4,0,0,270270.2702702703,1
45000000.0,17.622173069956816,109.0,Action,Paramount Pictures,John Singleton,Mark Wahlberg,8,0,0,412844.0366972477,1
30000000.0,17.216707972959764,99.0,Comedy,Relativity Media,Michael McCullers,Tina Fey,4,0,0,303030.30303030304,1
30000000.0,17.216707972959764,89.0,Comedy,Dune Entertainment,Gary Winick,Anne Hathaway,1,0,0,337078.65168539324,1
19000000.0,16.759949589762293,95.0,Action,Paramount Pictures,Steven Brill,Seth Green,8,0,0,200000.0,1
37000000.0,17.426428497635523,98.0,Comedy,Columbia Pictures,Gary Winick,Jennifer Garner,4,0,0,377551.02040816325,1
30000000.0,17.216707972959764,94.0,Fantasy,Gravier Productions,Woody Allen,Owen Wilson,5,0,0,319148.93617021275,1
53000000.0,17.78580249038432,124.0,Crime,New Line Cinema,Ted Demme,Johnny Depp,4,0,0,427419.3548387097,0
80000000.0,18.197537205138154,131.0,Romance,Bel Air Entertainment,Luis Mandoki,Kevin Costner,2,0,0,610687.0229007633,0
30000000.0,17.216707972959764,107.0,Science Fiction,Paramount Pictures,William Shatner,William Shatner,6,0,1,280373.8317757009,1
30000000.0,17.216707972959764,83.0,Comedy,Paramount Pictures,Peter Segal,Leslie Nielsen,3,0,0,361445.7831325301,0
30000000.0,17.216707972959764,131.0,Adventure,Eon Productions,John Glen,Roger Moore,5,0,0,229007.63358778626,1
30000000.0,17.216707972959764,85.0,Adventure,Aardman Animations,Nick Park,Peter Sallis,9,0,0,352941.17647058825,1
30000000.0,17.216707972959764,126.0,Drama,Wendy Finerman Productions,Richard LaGravenese,Hilary Swank,11,0,0,238095.2380952381,1
30000000.0,17.216707972959764,102.0,Comedy,Alcon Entertainment,Frederik Du Chau,Frankie Muniz,1,0,0,294117.64705882355,1
30000000.0,17.216707972959764,123.0,Drama,Universal Pictures,Joe Wright,Keira Knightley,8,0,0,243902.43902439025,1
30000000.0,17.216707972959764,125.0,Action,Paramount Pictures,Ridley Scott,Michael Douglas,9,0,0,240000.0,0
30000000.0,17.216707972959764,92.0,Comedy,Wessler Entertainment,Bobby Farrelly,Sean Hayes,4,0,0,326086.95652173914,0
40000000.0,17.50439003707821,77.0,Romance,Tim Burton Animation Company,Tim Burton,Johnny Depp,9,0,0,519480.51948051946,1
30000000.0,17.216707972959764,121.0,Action,Lionsgate,Denis Villeneuve,Emily Blunt,9,0,0,247933.88429752065,1
30000000.0,17.216707972959764,123.0,Action,Escape Artists,Antoine Fuqua,Jake Gyllenhaal,6,0,1,243902.43902439025,1
30000000.0,17.216707972959764,99.0,Horror,Universal Pictures,Sam Raimi,Alison Lohman,3,0,0,303030.30303030304,1
25000000.0,17.034386422832473,112.0,Fantasy,Lakeshore Entertainment,Lee Toland Krieger,Blake Lively,4,0,0,223214.2857142857,1
30000000.0,17.216707972959764,107.0,Drama,Summit Entertainment,Jon M. Chu,Rick Malambri,8,0,0,280373.8317757009,1
25000000.0,17.034386422832473,104.0,Adventure,Imagine Entertainment,John Stockwell,Kate Bosworth,8,0,0,240384.61538461538,1
30000000.0,17.216707972959764,113.0,Comedy,Mandate Pictures,Marc Forster,Will Ferrell,9,0,0,265486.7256637168,0
30000000.0,17.216707972959764,113.0,Horror,Columbia Pictures,David Slade,Josh Hartnett,10,0,0,265486.7256637168,1
30000000.0,17.216707972959764,95.0,Horror,Lionsgate,Drew Goddard,Kristen Connolly,4,0,0,315789.4736842105,1
30000000.0,17.216707972959764,84.0,Comedy,Regency Enterprises,Jason Friedberg,Sean Maguire,1,0,0,357142.85714285716,1
30000000.0,17.216707972959764,126.0,Adventure,Universal Pictures,Martin Brest,Robert De Niro,7,0,1,238095.2380952381,0
27000000.0,17.11134746100564,101.0,Action,Keith Barish Productions,Paul Michael Glaser,Arnold Schwarzenegger,11,0,0,267326.7326732673,0
25000000.0,17.034386422832473,94.0,Horror,The Geffen Company,Frank Oz,Rick Moranis,12,0,1,265957.44680851063,0
30000000.0,17.216707972959764,111.0,Action,Focus Features,Joe Wright,Saoirse Ronan,4,0,0,270270.2702702703,1
30000000.0,17.216707972959764,95.0,Action,New Line Cinema,John R. Leonetti,Robin Shou,11,0,0,315789.4736842105,0
30000000.0,17.216707972959764,98.0,Comedy,Universal Pictures,Tom Hanks,Tom Hanks,6,0,1,306122.44897959183,0
30000000.0,17.216707972959764,100.0,Drama,Screen Gems,Kimberly Peirce,Chloë Grace Moretz,10,0,0,300000.0,1
30000000.0,17.216707972959764,108.0,Music,New Line Cinema,Liz Friedlander,Antonio Banderas,3,0,0,277777.77777777775,0
30000000.0,17.216707972959764,125.0,Action,Columbia Pictures,Phil Joanou,Dwayne Johnson,9,0,0,240000.0,0
30000000.0,17.216707972959764,79.0,Action,Focus Films,Shane Acker,Christopher Plummer,8,1,0,379746.83544303797,0
30000000.0,17.216707972959764,106.0,Thriller,Di Bonaventura Pictures,Steven Soderbergh,Jude Law,2,0,0,283018.8679245283,1
30000000.0,17.216707972959764,63.0,Animation,Walt Disney Pictures,Stephen Anderson,Jim Cummings,4,0,0,476190.4761904762,0
19000000.0,16.759949589762293,85.0,Comedy,New Line Cinema,Troy Miller,Mimi Rogers,6,0,1,223529.41176470587,1
30000000.0,17.216707972959764,108.0,Comedy,Twentieth Century Fox Film Corporation,Warren Beatty,Warren Beatty,5,0,0,277777.77777777775,0
30000000.0,17.216707972959764,106.0,Action,Paramount Pictures,Brett Leonard,Denzel Washington,8,0,0,283018.8679245283,0
30000000.0,17.216707972959764,108.0,Action,Universal Pictures,Alister Grierson,Ioan Gruffudd,2,0,0,277777.77777777775,1
35000000.0,17.370858648025116,111.0,Comedy,Revolution Studios,Nick Hurran,Brittany Murphy,8,0,0,315315.3153153153,0
30000000.0,17.216707972959764,124.0,Comedy,Universal Pictures,Nicholas Stoller,Jason Segel,4,0,0,241935.48387096773,0
30000000.0,17.216707972959764,104.0,Comedy,Touchstone Pictures,Charles Stone III,Bernie Mac,6,0,1,288461.53846153844,0
30000000.0,17.216707972959764,133.0,Romance,Lionsgate,Paul Haggis,Russell Crowe,11,0,0,225563.9097744361,0
30000000.0,17.216707972959764,87.0,Science Fiction,Screen Gems,Kurt Wimmer,Milla Jovovich,3,0,0,344827.5862068966,0
30000000.0,17.216707972959764,109.0,Thriller,Rogue Pictures,Jean-François Richet,Ethan Hawke,1,0,0,275229.3577981651,0
30000000.0,17.216707972959764,87.0,Action,Columbia Pictures Corporation,Antoine Fuqua,Chow Yun-fat,2,0,0,344827.5862068966,0
25000000.0,17.034386422832473,98.0,Action,Metro-Goldwyn-Mayer (MGM),Kevin Hooks,Laurence Fishburne,7,0,1,255102.04081632654,0
30000000.0,17.216707972959764,112.0,Drama,Bedford Falls Productions,Edward Zwick,Jake Gyllenhaal,11,0,0,267857.14285714284,1
30000000.0,17.216707972959764,108.0,Crime,TriStar Pictures,Jon Avnet,Al Pacino,2,0,0,277777.77777777775,0
35000000.0,17.370858648025116,126.0,Drama,Warner Bros.,Niki Caro,Charlize Theron,2,0,0,277777.77777777775,0
40000000.0,17.50439003707821,98.0,Comedy,Cheyenne Enterprises,Howard Deutch,Bruce Willis,4,0,0,408163.2653061224,0
37000000.0,17.426428497635523,110.0,Comedy,Lucasfilm,Willard Huyck,Lea Thompson,8,0,0,336363.63636363635,0
30000000.0,17.216707972959764,130.0,Thriller,New Line Cinema,Gavin O'Connor,Edward Norton,9,0,0,230769.23076923078,0
30000000.0,17.216707972959764,97.0,Action,Lakeshore Entertainment,Bruce Hunt,Cole Hauser,8,0,0,309278.3505154639,0
30000000.0,17.216707972959764,96.0,Comedy,Epsilon Motion Pictures,Rob Reiner,Luke Wilson,6,0,1,312500.0,0
30000000.0,17.216707972959764,114.0,Drama,Lakeshore Entertainment,Paul McGuigan,Josh Hartnett,9,0,0,263157.8947368421,0
17000000.0,16.648723960844016,106.0,Horror,Touchstone Pictures,Craig Gillespie,Anton Yelchin,8,0,0,160377.35849056602,0
30000000.0,17.216707972959764,135.0,Drama,New Line Cinema,Terrence Malick,Colin Farrell,12,0,1,222222.22222222222,0
25000000.0,17.034386422832473,102.0,Drama,Lions Gate Films,Nick Hamm,Greg Kinnear,4,0,0,245098.03921568627,0
23000000.0,16.951004817371683,111.0,Comedy,Alcon Entertainment,Andy Cadiff,Mandy Moore,1,0,0,207207.20720720722,0
30000000.0,17.216707972959764,86.0,Comedy,HW Two,Mike Disa,Hayden Panettiere,4,1,0,348837.20930232556,0
30000000.0,17.216707972959764,108.0,Drama,Miramax Films,Lasse Hallström,Robert Redford,9,0,0,277777.77777777775,0
30000000.0,17.216707972959764,123.0,Adventure,Infinity Features Entertainment,Terry Gilliam,Christopher Plummer,10,0,0,243902.43902439025,1
30000000.0,17.216707972959764,134.0,Comedy,Serendipity Point Films,Richard J. Lewis,Paul Giamatti,10,0,0,223880.59701492538,0
30000000.0,17.216707972959764,91.0,Crime,Double Feature Films,Brad Furman,Ben Affleck,9,0,0,329670.3296703297,1
30000000.0,17.216707972959764,108.0,Action,Industry Entertainment,Peter Howitt,Ryan Phillippe,1,0,0,277777.77777777775,0
18000000.0,16.705882371415992,122.0,War,TriStar Pictures,Edward Zwick,Matthew Broderick,12,0,1,147540.9836065574,0
30000000.0,17.216707972959764,92.0,Drama,BBC Films,Chris Noonan,Ewan McGregor,12,0,1,326086.95652173914,0
21000000.0,16.860033043306743,87.0,Adventure,Impact Pictures,Corey Yuen Kwai,Jaime Pressly,9,0,0,241379.3103448276,0
30000000.0,17.216707972959764,160.0,Action,Plan B Entertainment,Andrew Dominik,Brad Pitt,9,0,0,187500.0,0
30000000.0,17.216707972959764,125.0,Adventure,Variance Films,Jackie Chan,Jackie Chan,7,0,1,240000.0,0
30000000.0,17.216707972959764,129.0,Action,Mpower Pictures,Marc Forster,Gerard Butler,9,0,0,232558.13953488372,0
19000000.0,16.759949589762293,83.0,Adventure,Columbia Pictures,Conrad Vernon,Seth Rogen,7,0,1,228915.6626506024,1
29000000.0,17.182806422433504,115.0,Comedy,Universal Pictures,Elizabeth Banks,Anna Kendrick,5,1,0,252173.91304347827,1
28000000.0,17.147715103853763,136.0,Drama,Tree Line Films,James Mangold,Joaquin Phoenix,9,0,0,205882.35294117648,1
30000000.0,17.216707972959764,127.0,Comedy,Spyglass Entertainment,Edward Norton,Ben Stiller,4,0,0,236220.47244094487,0
30000000.0,17.216707972959764,113.0,Comedy,Miramax Films,George Clooney,Sam Rockwell,12,0,1,265486.7256637168,0
29000000.0,17.182806422433504,100.0,Comedy,Paramount Pictures,Reginald Hudlin,Matthew Perry,8,0,0,290000.0,0
29000000.0,17.182806422433504,91.0,Comedy,Universal Pictures,Ben Falcone,Melissa McCarthy,4,0,0,318681.31868131866,1
12000000.0,16.300417291085605,87.0,Drama,Rogue Pictures,Don Mancini,Brad Dourif,11,0,0,137931.0344827586,1
29000000.0,17.182806422433504,103.0,Drama,Section Eight,John Maybury,Adrien Brody,3,0,0,281553.3980582524,0
28000000.0,17.147715103853763,90.0,Animation,Walt Disney Pictures,Ron Clements,Scott Weinger,11,0,0,311111.1111111111,1
28000000.0,17.147715103853763,147.0,Drama,New Line Cinema,F. Gary Gray,O'Shea Jackson Jr.,8,0,0,190476.19047619047,1
28000000.0,17.147715103853763,118.0,Adventure,Lucasfilm,Steven Spielberg,Harrison Ford,5,0,0,237288.13559322033,1
30000000.0,17.216707972959764,79.0,Animation,Nickelodeon Movies,Norton Virgien,Whoopi Goldberg,11,1,0,379746.83544303797,1
60000000.0,17.909855136853043,104.0,Crime,Paramount Pictures,Lee Tamahori,Morgan Freeman,4,0,0,576923.0769230769,0
29000000.0,17.182806422433504,110.0,Comedy,BBC Films,Stephen Frears,Meryl Streep,5,0,0,263636.36363636365,0
29000000.0,17.182806422433504,102.0,Action,Columbia Pictures Corporation,Robert Rodriguez,Antonio Banderas,9,0,0,284313.7254901961,1
28000000.0,17.147715103853763,131.0,Action,Twentieth Century Fox Film Corporation,John McTiernan,Bruce Willis,7,0,1,213740.45801526718,1
28000000.0,17.147715103853763,99.0,Comedy,Universal Pictures,David Wain,Seann William Scott,2,0,0,282828.28282828286,1
28000000.0,17.147715103853763,130.0,Comedy,Paramount Pictures,Adam McKay,Christian Bale,12,0,1,215384.61538461538,1
28000000.0,17.147715103853763,135.0,Drama,Walt Disney,Gavin O'Connor,Kurt Russell,2,0,0,207407.40740740742,1
28000000.0,17.147715103853763,101.0,Fantasy,New Amsterdam Entertainment,Zack Snyder,Sarah Polley,3,0,0,277227.72277227725,1
35000000.0,17.370858648025116,103.0,Comedy,Columbia Pictures Corporation,Adam Shankman,Jennifer Lopez,1,0,0,339805.82524271845,1
30000000.0,17.216707972959764,115.0,Animation,Toei Animation Company,Shinji Aramaki,Shun Oguri,9,0,0,260869.5652173913,0
21000000.0,16.860033043306743,110.0,Comedy,Touchstone Pictures,Wes Anderson,Gene Hackman,10,0,0,190909.0909090909,1
30000000.0,17.216707972959764,90.0,Mystery,Konrad Pictures,James Mangold,John Cusack,4,0,0,333333.3333333333,1
28000000.0,17.147715103853763,105.0,Comedy,Laurence Mark Productions,Jon Turteltaub,Robert De Niro,10,0,0,266666.6666666667,1
28000000.0,17.147715103853763,127.0,Adventure,United Artists,John Glen,Roger Moore,6,0,1,220472.44094488188,1
28000000.0,17.147715103853763,90.0,Comedy,Miramax Films,Peter Chelsom,John Cusack,10,0,0,311111.1111111111,1
27000000.0,17.11134746100564,99.0,Thriller,Universal Pictures,Peter Hyams,Jean-Claude Van Damme,9,0,0,272727.2727272727,1
28000000.0,17.147715103853763,89.0,Comedy,Paramount Pictures,Ben Stiller,Ben Stiller,9,0,0,314606.7415730337,1
28000000.0,17.147715103853763,115.0,Romance,Temple Hill Productions,Lasse Hallström,Julianne Hough,2,0,0,243478.26086956522,1
28000000.0,17.147715103853763,96.0,Comedy,Walt Disney Pictures,Kenny Ortega,Bette Midler,7,0,1,291666.6666666667,0
28000000.0,17.147715103853763,104.0,Comedy,Village Roadshow Pictures,Scott Hicks,Catherine Zeta-Jones,7,0,1,269230.76923076925,1
28000000.0,17.147715103853763,117.0,Action,Lionsgate,Matthew Vaughn,Aaron Taylor-Johnson,3,0,0,239316.2393162393,1
28000000.0,17.147715103853763,83.0,Action,Columbia Pictures,Ruben Fleischer,Jesse Eisenberg,8,0,0,337349.3975903614,0
28000000.0,17.147715103853763,99.0,Thriller,Neo Art & Logic,Patrick Lussier,Gerard Butler,12,0,1,282828.28282828286,0
28000000.0,17.147715103853763,81.0,Family,Walt Disney Pictures,Miguel Arteta,Steve Carell,10,0,0,345679.012345679,1
28000000.0,17.147715103853763,135.0,Drama,Universal Pictures,Joe Wright,Keira Knightley,9,0,0,207407.40740740742,1
28000000.0,17.147715103853763,117.0,Science Fiction,Shaw Brothers,Ridley Scott,Harrison Ford,6,0,1,239316.2393162393,0
28000000.0,17.147715103853763,139.0,Adventure,United Artists,Michael Caton-Jones,Liam Neeson,4,0,0,201438.8489208633,0
28000000.0,17.147715103853763,113.0,Action,Wonderland Sound and Vision,McG,Kevin Costner,2,1,0,247787.61061946902,0
21000000.0,16.860033043306743,117.0,Drama,Columbia Pictures,James Gray,Joaquin Phoenix,5,0,0,179487.1794871795,1
35866397.0,17.395311426289474,98.0,Documentary,Bac Films,Jacques Perrin,Philippe Labro,12,0,1,365983.64285714284,0
28000000.0,17.147715103853763,103.0,Comedy,Regency Enterprises,Donald Petrie,Lindsay Lohan,5,0,0,271844.66019417474,0
28000000.0,17.147715103853763,119.0,Drama,Hollywood Pictures,Jay Roach,Russell Crowe,10,0,0,235294.11764705883,0
28000000.0,17.147715103853763,94.0,Action,Robert Simonds Productions,Brian Levant,Amber Valletta,1,0,0,297872.3404255319,0
28000000.0,17.147715103853763,86.0,Adventure,Universal Pictures,Michael Ritchie,Martin Short,7,0,1,325581.3953488372,0
28000000.0,17.147715103853763,98.0,Action,Screen Gems,John Carpenter,Natasha Henstridge,8,0,0,285714.28571428574,0
28000000.0,17.147715103853763,108.0,Comedy,Participant Media,David Gordon Green,Sandra Bullock,9,0,0,259259.25925925927,0
28000000.0,17.147715103853763,108.0,Romance,Lionsgate,Burr Steers,Lily James,2,0,0,259259.25925925927,0
28000000.0,17.147715103853763,134.0,Drama,Touchstone Pictures,Martin Scorsese,Tenzin Thuthob Tsarong,12,0,1,208955.223880597,0
27000000.0,17.11134746100564,110.0,Comedy,UK Film Council,Robert B. Weide,Kelan Pannell,10,0,0,245454.54545454544,0
28000000.0,17.147715103853763,103.0,Action,Universal Pictures,Jeff Wadlow,Aaron Taylor-Johnson,7,1,1,271844.66019417474,1
24000000.0,16.993564429978885,145.0,Action,Twentieth Century Fox Film Corporation,Agustín Díaz Yanes,Viggo Mortensen,9,0,0,165517.24137931035,0
28000000.0,17.147715103853763,90.0,Action,Canal+,Camille Delamarre,Paul Walker,4,0,0,311111.1111111111,1
27500000.0,17.129696599000436,131.0,Adventure,Eon Productions,John Glen,Roger Moore,6,0,1,209923.66412213742,1
30000000.0,17.216707972959764,129.0,Comedy,Universal Pictures,Judd Apatow,Seth Rogen,6,0,1,232558.13953488372,1
30000000.0,17.216707972959764,109.0,Drama,Mark Johnson Productions,Nick Cassavetes,Cameron Diaz,6,0,1,275229.3577981651,1
35000000.0,17.370858648025116,114.0,Comedy,Universal Pictures,Malcolm D. Lee,Martin Lawrence,2,0,0,307017.5438596491,0
8000000.0,15.894952224644102,163.0,Drama,Columbia Pictures,David Lean,Judy Davis,12,0,1,49079.754601226996,1
15000000.0,16.52356082573315,92.0,Drama,Fox Searchlight Pictures,Richard Eyre,Judi Dench,12,0,1,163043.47826086957,1
27500000.0,17.129696599000436,120.0,Drama,Anonymous Content,Gavin Hood,Omar Metwally,9,0,0,229166.66666666666,0
27000000.0,17.11134746100564,113.0,Science Fiction,Paramount Pictures,Nicholas Meyer,William Shatner,12,0,1,238938.05309734514,1
27000000.0,17.11134746100564,115.0,Drama,Paramount Pictures,Gary Fleder,Morgan Freeman,10,0,0,234782.60869565216,1
27000000.0,17.11134746100564,133.0,Music,Universal Pictures,John Landis,Dan Aykroyd,6,0,1,203007.5187969925,1
27000000.0,17.11134746100564,117.0,Adventure,,Sanaa Hamri,Alexis Bledel,8,1,0,230769.23076923078,0
27000000.0,17.11134746100564,101.0,Drama,Universal Pictures,Chris Weitz,Hugh Grant,4,0,0,267326.7326732673,1
27000000.0,17.11134746100564,82.0,Horror,Fox 2000 Pictures,Steve Miner,Bill Pullman,7,0,1,329268.2926829268,1
27000000.0,17.11134746100564,110.0,Drama,The Weinstein Company,Paul McGuigan,Josh Hartnett,2,0,0,245454.54545454544,1
27000000.0,17.11134746100564,193.0,Drama,Warner Bros.,Philip Kaufman,Fred Ward,10,0,0,139896.3730569948,0
30000000.0,17.216707972959764,130.0,Drama,Columbia Pictures,Roland Emmerich,Jamie Campbell Bower,10,0,0,230769.23076923078,0
27000000.0,17.11134746100564,102.0,Drama,Producers Sales Organization,Wolfgang Petersen,Barret Oliver,4,0,0,264705.8823529412,0
27000000.0,17.11134746100564,100.0,Mystery,New Line Cinema,Alex Proyas,Rufus Sewell,2,0,0,270000.0,0
25000000.0,17.034386422832473,109.0,Adventure,Silver Screen Partners II,Walter Murch,Fairuza Balk,6,0,1,229357.79816513762,0
27000000.0,17.11134746100564,113.0,Crime,Twentieth Century Fox Film Corporation,Richard Linklater,Matthew McConaughey,3,0,0,238938.05309734514,1
27000000.0,17.11134746100564,109.0,Horror,Paramount Vantage,Christian Alvart,Renée Zellweger,8,0,0,247706.42201834862,0
27000000.0,17.11134746100564,99.0,Crime,Paramount Pictures,E. Elias Merhige,Carrie-Anne Moss,8,0,0,272727.2727272727,0
27000000.0,17.11134746100564,89.0,Family,Dimension Films,Robert Rodriguez,Jessica Alba,8,0,0,303370.78651685396,1
27000000.0,17.11134746100564,98.0,Thriller,TriStar Pictures,Jodie Foster,George Clooney,5,0,0,275510.20408163266,1
28.0,3.367295829986474,93.0,Thriller,Film Council,Ronny Yu,Samuel L. Jackson,12,0,1,0.3010752688172043,0
27000000.0,17.11134746100564,106.0,Mystery,Avenue Pictures Productions,Renny Harlin,LL Cool J,5,0,0,254716.98113207548,0
25000000.0,17.034386422832473,104.0,Comedy,2929 Productions,Barry Levinson,Bruce Willis,10,0,0,240384.61538461538,0
26000000.0,17.073607134447293,91.0,Action,Columbia Pictures,Steve Carr,Kevin James,1,0,0,285714.28571428574,1
26000000.0,17.073607134447293,97.0,Comedy,Walt Disney Pictures,Mark Waters,Jamie Lee Curtis,8,0,0,268041.23711340205,1
26000000.0,17.073607134447293,116.0,Comedy,Universal Pictures,Judd Apatow,Steve Carell,8,0,0,224137.93103448275,1
25000000.0,17.034386422832473,122.0,Romance,Miramax Films,John Madden,Joseph Fiennes,12,0,1,204918.03278688525,1
28000000.0,17.147715103853763,113.0,Crime,Double Feature Films,Scott Frank,Liam Neeson,9,0,0,247787.61061946902,0
15000000.0,16.52356082573315,111.0,Comedy,Imagine Entertainment,Ivan Reitman,Arnold Schwarzenegger,12,0,1,135135.13513513515,1
27000000.0,17.11134746100564,111.0,Action,Columbia Pictures,David Gordon Green,Seth Rogen,8,0,0,243243.24324324325,1
26000000.0,17.073607134447293,121.0,Drama,Twentieth Century Fox Film Corporation,Andy Tennant,Drew Barrymore,7,0,1,214876.03305785125,1
22000000.0,16.906553056777135,139.0,Western,Tig Productions,Kevin Costner,Kevin Costner,8,0,0,158273.38129496403,1
26000000.0,17.073607134447293,115.0,Drama,Columbia Pictures Corporation,Joel Schumacher,Kiefer Sutherland,8,0,0,226086.95652173914,1
22000000.0,16.906553056777135,175.0,Drama,United Artists,Richard Attenborough,Dirk Bogarde,6,0,1,125714.28571428571,1
26000000.0,17.073607134447293,85.0,Horror,DreamWorks SKG,Wes Craven,Rachel McAdams,8,0,0,305882.35294117645,1
26000000.0,17.073607134447293,90.0,Horror,New Line Cinema,David R. Ellis,Ali Larter,1,1,0,288888.8888888889,1
26000000.0,17.073607134447293,106.0,Action,Universal Pictures,Joel Coen,George Clooney,8,0,0,245283.01886792452,1
26000000.0,17.073607134447293,100.0,Horror,Bold Films,Scott Stewart,Paul Bettany,1,0,0,260000.0,1
25000000.0,17.034386422832473,130.0,Thriller,Paramount Pictures,Michael Bay,Mark Wahlberg,4,0,0,192307.6923076923,1
26000000.0,17.073607134447293,94.0,Adventure,Paramount Pictures,Jonathan Frakes,Jesse Bradford,3,0,0,276595.74468085106,0
26000000.0,17.073607134447293,104.0,Drama,Lionsgate,Jim Sheridan,Tobey Maguire,1,0,0,250000.0,0
26000000.0,17.073607134447293,100.0,Comedy,Splendid Pictures,Kevin Allen,Frankie Muniz,12,1,1,260000.0,0
56000000.0,17.840862266556567,118.0,Comedy,New Line Cinema,Garry Marshall,Robert De Niro,12,0,1,474576.27118644066,1
42000000.0,17.553180200057167,118.0,Drama,Metro-Goldwyn-Mayer (MGM),Michael Cristofer,Angelina Jolie,8,0,0,355932.2033898305,0
26000000.0,17.073607134447293,111.0,Crime,Relativity Media,James McTeigue,John Cusack,3,0,0,234234.23423423423,0
30000000.0,17.216707972959764,110.0,Comedy,Twentieth Century Fox Film Corporation,Donald Petrie,Ray Romano,2,0,0,272727.2727272727,0
26000000.0,17.073607134447293,99.0,Action,Trans-Film,Andrew Morahan,Christopher Lambert,11,0,0,262626.2626262626,0
25530000.0,17.05536482838727,95.0,Adventure,Universal Pictures,Alan Shapiro,Elijah Wood,5,0,0,268736.84210526315,0
26000000.0,17.073607134447293,116.0,Science Fiction,Endgame Entertainment,Tarsem Singh,Ryan Reynolds,7,0,1,224137.93103448275,0
25000000.0,17.034386422832473,129.0,Drama,Studio Babelsberg,Fernando Meirelles,Ralph Fiennes,8,0,0,193798.4496124031,1
30000000.0,17.216707972959764,127.0,Drama,Icon Productions,Mel Gibson,Jim Caviezel,2,0,0,236220.47244094487,1
25000000.0,17.034386422832473,125.0,Comedy,Twentieth Century Fox Film Corporation,Chris Columbus,Robin Williams,11,0,0,200000.0,1
25000000.0,17.034386422832473,133.0,Drama,United Artists,Barry Levinson,Dustin Hoffman,12,0,1,187969.92481203008,1
33000000.0,17.312018149733785,116.0,Drama,Village Roadshow Pictures,Clint Eastwood,Clint Eastwood,12,0,1,284482.7586206897,1
25100000.0,17.038378443942648,131.0,Drama,Ixtlan Productions,Oliver Stone,Josh Brolin,10,0,0,191603.0534351145,0
25000000.0,17.034386422832473,93.0,Action,Twentieth Century Fox Film Corporation,Pierre Morel,Liam Neeson,2,0,0,268817.20430107525,1
26000000.0,17.073607134447293,117.0,Drama,Relativity Media,Michael Hoffman,Michelle Monaghan,10,0,0,222222.22222222222,0
25000000.0,17.034386422832473,129.0,Thriller,Tig Productions,Mick Jackson,Whitney Houston,11,0,0,193798.4496124031,1
22000000.0,16.906553056777135,195.0,Drama,Universal Pictures,Steven Spielberg,Liam Neeson,11,0,0,112820.51282051283,1
25000000.0,17.034386422832473,146.0,Drama,DreamWorks SKG,Tate Taylor,Emma Stone,8,0,0,171232.87671232875,1
28000000.0,17.147715103853763,128.0,Drama,DreamWorks SKG,Bill Condon,Benedict Cumberbatch,10,0,0,218750.0,0
30000000.0,17.216707972959764,97.0,Horror,New Line Cinema,Ronny Yu,Robert Englund,8,0,0,309278.3505154639,1
25000000.0,17.034386422832473,83.0,Action,Nickelodeon Movies,John A. Davis,Debi Derryberry,12,0,1,301204.8192771084,1
25000000.0,17.034386422832473,85.0,Action,Paramount Pictures,Matt Reeves,Lizzy Caplan,1,0,0,294117.64705882355,1
25000000.0,17.034386422832473,88.0,Science Fiction,New Line Cinema,Michael Pressman,Paige Turco,3,0,0,284090.9090909091,1
25000000.0,17.034386422832473,119.0,Crime,Paramount Pictures,Brian De Palma,Kevin Costner,6,0,1,210084.03361344538,1
25000000.0,17.034386422832473,122.0,Crime,Miramax Films,Joel Coen,Tommy Lee Jones,11,0,0,204918.03278688525,1
25000000.0,17.034386422832473,99.0,Action,Universal Pictures,Tim Story,Ice Cube,1,0,0,252525.25252525252,1
25000000.0,17.034386422832473,97.0,Comedy,Miramax Films,Sharon Maguire,Renée Zellweger,4,0,0,257731.95876288658,1
25000000.0,17.034386422832473,121.0,Comedy,Miramax Films,Lasse Hallström,Juliette Binoche,12,0,1,206611.57024793388,1
45000000.0,17.622173069956816,95.0,Comedy,Type A Films,Charles Herman-Wurmfeld,Reese Witherspoon,7,1,1,473684.2105263158,1
25000000.0,17.034386422832473,104.0,Comedy,Twentieth Century Fox Film Corporation,Andy Fickman,Billy Crystal,12,0,1,240384.61538461538,1
25000000.0,17.034386422832473,107.0,Comedy,Katalyst Films,Ivan Reitman,Natalie Portman,1,0,0,233644.8598130841,1
25000000.0,17.034386422832473,130.0,Action,Hollywood Pictures,George P. Cosmatos,Kurt Russell,12,0,1,192307.6923076923,1
25000000.0,17.034386422832473,115.0,Action,Silver Pictures,Andrzej Bartkowiak,Jet Li,3,0,0,217391.30434782608,1
2800000.0,14.845130332288226,111.0,Horror,Twentieth Century Fox Film Corporation,Richard Donner,Gregory Peck,6,0,1,25225.225225225226,1
25000000.0,17.034386422832473,93.0,Horror,New Line Cinema,James Wong,Mary Elizabeth Winstead,2,1,0,268817.20430107525,1
25000000.0,17.034386422832473,101.0,Drama,Village Roadshow Pictures,Scott Hicks,Zac Efron,4,0,0,247524.75247524751,1
60000000.0,17.909855136853043,96.0,Adventure,Walden Media,Gábor Csupó,Josh Hutcherson,2,0,0,625000.0,1
25000000.0,17.034386422832473,106.0,Drama,Miramax Films,Marc Forster,Johnny Depp,10,0,0,235849.05660377358,1
25000000.0,17.034386422832473,117.0,Action,Scott Free Productions,Joe Carnahan,Liam Neeson,1,0,0,213675.2136752137,1
25000000.0,17.034386422832473,101.0,Horror,Twentieth Century Fox Film Corporation,John Polson,Robert De Niro,1,0,0,247524.75247524751,1
26000000.0,17.073607134447293,94.0,Comedy,Apatow Productions,Adam McKay,Will Ferrell,7,0,1,276595.74468085106,1
25000000.0,17.034386422832473,145.0,Drama,Winkler Films,Martin Scorsese,Robert De Niro,9,0,0,172413.7931034483,0
28000000.0,17.147715103853763,102.0,Action,Splendid Pictures,Harald Zwart,Frankie Muniz,3,0,0,274509.8039215686,1
25000000.0,17.034386422832473,97.0,Fantasy,Universal Pictures,Kirk Jones,Emma Thompson,10,0,0,257731.95876288658,1
25000000.0,17.034386422832473,170.0,Action,Universal Pictures,Brian De Palma,Al Pacino,12,0,1,147058.82352941178,1
23000000.0,16.951004817371683,163.0,Drama,Columbia Pictures,Bernardo Bertolucci,John Lone,10,0,0,141104.29447852762,0
25000000.0,17.034386422832473,109.0,Thriller,Universal Pictures,Baltasar Kormákur,Mark Wahlberg,1,0,0,229357.79816513762,1
25000000.0,17.034386422832473,158.0,Drama,Miramax Films,Paul Thomas Anderson,Daniel Day-Lewis,12,0,1,158227.84810126582,1
25000000.0,17.034386422832473,86.0,Action,Universal Pictures,Malcolm D. Lee,Eddie Griffin,5,0,0,290697.67441860464,0
25000000.0,17.034386422832473,119.0,Drama,DiNovi Pictures,Ken Kwapis,Amber Tamblyn,6,0,1,210084.03361344538,0
25000000.0,17.034386422832473,98.0,Action,Twentieth Century Fox Film Corporation,Chris Nahon,Jet Li,7,0,1,255102.04081632654,1
25000000.0,17.034386422832473,97.0,Romance,Columbia Pictures,Fred Wolf,Anna Faris,8,0,0,257731.95876288658,1
25000000.0,17.034386422832473,105.0,Comedy,Metro-Goldwyn-Mayer (MGM),Bille Woodruff,Queen Latifah,6,0,1,238095.2380952381,0
25000000.0,17.034386422832473,124.0,Drama,Walt Disney Pictures,Craig Gillespie,Jon Hamm,5,0,0,201612.90322580645,0
25000000.0,17.034386422832473,94.0,Drama,The Weinstein Company,Phillip Noyce,Jeff Bridges,8,0,0,265957.44680851063,1
17000000.0,16.648723960844016,104.0,Horror,United Artists,Victor Salva,Ray Wise,8,1,0,163461.53846153847,1
25000000.0,17.034386422832473,101.0,Comedy,Lionsgate,Mark Helfrich,Dane Cook,9,0,0,247524.75247524751,1
25000000.0,17.034386422832473,101.0,Action,Silver Pictures,Andrzej Bartkowiak,Jet Li,2,1,0,247524.75247524751,1
25000000.0,17.034386422832473,114.0,Drama,Paramount Pictures,Stephen Daldry,Nicole Kidman,12,0,1,219298.24561403508,0
20000000.0,16.811242881518265,105.0,Comedy,DreamWorks SKG,Andy Fickman,Amanda Bynes,3,0,0,190476.19047619047,0
25000000.0,17.034386422832473,90.0,Family,Tiger Aspect Productions,Steve Bendelack,Rowan Atkinson,3,0,0,277777.77777777775,1
20000000.0,16.811242881518265,97.0,Adventure,Screen Gems,Dwight H. Little,Johnny Messner,8,0,0,206185.56701030929,1
25500000.0,17.05418904934434,128.0,Thriller,Wild Bunch,Guillaume Canet,Clive Owen,8,0,0,199218.75,0
25000000.0,17.034386422832473,114.0,Drama,Warner Bros.,Kirsten Sheridan,Freddie Highmore,11,0,0,219298.24561403508,1
30000000.0,17.216707972959764,124.0,Drama,Channel Four Films,Shekhar Kapur,Cate Blanchett,9,0,0,241935.48387096773,1
25000000.0,17.034386422832473,89.0,Horror,Universal Pictures,Ronny Yu,Ed Gale,10,0,0,280898.8764044944,1
25485000.0,17.053600640995047,144.0,History,Twentieth Century Fox Film Corporation,Richard Fleischer,Martin Balsam,1,0,0,176979.16666666666,0
25000000.0,17.034386422832473,93.0,Adventure,Columbia Pictures Corporation,Bob Spiers,Victoria Beckham,12,0,1,268817.20430107525,1
25000000.0,17.034386422832473,81.0,Comedy,Twentieth Century Fox Film Corporation,David Gordon Green,Sam Rockwell,12,0,1,308641.97530864197,0
25000000.0,17.034386422832473,142.0,Drama,Castle Rock Entertainment,Frank Darabont,Tim Robbins,9,0,0,176056.338028169,0
21150000.0,16.867150510737883,92.0,Adventure,Bungalow Productions,Simon Wincer,Paul Hogan,4,0,0,229891.30434782608,0
27000000.0,17.11134746100564,113.0,Comedy,Motion Picture Corporation of America,Bobby Farrelly,Woody Harrelson,7,0,1,238938.05309734514,0
25000000.0,17.034386422832473,111.0,Thriller,Paramount Pictures,Rupert Wyatt,Mark Wahlberg,12,0,1,225225.22522522524,0
25000000.0,17.034386422832473,121.0,Comedy,Jean Doumanian Productions,John Wells,Meryl Streep,12,0,1,206611.57024793388,1
25000000.0,17.034386422832473,98.0,Drama,Walt Disney Pictures,Tim Fywell,Michelle Trachtenberg,3,0,0,255102.04081632654,0
30000000.0,17.216707972959764,107.0,Comedy,Mile High Productions,Nigel Cole,Ashton Kutcher,4,0,0,280373.8317757009,0
23000000.0,16.951004817371683,106.0,Comedy,Studio Babelsberg,Dexter Fletcher,Taron Egerton,2,0,0,216981.1320754717,1
25000000.0,17.034386422832473,136.0,Drama,40 Acres & A Mule Filmworks,Spike Lee,Denzel Washington,5,0,0,183823.5294117647,0
25000000.0,17.034386422832473,97.0,Romance,New Line Cinema,Jeremy Leven,Johnny Depp,10,0,0,257731.95876288658,0
25000000.0,17.034386422832473,115.0,Drama,Screen Gems,Lasse Hallström,Amanda Seyfried,2,0,0,217391.30434782608,1
25000000.0,17.034386422832473,97.0,Action,DC Comics,Sylvain White,Jeffrey Dean Morgan,4,0,0,257731.95876288658,0
25000000.0,17.034386422832473,99.0,Fantasy,Miramax Films,Troy Nixey,Katie Holmes,11,0,0,252525.25252525252,0
25000000.0,17.034386422832473,103.0,Action,Mosaic Media Group,Philip G. Atwell,Jet Li,8,0,0,242718.44660194175,0
25000000.0,17.034386422832473,95.0,Comedy,Columbia Pictures,Paul Thomas Anderson,Adam Sandler,10,0,0,263157.8947368421,0
25000000.0,17.034386422832473,93.0,Comedy,DreamWorks SKG,Jeff Schaffer,Scott Mechlowicz,2,0,0,268817.20430107525,0
25000000.0,17.034386422832473,120.0,Drama,Walt Disney Pictures,Bill Paxton,Shia LaBeouf,9,0,0,208333.33333333334,0
30000000.0,17.216707972959764,115.0,Thriller,Media Rights Capital,Richard Kelly,Cameron Diaz,9,0,0,260869.5652173913,0
25000000.0,17.034386422832473,108.0,Comedy,Paramount Pictures,John Schlesinger,Madonna,3,0,0,231481.4814814815,0
25000000.0,17.034386422832473,107.0,Drama,Relativity Media,Wes Craven,Max Thieriot,10,0,0,233644.8598130841,0
25000000.0,17.034386422832473,108.0,Comedy,Regency Enterprises,Luke Greenfield,Emile Hirsch,4,0,0,231481.4814814815,0
25000000.0,17.034386422832473,100.0,Action,Columbia Pictures,Ringo Lam,Jean-Claude Van Damme,9,0,0,250000.0,1
25000000.0,17.034386422832473,131.0,Crime,Working Title Films,Brian Helgeland,Tom Hardy,9,0,0,190839.69465648854,0
28000000.0,17.147715103853763,91.0,Horror,Incentive Filmed Entertainment,David R. Ellis,Sara Paxton,9,0,0,307692.3076923077,0
25.0,3.258096538021482,145.0,Drama,Paramount Pictures,Alan Parker,Emily Watson,12,0,1,0.1724137931034483,0
25000000.0,17.034386422832473,109.0,Drama,Summit Entertainment,Ivan Reitman,Kevin Costner,4,0,0,229357.79816513762,0
25000000.0,17.034386422832473,122.0,Crime,Wildwood Enterprises,Robert Redford,Evan Rachel Wood,9,0,0,204918.03278688525,0
25000000.0,17.034386422832473,107.0,Drama,Columbia Pictures,Catherine Hardwicke,Emile Hirsch,6,0,1,233644.8598130841,0
25000000.0,17.034386422832473,120.0,Drama,Alcon Entertainment,Patricia Riggen,Antonio Banderas,8,0,0,208333.33333333334,0
25000000.0,17.034386422832473,99.0,Action,Twentieth Century Fox Film Corporation,John Carpenter,Kurt Russell,5,0,0,252525.25252525252,0
25000000.0,17.034386422832473,140.0,Action,Solaris Film,Gavin O'Connor,Tom Hardy,9,0,0,178571.42857142858,0
28000000.0,17.147715103853763,132.0,Drama,Geffen Pictures,Neil Jordan,Liam Neeson,10,0,0,212121.21212121213,0
25000000.0,17.034386422832473,113.0,Drama,Paramount Pictures,Kimberly Peirce,Ryan Phillippe,3,0,0,221238.93805309734,0
25000000.0,17.034386422832473,99.0,Drama,Paramount Pictures,Stephen Gaghan,Katie Holmes,10,0,0,252525.25252525252,0
25000000.0,17.034386422832473,100.0,Drama,Twentieth Century Fox Film Corporation,Jonathan Kaplan,Claire Danes,8,0,0,250000.0,0
14000000.0,16.454567959008102,92.0,Horror,Ghost House Pictures,Ole Bornedal,Jeffrey Dean Morgan,8,0,0,152173.91304347827,1
25000000.0,17.034386422832473,105.0,Comedy,TriStar Pictures,Richard Benjamin,Shirley MacLaine,4,0,0,238095.2380952381,0
25000000.0,17.034386422832473,110.0,Drama,Battleplan Productions,Rod Lurie,James Marsden,9,0,0,227272.72727272726,0
25000000.0,17.034386422832473,116.0,Comedy,Miramax Films,Lasse Hallström,Richard Gere,10,0,0,215517.24137931035,0
32000000.0,17.281246492014,111.0,Adventure,2929 Productions,John Hillcoat,Viggo Mortensen,11,0,0,288288.2882882883,0
25000000.0,17.034386422832473,117.0,Action,Columbia Pictures Corporation,John Guillermin,Tanya Roberts,8,0,0,213675.2136752137,0
25000000.0,17.034386422832473,98.0,Action,Trilogy Entertainment Group,Rachel Talalay,Lori Petty,3,0,0,255102.04081632654,0
25000000.0,17.034386422832473,121.0,Drama,Rhombus Media,Fernando Meirelles,Julianne Moore,5,0,0,206611.57024793388,0
25000000.0,17.034386422832473,95.0,Action,Boll KG,Uwe Boll,Kristanna Loken,10,0,0,263157.8947368421,0
25000000.0,17.034386422832473,80.0,Comedy,Wild Bunch,Roman Polanski,Kate Winslet,9,0,0,312500.0,0
25000000.0,17.034386422832473,117.0,Drama,Cruise/Wagner Productions,Robert Towne,Billy Crudup,9,0,0,213675.2136752137,0
25000000.0,17.034386422832473,114.0,Comedy,Isle of Man Film,Richard Linklater,Zac Efron,11,0,0,219298.24561403508,0
13500000.0,16.41820031748273,124.0,Drama,Paco Cinematografica,Giuseppe Tornatore,Geoffrey Rush,1,0,0,108870.96774193548,0
25000000.0,17.034386422832473,122.0,Drama,Saturn Films,Werner Herzog,Nicolas Cage,9,0,0,204918.03278688525,0
25000000.0,17.034386422832473,154.0,Comedy,M6 Films,Guillaume Canet,François Cluzet,10,0,0,162337.66233766233,0
25000000.0,17.034386422832473,85.0,Family,CN Film,Inna Evlannikova,Anna Bolshova,3,0,0,294117.64705882355,0
25000000.0,17.034386422832473,117.0,Thriller,Ingenious Media,Ridley Scott,Michael Fassbender,10,0,0,213675.2136752137,1
25000000.0,17.034386422832473,128.0,History,Paramount Pictures,Sergey Bondarchuk,Rod Steiger,10,0,0,195312.5,0
14000000.0,16.454567959008102,119.0,Drama,Lorimar Film Entertainment,Stephen Frears,Glenn Close,12,0,1,117647.05882352941,1
25000000.0,17.034386422832473,137.0,Adventure,American Zoetrope,Walter Salles,Garrett Hedlund,5,0,0,182481.7518248175,0
24000000.0,16.993564429978885,119.0,Science Fiction,Paramount Pictures,Leonard Nimoy,William Shatner,11,0,0,201680.67226890757,1
24000000.0,16.993564429978885,102.0,Drama,Columbia Pictures,Sylvester Stallone,Sylvester Stallone,12,0,1,235294.11764705883,1
24000000.0,16.993564429978885,120.0,Horror,Miramax Films,Wes Craven,David Arquette,12,1,1,200000.0,1
25000000.0,17.034386422832473,98.0,Action,Handsomecharlie Films,Gavin O'Connor,Natalie Portman,1,0,0,255102.04081632654,0
24000000.0,16.993564429978885,105.0,Comedy,Will Packer Productions,Tim Story,Adam Brody,6,0,1,228571.42857142858,1
41300000.0,17.536373082144337,98.0,Comedy,Franchise Pictures,Jonathan Lynn,Bruce Willis,2,0,0,421428.5714285714,1
8200000.0,15.919644834185693,107.0,Drama,Paramount Pictures,Herbert Ross,Kevin Bacon,2,0,0,76635.5140186916,1
24000000.0,16.993564429978885,91.0,Comedy,DreamWorks SKG,Todd Phillips,Luke Wilson,2,0,0,263736.26373626373,1
24000000.0,16.993564429978885,137.0,Comedy,TriStar Pictures,Terry Gilliam,Jeff Bridges,9,0,0,175182.48175182482,0
65000000.0,17.989897843244528,100.0,Horror,Columbia Pictures,Danny Cannon,Jennifer Love Hewitt,11,0,0,650000.0,0
24000000.0,16.993564429978885,115.0,Romance,Metro-Goldwyn-Mayer (MGM),Bonnie Hunt,David Duchovny,4,0,0,208695.65217391305,0
24000000.0,16.993564429978885,102.0,Comedy,Blue Askew,Kevin Smith,Seth Rogen,9,0,0,235294.11764705883,0
24000000.0,16.993564429978885,93.0,Comedy,BBC Films,Grant Heslov,George Clooney,10,0,0,258064.51612903227,1
17000000.0,16.648723960844016,95.0,Comedy,DreamWorks SKG,Robert Luketic,Josh Duhamel,1,0,0,178947.36842105264,0
24000000.0,16.993564429978885,87.0,Fantasy,Columbia Pictures,Tim Hill,Steve Whitmire,7,0,1,275862.0689655172,0
24000000.0,16.993564429978885,134.0,Adventure,Universal Pictures,Sidney Lumet,Diana Ross,10,0,0,179104.4776119403,0
24000000.0,16.993564429978885,107.0,Action,Bel Air Entertainment,Brian Robbins,David Arquette,4,0,0,224299.06542056074,0
24000000.0,16.993564429978885,124.0,Comedy,Touchstone Pictures,Ron Shelton,Antonio Banderas,12,0,1,193548.38709677418,0
24000000.0,16.993564429978885,89.0,Romance,The Weinstein Company,Douglas McGrath,Sarah Jessica Parker,9,0,0,269662.9213483146,0
24000000.0,16.993564429978885,88.0,Comedy,The Weinstein Company,Alexandre Aja,Elisabeth Shue,8,0,0,272727.2727272727,1
24000000.0,16.993564429978885,93.0,Animation,Walt Disney Pictures,Steve Boyum,Paul Walker,3,0,0,258064.51612903227,0
28000000.0,17.147715103853763,72.0,Adventure,Miramax Films,Richard Williams,Vincent Price,9,0,0,388888.8888888889,0
24000000.0,16.993564429978885,98.0,Crime,Castle Rock Entertainment,"George Tillman, Jr.",Dwayne Johnson,11,0,0,244897.95918367346,0
24000000.0,16.993564429978885,119.0,Fantasy,Studio Ghibli,Hayao Miyazaki,Takuya Kimura,11,0,0,201680.67226890757,1
23600000.0,16.97675731236872,88.0,Comedy,Columbia Pictures,Ruben Fleischer,Jesse Eisenberg,10,0,0,268181.8181818182,1
23000000.0,16.951004817371683,90.0,Comedy,Touchstone Pictures,Frank Coraci,Adam Sandler,11,0,0,255555.55555555556,1
18000000.0,16.705882371415992,124.0,Adventure,Lucasfilm,Irvin Kershner,Mark Hamill,5,0,0,145161.29032258064,1
19000000.0,16.759949589762293,118.0,Action,Columbia Pictures,Michael Bay,Will Smith,4,0,0,161016.94915254237,1
23000000.0,16.951004817371683,85.0,Comedy,Paramount Pictures,David Zucker,Leslie Nielsen,6,0,1,270588.23529411765,1
23000000.0,16.951004817371683,98.0,Horror,New Line Cinema,James Wong,Devon Sawa,3,0,0,234693.8775510204,1
12500000.0,16.341239282272525,101.0,Drama,Appian Way,George Clooney,Ryan Gosling,9,0,0,123762.37623762376,1
23000000.0,16.951004817371683,108.0,Thriller,Interscope Communications,David Twohy,Vin Diesel,2,0,0,212962.96296296295,1
23000000.0,16.951004817371683,126.0,Romance,Warner Bros.,Spike Jonze,Joaquin Phoenix,12,0,1,182539.68253968254,1
23000000.0,16.951004817371683,97.0,Mystery,Regency Enterprises,John Dahl,Steve Zahn,10,0,0,237113.40206185568,0
25000000.0,17.034386422832473,99.0,Fantasy,Matador Pictures,Jonathan Newman,Aneurin Barnard,12,0,1,252525.25252525252,0
23000000.0,16.951004817371683,114.0,Drama,Twentieth Century Fox Film Corporation,Wayne Wang,Susan Sarandon,11,0,0,201754.38596491228,0
23000000.0,16.951004817371683,93.0,Action,Irish Film Board,Steven Soderbergh,Gina Carano,11,0,0,247311.82795698923,0
23000000.0,16.951004817371683,89.0,Adventure,Universal Pictures,Joseph Sargent,Lorraine Gary,7,1,1,258426.96629213484,1
23000000.0,16.951004817371683,102.0,Drama,Columbia Pictures Corporation,Neil Jordan,Ralph Fiennes,12,0,1,225490.19607843139,0
23000000.0,16.951004817371683,98.0,Action,Metro-Goldwyn-Mayer (MGM),Simon Wincer,Mickey Rourke,8,0,0,234693.8775510204,0
23000000.0,16.951004817371683,124.0,History,Summit Entertainment,Paul Haggis,Tommy Lee Jones,8,0,0,185483.87096774194,0
23000000.0,16.951004817371683,86.0,Drama,Pathé Renn Productions,Stephen Frears,Michelle Pfeiffer,2,0,0,267441.8604651163,0
23000000.0,16.951004817371683,141.0,Drama,Alliance Films,Mira Nair,Reese Witherspoon,9,0,0,163120.56737588652,0
23000000.0,16.951004817371683,139.0,Drama,China Film Group Corporation,Teddy Chan,Donnie Yen,12,0,1,165467.62589928057,0
25000000.0,17.034386422832473,104.0,Horror,The Weinstein Company,Mikael Håfström,John Cusack,7,0,1,240384.61538461538,1
22700000.0,16.937875526504495,96.0,Comedy,Brooksfilms Ltd.,Mel Brooks,Mel Brooks,6,0,1,236458.33333333334,0
22500000.0,16.929025911619092,112.0,War,Hopscotch Features,Russell Crowe,Russell Crowe,12,0,1,200892.85714285713,0
22000000.0,16.906553056777135,127.0,Fantasy,Paramount Pictures,Jerry Zucker,Patrick Swayze,7,0,1,173228.3464566929,1
23000000.0,16.951004817371683,119.0,Romance,Twentieth Century Fox Film Corporation,Bobby Farrelly,Cameron Diaz,7,0,1,193277.31092436975,1
22000000.0,16.906553056777135,97.0,Fantasy,Walt Disney Pictures,John Pasquin,Tim Allen,11,0,0,226804.12371134022,1
20000000.0,16.811242881518265,127.0,Drama,Walt Disney Pictures,John Lee Hancock,Dennis Quaid,3,0,0,157480.3149606299,1
22000000.0,16.906553056777135,110.0,Comedy,Walt Disney Pictures,Andy Fickman,Dwayne Johnson,9,0,0,200000.0,1
24000000.0,16.993564429978885,135.0,Drama,Amblin Entertainment,Clint Eastwood,Meryl Streep,5,0,0,177777.77777777778,1
22000000.0,16.906553056777135,84.0,Action,Revolution Studios,Luke Greenfield,Rob Schneider,6,0,1,261904.7619047619,1
22000000.0,16.906553056777135,191.0,Drama,Columbia Pictures,Richard Attenborough,Ben Kingsley,11,0,0,115183.24607329843,1
22000000.0,16.906553056777135,122.0,Drama,Amblin Entertainment,Lasse Hallström,Helen Mirren,8,0,0,180327.868852459,1
22000000.0,16.906553056777135,114.0,Crime,Columbia Pictures,Irwin Winkler,Sandra Bullock,7,0,1,192982.45614035087,1
22000000.0,16.906553056777135,132.0,Drama,New Line Cinema,Jessie Nelson,Sean Penn,12,0,1,166666.66666666666,1
22000000.0,16.906553056777135,138.0,Drama,Hearst Entertainment Productions,Christopher Spencer,Roma Downey,2,0,0,159420.28985507245,1
22000000.0,16.906553056777135,121.0,Fantasy,Lakeshore Entertainment,Len Wiseman,Kate Beckinsale,9,0,0,181818.18181818182,1
22000000.0,16.906553056777135,108.0,Drama,Miramax Films,Mikael Håfström,Clive Owen,11,0,0,203703.7037037037,1
22000000.0,16.906553056777135,108.0,Drama,Section Eight,Steven Soderbergh,Matt Damon,9,0,0,203703.7037037037,0
22000000.0,16.906553056777135,83.0,Comedy,Columbia Pictures Corporation,Mike Bigelow,Rob Schneider,8,0,0,265060.2409638554,0
26000000.0,17.073607134447293,105.0,Comedy,DreamWorks SKG,Ken Scott,Vince Vaughn,10,0,0,247619.04761904763,0
22000000.0,16.906553056777135,90.0,Comedy,Village Roadshow Pictures,Dennis Dugan,Jason Biggs,2,0,0,244444.44444444444,0
22000000.0,16.906553056777135,94.0,Comedy,Fox 2000 Pictures,David Bowers,Zachary Gordon,8,0,0,234042.55319148937,1
22000000.0,16.906553056777135,104.0,Comedy,Dimension Films,Kevin Smith,Kevin Smith,8,0,0,211538.46153846153,0
30000000.0,17.216707972959764,106.0,Drama,Original Film,Daniel Sackheim,Leelee Sobieski,9,0,0,283018.8679245283,0
22000000.0,16.906553056777135,106.0,Comedy,Universal Pictures,Joel Coen,Josh Brolin,2,0,0,207547.16981132075,1
22000000.0,16.906553056777135,100.0,Action,Millennium Films,Gary Fleder,Jason Statham,11,0,0,220000.0,0
22000000.0,16.906553056777135,95.0,Family,New Line Cinema,Uli Edel,Richard E. Grant,10,0,0,231578.94736842104,0
22000000.0,16.906553056777135,104.0,Action,Orion Pictures,Fred Dekker,Robert John Burke,4,1,0,211538.46153846153,0
25000000.0,17.034386422832473,96.0,Thriller,EuropaCorp,Camille Delamarre,Ed Skrein,9,1,0,260416.66666666666,1
21000000.0,16.860033043306743,145.0,Drama,CoBo Fund,Paul Verhoeven,Carice van Houten,9,0,0,144827.58620689655,0
22000000.0,16.906553056777135,116.0,Romance,Senator Film Produktion,Christian Carion,Diane Kruger,11,0,0,189655.1724137931,0
2000000.0,14.508658238524095,100.0,Action,Primate Pictures,Dax Shepard,Kristen Bell,8,0,0,20000.0,1
22000000.0,16.906553056777135,92.0,Mystery,StudioCanal,Rowan Joffe,Nicole Kidman,9,0,0,239130.4347826087,0
22000000.0,16.906553056777135,121.0,Action,Paramount Pictures,William Friedkin,Roy Scheider,6,0,1,181818.18181818182,0
22000000.0,16.906553056777135,105.0,Drama,Stone Productions,John Curran,Frances Conroy,10,0,0,209523.80952380953,0
22000000.0,16.906553056777135,116.0,Thriller,Appian Way,Scott Cooper,Christian Bale,12,0,1,189655.1724137931,0
25000000.0,17.034386422832473,119.0,Drama,Castle Rock Entertainment,Tony Gilroy,George Clooney,9,0,0,210084.03361344538,1
22000000.0,16.906553056777135,106.0,Animation,100 Bares,Juan José Campanella,Juan José Campanella,7,0,1,207547.16981132075,0
17000000.0,16.648723960844016,111.0,Romance,Gravier Productions,Woody Allen,Ellen Page,4,0,0,153153.15315315317,1
18000000.0,16.705882371415992,136.0,Science Fiction,Malpaso Productions,Clint Eastwood,Clint Eastwood,6,0,1,132352.9411764706,1
9000000.0,16.012735246411598,90.0,Comedy,Sidney Kimmel Entertainment,Frank Oz,Matthew Macfadyen,2,0,0,100000.0,0
21000000.0,16.860033043306743,96.0,Action,New Line Cinema,Stuart Gillard,Paige Turco,3,0,0,218750.0,1
32000000.0,17.281246492014,106.0,Comedy,Paramount Pictures,Brian Robbins,Keanu Reeves,9,0,0,301886.7924528302,0
21000000.0,16.860033043306743,122.0,Drama,The Weinstein Company,David O. Russell,Bradley Cooper,9,0,0,172131.1475409836,1
21000000.0,16.860033043306743,123.0,Crime,Double Feature Films,Richard LaGravenese,Hilary Swank,1,0,0,170731.70731707316,0
21000000.0,16.860033043306743,92.0,Action,TF1 Films Productions,Louis Leterrier,Jason Statham,10,0,0,228260.86956521738,1
20000000.0,16.811242881518265,115.0,Drama,Summit Entertainment,Jeff Wadlow,Sean Faris,3,0,0,173913.04347826086,1
21000000.0,16.860033043306743,104.0,Horror,United Artists,Katt Shea,Emily Bergl,3,1,0,201923.07692307694,0
17000000.0,16.648723960844016,98.0,Drama,Neal Street Productions,Sam Mendes,John Krasinski,6,0,1,173469.38775510204,0
21000000.0,16.860033043306743,120.0,Drama,Touchstone Pictures,Joshua Michael Stern,Kevin Costner,8,0,0,175000.0,0
21000000.0,16.860033043306743,117.0,Romance,Punch Productions,Brad Silberling,Jake Gyllenhaal,9,0,0,179487.1794871795,0
21000000.0,16.860033043306743,91.0,Drama,Summit Entertainment,Jodie Foster,Jodie Foster,2,0,0,230769.23076923078,0
35000000.0,17.370858648025116,114.0,Comedy,Universal Pictures,Colin Higgins,Burt Reynolds,7,0,1,307017.5438596491,0
15000000.0,16.52356082573315,97.0,Action,Alliance Atlantis Communications,David Cronenberg,Jennifer Jason Leigh,4,0,0,154639.17525773196,0
18000000.0,16.705882371415992,115.0,Adventure,Lucasfilm,Steven Spielberg,Harrison Ford,6,0,1,156521.73913043478,1
18000000.0,16.705882371415992,120.0,Comedy,Twentieth Century Fox Film Corporation,Chris Columbus,Macaulay Culkin,11,1,0,150000.0,1
20000000.0,16.811242881518265,135.0,Science Fiction,Columbia Pictures Corporation,Steven Spielberg,Richard Dreyfuss,11,0,0,148148.14814814815,1
38000000.0,17.453096744006448,90.0,Horror,Dimension Films,Jim Sonzero,Kristen Bell,8,0,0,422222.22222222225,0
20000000.0,16.811242881518265,100.0,Action,Paramount Pictures,Tony Scott,Eddie Murphy,5,1,0,200000.0,1
20000000.0,16.811242881518265,105.0,Comedy,Hyde Park Films,Adam Shankman,Steve Martin,3,0,0,190476.19047619047,1
19000000.0,16.759949589762293,119.0,Crime,Orion Pictures,Jonathan Demme,Jodie Foster,2,0,0,159663.8655462185,1
20000000.0,16.811242881518265,94.0,Music,Paramount Pictures,Penelope Spheeris,Mike Myers,2,0,0,212765.95744680852,1
20000000.0,16.811242881518265,94.0,Comedy,MTV Films,Jeff Tremaine,Johnny Knoxville,10,0,0,212765.95744680852,1
20000000.0,16.811242881518265,116.0,Horror,Universal Pictures,Jeannot Szwarc,Roy Scheider,6,1,1,172413.7931034483,1
20000000.0,16.811242881518265,91.0,Adventure,Walt Disney Pictures,Raja Gosnell,Drew Barrymore,10,0,0,219780.21978021978,1
13000000.0,16.380459992348886,112.0,Horror,New Line Cinema,James Wan,Patrick Wilson,7,0,1,116071.42857142857,1
32000000.0,17.281246492014,95.0,Adventure,Columbia Pictures,Brian Levant,Ice Cube,1,0,0,336842.1052631579,1
20000000.0,16.811242881518265,97.0,Comedy,New Line Cinema,Ben Falcone,Melissa McCarthy,7,0,1,206185.56701030929,1
35000000.0,17.370858648025116,108.0,Comedy,Paramount Pictures,Richard Linklater,Jack Black,10,0,0,324074.0740740741,1
18000000.0,16.705882371415992,101.0,Action,New Line Cinema,Paul W.S. Anderson,Christopher Lambert,8,0,0,178217.82178217822,1
37000000.0,17.426428497635523,109.0,Comedy,Columbia Pictures,Keenen Ivory Wayans,Shawn Wayans,6,0,1,339449.54128440365,1
20000000.0,16.811242881518265,115.0,Comedy,Fox Searchlight Pictures,Alexander Payne,George Clooney,9,0,0,173913.04347826086,1
20000000.0,16.811242881518265,134.0,Drama,Plan B Entertainment,Steve McQueen,Chiwetel Ejiofor,10,0,0,149253.73134328358,1
20000000.0,16.811242881518265,118.0,Drama,Fox 2000 Pictures,Charles Stone III,Nick Cannon,12,0,1,169491.5254237288,1
20000000.0,16.811242881518265,121.0,Comedy,Lions Gate Films,Tyler Perry,Tyler Perry,4,0,0,165289.2561983471,1
20000000.0,16.811242881518265,105.0,Fantasy,Twentieth Century Fox Film Corporation,Tim Burton,Johnny Depp,12,0,1,190476.19047619047,1
20000000.0,16.811242881518265,110.0,Drama,New Line Cinema,Thea Sharrock,Emilia Clarke,6,0,1,181818.18181818182,1
1800000.0,14.403297778421795,104.0,Action,Twentieth Century Fox Film Corporation,William Friedkin,Gene Hackman,10,0,0,17307.69230769231,1
20000000.0,16.811242881518265,100.0,Comedy,STX Entertainment,Jon Lucas,Mila Kunis,7,0,1,200000.0,1
20000000.0,16.811242881518265,83.0,Comedy,Regency Enterprises,Jason Friedberg,Alyson Hannigan,2,0,0,240963.85542168675,1
20000000.0,16.811242881518265,72.0,Adventure,Walt Disney Pictures,Robin Budd,Harriet Owen,2,0,0,277777.77777777775,1
20000000.0,16.811242881518265,127.0,History,Plan B Entertainment,Ava DuVernay,David Oyelowo,12,0,1,157480.3149606299,1
20000000.0,16.811242881518265,72.0,Family,Walt Disney Pictures,Steve Trenbirth,John Goodman,2,1,0,277777.77777777775,1
20000000.0,16.811242881518265,89.0,Thriller,Ghost House Pictures,Stephen T. Kay,Emily Deschanel,2,0,0,224719.1011235955,1
20000000.0,16.811242881518265,96.0,Thriller,TriStar Pictures,Mennan Yapo,Sandra Bullock,2,0,0,208333.33333333334,1
30000000.0,17.216707972959764,77.0,Animation,Walt Disney Pictures,Jun Falkenstein,Jim Cummings,2,0,0,389610.3896103896,0
20000000.0,16.811242881518265,123.0,Horror,Dark Castle Entertainment,Jaume Collet-Serra,Vera Farmiga,7,0,1,162601.62601626015,1
20000000.0,16.811242881518265,111.0,Adventure,Sunswept Entertainment,Boaz Yakin,Thomas Haden Church,6,0,1,180180.18018018018,1
20000000.0,16.811242881518265,86.0,Action,Twentieth Century Fox Film Corporation,Jason Friedberg,Kal Penn,1,0,0,232558.13953488372,1
20000000.0,16.811242881518265,128.0,Drama,Universal Pictures,Tom McCarthy,Mark Ruffalo,11,0,0,156250.0,1
20000000.0,16.811242881518265,110.0,Drama,Screen Gems,Neil LaBute,Samuel L. Jackson,9,0,0,181818.18181818182,0
20000000.0,16.811242881518265,102.0,Horror,Columbia Pictures Corporation,Takashi Shimizu,Sarah Michelle Gellar,10,1,0,196078.431372549,0
20000000.0,16.811242881518265,124.0,Comedy,Twentieth Century Fox Film Corporation,Kevin Rodney Sullivan,Angela Bassett,8,0,0,161290.32258064515,0
20000000.0,16.811242881518265,115.0,Comedy,Universal Pictures,Barry Levinson,Robin Williams,10,0,0,173913.04347826086,1
20000000.0,16.811242881518265,98.0,Adventure,Walt Disney Productions,Gary Nelson,Maximilian Schell,12,0,1,204081.6326530612,0
20000000.0,16.811242881518265,104.0,Crime,This Is That Productions,Anton Corbijn,George Clooney,8,0,0,192307.6923076923,1
20000000.0,16.811242881518265,127.0,Drama,Q Productions,Gregory Nava,Jennifer Lopez,3,0,0,157480.3149606299,1
20000000.0,16.811242881518265,82.0,Horror,Regency Enterprises,Jason Friedberg,Chris Riggi,8,0,0,243902.43902439025,1
25000000.0,17.034386422832473,143.0,Drama,Paramount Vantage,Alejandro González Iñárritu,Brad Pitt,9,0,0,174825.17482517482,1
19800000.0,16.801192546169812,103.0,Drama,Spring Creek Productions,Shawn Levy,Jason Bateman,9,0,0,192233.00970873787,1
20000000.0,16.811242881518265,104.0,Drama,Scott Rudin Productions,John Patrick Shanley,Meryl Streep,11,0,0,192307.6923076923,1
32000000.0,17.281246492014,98.0,Music,Paramount Pictures,Trey Parker,Trey Parker,10,0,0,326530.612244898,0
20000000.0,16.811242881518265,92.0,Horror,Nu Image Films,John Luessenhop,Alexandra Daddario,1,1,0,217391.30434782608,1
20000000.0,16.811242881518265,86.0,Comedy,Dimension Films,Malcolm D. Lee,Simon Rex,4,1,0,232558.13953488372,1
20000000.0,16.811242881518265,158.0,Drama,Paramount Pictures,Joshua Logan,Lee Marvin,10,0,0,126582.27848101266,0
20000000.0,16.811242881518265,128.0,History,Focus Features,Gus Van Sant,Sean Penn,11,0,0,156250.0,1
20000000.0,16.811242881518265,107.0,Action,Columbia Pictures,Kevin Reynolds,Tom Felton,2,0,0,186915.8878504673,1
35000000.0,17.370858648025116,91.0,Horror,Village Roadshow Pictures,Steve Beck,Gabriel Byrne,10,0,0,384615.3846153846,0
19000000.0,16.759949589762293,108.0,Comedy,New Line Cinema,Todd Strauss-Schulson,Neil Patrick Harris,11,1,0,175925.92592592593,0
20000000.0,16.811242881518265,108.0,Crime,Columbia Pictures,John McNaughton,Matt Dillon,3,0,0,185185.1851851852,1
20000000.0,16.811242881518265,113.0,Drama,Miramax Films,John Madden,Helen Mirren,4,0,0,176991.15044247787,1
30000000.0,17.216707972959764,113.0,Comedy,Buena Vista,Stephen Frears,John Cusack,3,0,0,265486.7256637168,0
20000000.0,16.811242881518265,112.0,Thriller,Atlas Entertainment,Roger Donaldson,Jason Statham,2,0,0,178571.42857142858,1
20000000.0,16.811242881518265,108.0,Science Fiction,Anonymous Content,Michel Gondry,Jim Carrey,3,0,0,185185.1851851852,1
20000000.0,16.811242881518265,105.0,Comedy,Oops Doughnuts Productions,Andy Fickman,Kristen Bell,9,0,0,190476.19047619047,0
20000000.0,16.811242881518265,109.0,Action,Fox Searchlight Pictures,David Ayer,Keanu Reeves,4,0,0,183486.2385321101,1
20000000.0,16.811242881518265,109.0,Comedy,Universal Pictures,Edgar Wright,Simon Pegg,7,0,1,183486.2385321101,1
20000000.0,16.811242881518265,98.0,Fantasy,Lionsgate,Michael Spierig,Ethan Hawke,1,0,0,204081.6326530612,1
20000000.0,16.811242881518265,104.0,Comedy,DreamWorks SKG,Jim Field Smith,Alice Eve,3,0,0,192307.6923076923,1
20000000.0,16.811242881518265,109.0,Adventure,Dune Entertainment,Thomas Bezucha,Selena Gomez,7,0,1,183486.2385321101,0
9000000.0,16.012735246411598,100.0,Horror,Spyglass Entertainment,William Brent Bell,Jon Foster,3,0,0,90000.0,1
20000000.0,16.811242881518265,88.0,Family,Lions Gate Family Entertainment,Ben Gluck,Hayden Panettiere,9,0,0,227272.72727272726,0
20000000.0,16.811242881518265,97.0,Action,"Screen Gems, Inc.",Renny Harlin,Steven Strait,9,0,0,206185.56701030929,0
40000000.0,17.50439003707821,89.0,Comedy,Warner Bros. Pictures,Robert Rodriguez,Jimmy Bennett,8,0,0,449438.202247191,0
20000000.0,16.811242881518265,106.0,Fantasy,The Rank Organisation,Gus Van Sant,Nicole Kidman,5,0,0,188679.24528301886,0
20000000.0,16.811242881518265,96.0,Mystery,Lionsgate,Henry Joost,Emma Roberts,7,0,1,208333.33333333334,1
20000000.0,16.811242881518265,115.0,Drama,New Line Cinema,Ed Harris,Viggo Mortensen,9,0,0,173913.04347826086,0
806948.0,13.601015748229047,109.0,Drama,Paramount Pictures,Alfred Hitchcock,Anthony Perkins,6,0,1,7403.192660550459,1
20000000.0,16.811242881518265,101.0,Romance,Lionsgate,Howard Deutch,Dane Cook,9,0,0,198019.801980198,0
20000000.0,16.811242881518265,103.0,Drama,Universal Pictures,Shana Feste,Alex Pettyfer,2,0,0,194174.7572815534,0
20000000.0,16.811242881518265,98.0,Comedy,,Steve Rash,Chevy Chase,7,0,1,204081.6326530612,0
20000000.0,16.811242881518265,121.0,Adventure,Twentieth Century Fox Film Corporation,Richard Donner,Matthew Broderick,3,0,0,165289.2561983471,0
20000000.0,16.811242881518265,114.0,Comedy,Caravan Pictures,Mark Steven Johnson,Jim Carrey,9,0,0,175438.59649122806,0
20000000.0,16.811242881518265,124.0,Drama,Columbia Pictures,Mike Binder,Adam Sandler,3,0,0,161290.32258064515,0
15000000.0,16.52356082573315,148.0,Adventure,Paramount Vantage,Sean Penn,Emile Hirsch,9,0,0,101351.35135135135,1
20000000.0,16.811242881518265,100.0,Comedy,Dimension Films,Todd Phillips,Billy Bob Thornton,9,0,0,200000.0,0
20000000.0,16.811242881518265,94.0,Thriller,Davis-Films,Michael J. Bassett,Adelaide Clemens,10,0,0,212765.95744680852,1
19000000.0,16.759949589762293,108.0,Horror,A Band Apart,Robert Rodriguez,George Clooney,1,0,0,175925.92592592593,0
20000000.0,16.811242881518265,99.0,Action,Columbia Pictures,Stephen Chow,Stephen Chow,2,0,0,202020.202020202,1
20000000.0,16.811242881518265,128.0,Drama,DreamWorks SKG,Marc Forster,Khalid Abdalla,10,0,0,156250.0,1
20000000.0,16.811242881518265,124.0,Drama,This Is That Productions,Alejandro González Iñárritu,Sean Penn,9,0,0,161290.32258064515,1
20000000.0,16.811242881518265,84.0,Action,Icon Productions,Paul Abascal,Cole Hauser,9,0,0,238095.2380952381,0
20000000.0,16.811242881518265,101.0,Comedy,Metro-Goldwyn-Mayer (MGM),Chris Koch,Jason Lee,1,0,0,198019.801980198,0
20000000.0,16.811242881518265,120.0,Documentary,The Weinstein Company,Michael Moore,Michael Moore,9,0,0,166666.66666666666,0
20000000.0,16.811242881518265,199.0,Drama,George Stevens Productions,George Stevens,Max von Sydow,2,0,0,100502.51256281407,0
19500000.0,16.785925074816024,111.0,Crime,Ingenious Media,Billy Ray,Chiwetel Ejiofor,10,0,0,175675.67567567568,0
25000000.0,17.034386422832473,87.0,Action,Grosvenor Park Media Ltd.,Jason Friedberg,Matt Lanter,8,0,0,287356.3218390805,0
20000000.0,16.811242881518265,88.0,Action,Screen Gems,Nimród Antal,Columbus Short,12,0,1,227272.72727272726,0
20000000.0,16.811242881518265,97.0,Comedy,Regency Enterprises,Jon Amiel,Bill Murray,11,0,0,206185.56701030929,0
20000000.0,16.811242881518265,106.0,Comedy,Regency Enterprises,Mark Mylod,Chris Evans,9,0,0,188679.24528301886,0
20000000.0,16.811242881518265,95.0,Action,Canal+,Stephen St. Leger,Guy Pearce,4,0,0,210526.31578947368,0
20000000.0,16.811242881518265,96.0,Action,Lakeshore Entertainment,Brian Taylor,Jason Statham,4,1,0,208333.33333333334,0
20000000.0,16.811242881518265,123.0,Drama,Gener8Xion Entertainment,Michael O. Sajbel,Tiffany Dupont,10,0,0,162601.62601626015,0
30000000.0,17.216707972959764,101.0,Drama,Miramax Films,Phillip Noyce,Michael Caine,11,0,0,297029.702970297,0
20000000.0,16.811242881518265,101.0,Comedy,Paramount Pictures,Gore Verbinski,Nicolas Cage,10,0,0,198019.801980198,0
20000000.0,16.811242881518265,96.0,Action,Miramax Films,Walter Hill,Wesley Snipes,8,0,0,208333.33333333334,0
20000000.0,16.811242881518265,108.0,Action,The Mark Gordon Company,Renny Harlin,John Cena,3,0,0,185185.1851851852,0
20000000.0,16.811242881518265,116.0,Drama,Hammer Film Productions,Matt Reeves,Kodi Smit-McPhee,10,0,0,172413.7931034483,0
20000000.0,16.811242881518265,115.0,Action,Worldview Entertainment,John Hillcoat,Casey Affleck,2,1,0,173913.04347826086,0
20000000.0,16.811242881518265,96.0,Comedy,Fine Line Features,Woody Allen,Woody Allen,8,0,0,208333.33333333334,0
20000000.0,16.811242881518265,100.0,Drama,Double Feature Films,John Wells,Bradley Cooper,10,0,0,200000.0,0
20000000.0,16.811242881518265,105.0,Action,Twentieth Century Fox Film Corporation,James Wan,Kevin Bacon,8,0,0,190476.19047619047,0
20000000.0,16.811242881518265,84.0,Action,New Line Cinema,Les Mayfield,Cedric the Entertainer,1,0,0,238095.2380952381,0
20000000.0,16.811242881518265,98.0,Comedy,Universal Pictures,Michael Lembeck,Nia Vardalos,4,0,0,204081.6326530612,0
8000000.0,15.894952224644102,149.0,Comedy,Universal Pictures,Bob Fosse,Shirley MacLaine,1,0,0,53691.275167785236,1
20000000.0,16.811242881518265,148.0,Comedy,Ghoulardi Film Company,Paul Thomas Anderson,Joaquin Phoenix,12,0,1,135135.13513513515,0
20000000.0,16.811242881518265,110.0,Music,Screen Gems,Benson Lee,Josh Holloway,9,0,0,181818.18181818182,0
20000000.0,16.811242881518265,83.0,Comedy,Mpower Pictures,David Zucker,Kevin Farley,10,0,0,240963.85542168675,0
12000000.0,16.300417291085605,107.0,Action,Open Road Films,Robert Rodriguez,Danny Trejo,9,0,0,112149.53271028037,0
20000000.0,16.811242881518265,106.0,Comedy,Metanoia Films,Alejandro Monteverde,Jakob Salvati,4,0,0,188679.24528301886,0
15000000.0,16.52356082573315,99.0,Drama,Recorded Pictures Company,David Cronenberg,Keira Knightley,9,0,0,151515.15151515152,0
8700000.0,15.978833698567334,100.0,Animation,Thousand Words,Richard Linklater,Keanu Reeves,5,0,0,87000.0,0
20000000.0,16.811242881518265,96.0,Action,Boll Kino Beteiligungs GmbH & Co. KG,Uwe Boll,Christian Slater,1,0,0,208333.33333333334,0
20000000.0,16.811242881518265,111.0,Comedy,Summit Entertainment,Todd Graff,Vanessa Hudgens,8,0,0,180180.18018018018,0
20000000.0,16.811242881518265,125.0,Crime,Participant Media,J.C. Chandor,Oscar Isaac,12,0,1,160000.0,0
20000000.0,16.811242881518265,135.0,Drama,Endgame Entertainment,Todd Haynes,Cate Blanchett,10,0,0,148148.14814814815,0
20000000.0,16.811242881518265,93.0,Action,Summit Entertainment,Mabrouk El Mechri,Henry Cavill,4,0,0,215053.7634408602,0
20000000.0,16.811242881518265,114.0,Adventure,The Weinstein Company,Rian Johnson,Rachel Weisz,9,0,0,175438.59649122806,0
26500000.0,17.0926553286923,134.0,Adventure,Miramax Films,Hayao Miyazaki,Yōji Matsuda,7,0,1,197761.19402985074,1
2000000.0,14.508658238524095,104.0,Action,Autonomous,John Hillcoat,Guy Pearce,10,0,0,19230.76923076923,1
20000000.0,16.811242881518265,84.0,Comedy,Paramount Pictures,Richard Benjamin,Lisa Kudrow,8,0,0,238095.2380952381,0
20000000.0,16.811242881518265,107.0,Action,Dimension Films,Kurt Wimmer,Christian Bale,12,0,1,186915.8878504673,0
40000000.0,17.50439003707821,125.0,Drama,Australian Film Finance Corporation,Roger Spottiswoode,Jonathan Rhys Meyers,7,0,1,320000.0,0
10000000.0,16.118095750958314,122.0,Drama,Plan B Entertainment,Angelina Jolie,Angelina Jolie,11,0,0,81967.2131147541,0
20000000.0,16.811242881518265,107.0,Adventure,Tig Productions,Kevin Reynolds,Jason Scott Lee,9,0,0,186915.8878504673,0
20000000.0,16.811242881518265,107.0,Action,Hyde Park Films,Kevin Munroe,Brandon Routh,3,0,0,186915.8878504673,0
20000000.0,16.811242881518265,110.0,Drama,Miramax Films,Julie Taymor,Helen Mirren,12,0,1,181818.18181818182,0
27220000.0,17.119462591925288,105.0,Thriller,Grindstone Entertainment Group,Scott Walker,Nicolas Cage,7,0,1,259238.09523809524,0
22000000.0,16.906553056777135,181.0,Adventure,Tig Productions,Kevin Costner,Kevin Costner,11,0,0,121546.96132596685,1
20000000.0,16.811242881518265,92.0,Comedy,Columbia Pictures,Jake Kasdan,Cameron Diaz,5,0,0,217391.30434782608,1
19000000.0,16.759949589762293,113.0,Drama,Universal Pictures Corporation,Harold Becker,Al Pacino,9,0,0,168141.59292035399,1
19000000.0,16.759949589762293,95.0,Comedy,Gaylord Films,Mark Rosman,Hilary Duff,7,0,1,200000.0,1
14000000.0,16.454567959008102,111.0,Crime,Woods Entertainment,Wes Craven,David Arquette,12,0,1,126126.12612612612,1
19000000.0,16.759949589762293,144.0,Horror,Hawk Films,Stanley Kubrick,Jack Nicholson,5,0,0,131944.44444444444,1
19000000.0,16.759949589762293,116.0,Adventure,Universal Pictures,Robert Zemeckis,Michael J. Fox,7,0,1,163793.10344827586,1
19000000.0,16.759949589762293,93.0,Horror,Dark Castle Entertainment,William Malone,Geoffrey Rush,10,0,0,204301.0752688172,1
19000000.0,16.759949589762293,101.0,Comedy,Mandate Pictures,Josh Gordon,Jason Bateman,5,0,0,188118.81188118813,1
18000000.0,16.705882371415992,95.0,Comedy,Twentieth Century Fox Film Corporation,Shawn Levy,Ashton Kutcher,1,0,0,189473.68421052632,1
19100000.0,16.765198945372877,109.0,Drama,Corrino Media Corporation,Lee Tamahori,Dominic Cooper,2,0,0,175229.35779816515,0
20000000.0,16.811242881518265,101.0,Mystery,Penn Station Entertainment,Breck Eisner,Timothy Olyphant,2,0,0,198019.801980198,1
15000000.0,16.52356082573315,125.0,Fantasy,Studio Ghibli,Hayao Miyazaki,Rumi Hiiragi,7,0,1,120000.0,1
25000000.0,17.034386422832473,132.0,Action,Dino De Laurentiis Company,Roger Donaldson,Mel Gibson,5,0,0,189393.9393939394,0
19000000.0,16.759949589762293,109.0,Comedy,"Summit Entertainment, LLC",Sean Anders,Josh Zuckerman,10,0,0,174311.9266055046,0
19000000.0,16.759949589762293,100.0,Romance,Universal Pictures,Anand Tucker,Amy Adams,1,0,0,190000.0,0
19000000.0,16.759949589762293,188.0,Drama,Paramount Pictures,Anthony Mann,Sophia Loren,3,0,0,101063.82978723405,0
19000000.0,16.759949589762293,97.0,Comedy,Imagine Entertainment,Michael Dowse,Topher Grace,3,0,0,195876.28865979382,0
19000000.0,16.759949589762293,93.0,Family,Warner Bros. Family Entertainment,Emile Ardolino,Darci Kistler,11,0,0,204301.0752688172,0
19000000.0,16.759949589762293,90.0,Horror,Platinum Dunes,Andrew Douglas,Ryan Reynolds,4,0,0,211111.11111111112,1
19000000.0,16.759949589762293,114.0,Comedy,Beverly Detroit,Spike Jonze,Nicolas Cage,12,0,1,166666.66666666666,0
15000000.0,16.52356082573315,93.0,Horror,Universal Pictures,George A. Romero,Simon Baker,6,0,1,161290.32258064515,1
18500000.0,16.733281344102608,118.0,Adventure,Universal Pictures,Terry Gilliam,Johnny Depp,5,0,0,156779.66101694916,0
18500000.0,16.733281344102608,100.0,Comedy,Media Rights Capital,Ricky Gervais,Ricky Gervais,9,0,0,185000.0,0
18000000.0,16.705882371415992,96.0,Comedy,Universal Pictures,Nicholas Stoller,Seth Rogen,5,0,0,187500.0,1
23000000.0,16.951004817371683,101.0,Romance,New Line Cinema,Chuck Russell,Jim Carrey,7,0,1,227722.77227722772,1
18000000.0,16.705882371415992,104.0,Fantasy,Gracie Films,Penny Marshall,Tom Hanks,6,0,1,173076.92307692306,1
18000000.0,16.705882371415992,82.0,Comedy,Twentieth Century Fox Film Corporation,Larry Charles,Sacha Baron Cohen,11,0,0,219512.19512195123,1
18000000.0,16.705882371415992,96.0,Comedy,Marc Platt Productions,Robert Luketic,Reese Witherspoon,7,0,1,187500.0,1
18000000.0,16.705882371415992,105.0,Science Fiction,Paramount Pictures,Leonard Nimoy,William Shatner,5,0,0,171428.57142857142,1
19000000.0,16.759949589762293,122.0,Crime,Lakeshore Entertainment,Scott Derrickson,Laura Linney,9,0,0,155737.70491803277,1
17000000.0,16.648723960844016,88.0,Comedy,Happy Madison Productions,Mike Mitchell,Rob Schneider,12,0,1,193181.81818181818,1
16000000.0,16.588099342704055,110.0,Thriller,Stoney Lake Entertainment,Vic Armstrong,Nicolas Cage,10,0,0,145454.54545454544,0
18000000.0,16.705882371415992,106.0,Comedy,Metro-Goldwyn-Mayer (MGM),Kevin Rodney Sullivan,Ice Cube,1,1,0,169811.320754717,1
23000000.0,16.951004817371683,91.0,Drama,Columbia Pictures,Terry Zwigoff,Billy Bob Thornton,11,0,0,252747.25274725276,1
16500000.0,16.61887099947687,94.0,Science Fiction,New Line Cinema,Jay Roach,Mike Myers,5,0,0,175531.914893617,1
18000000.0,16.705882371415992,94.0,Romance,Universal Pictures,Kirk Jones,John Corbett,3,1,0,191489.36170212767,1
21000000.0,16.860033043306743,99.0,Family,Fox 2000 Pictures,David Bowers,Zachary Gordon,3,0,0,212121.21212121213,1
18000000.0,16.705882371415992,107.0,Science Fiction,Twentieth Century Fox Film Corporation,John McTiernan,Arnold Schwarzenegger,6,0,1,168224.29906542055,1
18000000.0,16.705882371415992,160.0,Drama,Warner Bros.,Miloš Forman,F. Murray Abraham,10,0,0,112500.0,1
17000000.0,16.648723960844016,97.0,Comedy,Paramount Pictures,Mark Waters,Lindsay Lohan,4,0,0,175257.7319587629,1
19800000.0,16.801192546169812,137.0,Drama,USA Films,Robert Altman,Helen Mirren,11,0,0,144525.54744525548,1
18000000.0,16.705882371415992,103.0,Comedy,American Zoetrope,Francis Ford Coppola,Kathleen Turner,10,0,0,174757.28155339806,1
18000000.0,16.705882371415992,119.0,Drama,Worldview Entertainment,Alejandro González Iñárritu,Michael Keaton,8,0,0,151260.50420168068,1
18000000.0,16.705882371415992,98.0,Comedy,Perdido Productions,Woody Allen,Cate Blanchett,7,0,1,183673.4693877551,1
15000000.0,16.52356082573315,111.0,Drama,Universal Pictures,Paul Greengrass,J.J. Johnson,4,0,0,135135.13513513515,1
18000000.0,16.705882371415992,94.0,Romance,Universal Pictures,Bille Woodruff,Jessica Alba,11,0,0,191489.36170212767,1
1000000.0,13.815511557963774,89.0,Horror,AVCO Embassy Pictures,John Carpenter,Adrienne Barbeau,2,0,0,11235.955056179775,1
18000000.0,16.705882371415992,106.0,Action,Mandalay Pictures,Sean McNamara,AnnaSophia Robb,4,0,0,169811.320754717,1
18000000.0,16.705882371415992,121.0,War,Paramount Pictures,Mike Nichols,Alan Arkin,6,0,1,148760.3305785124,0
18000000.0,16.705882371415992,103.0,Adventure,De Laurentiis Entertainment Group,Richard Fleischer,Arnold Schwarzenegger,6,0,1,174757.28155339806,1
18000000.0,16.705882371415992,129.0,Drama,United Artists,Martin Scorsese,Robert De Niro,11,0,0,139534.88372093023,0
18000000.0,16.705882371415992,109.0,Drama,Universal Pictures,Brandon Camp,Aaron Eckhart,9,0,0,165137.6146788991,1
18000000.0,16.705882371415992,94.0,Adventure,Fox Searchlight Pictures,Danny Boyle,James Franco,11,0,0,191489.36170212767,0
18000000.0,16.705882371415992,115.0,Drama,Columbia Pictures,Nicholas Hytner,Amanda Schull,5,0,0,156521.73913043478,0
17000000.0,16.648723960844016,107.0,Comedy,Imagine Entertainment,Jessie Nelson,Steve Martin,11,0,0,158878.5046728972,0
18000000.0,16.705882371415992,92.0,Family,Fox 2000 Pictures,Bart Freundlich,Kristen Stewart,2,0,0,195652.1739130435,0
30000000.0,17.216707972959764,122.0,Drama,Universal Pictures,Danny Boyle,Michael Fassbender,10,0,0,245901.6393442623,0
18000000.0,16.705882371415992,98.0,Action,ITC Entertainment,William A. Fraker,Christopher Lloyd,8,0,0,183673.4693877551,0
21000000.0,16.860033043306743,109.0,Drama,Columbia Pictures,John Boorman,Pierce Brosnan,2,0,0,192660.5504587156,0
18000000.0,16.705882371415992,108.0,Drama,Cinema 77,Brian De Palma,John Travolta,7,0,1,166666.66666666666,0
18000000.0,16.705882371415992,90.0,Action,Dark Castle Entertainment,Courtney Solomon,Ethan Hawke,8,0,0,200000.0,0
18000000.0,16.705882371415992,112.0,Drama,Fox Searchlight Pictures,Ang Lee,Kevin Kline,9,0,0,160714.2857142857,0
18000000.0,16.705882371415992,94.0,Comedy,Castle Rock Entertainment,Rob Reiner,Michael Douglas,7,0,1,191489.36170212767,0
17000000.0,16.648723960844016,117.0,Drama,Metro-Goldwyn-Mayer (MGM),Adrian Lyne,Mickey Rourke,2,1,0,145299.1452991453,0
18000000.0,16.705882371415992,108.0,Fantasy,Paramount Pictures,Matthew Robbins,Peter MacNicol,6,0,1,166666.66666666666,0
18000000.0,16.705882371415992,127.0,Comedy,Touchstone Pictures,Tim Burton,Johnny Depp,9,0,0,141732.28346456692,0
18000000.0,16.705882371415992,111.0,Drama,Mr. Mudd Production,Jason Reitman,Josh Brolin,12,0,1,162162.16216216216,0
18000000.0,16.705882371415992,120.0,History,Kinokompaniya CTB,Sergei Bodrov,Tadanobu Asano,9,0,0,150000.0,0
18000000.0,16.705882371415992,114.0,Action,StudioCanal,Guy Ritchie,Mark Strong,9,0,0,157894.73684210525,0
25000000.0,17.034386422832473,117.0,Drama,Great Scott Productions Pty. Ltd.,Bruce Beresford,Chi Cao,10,0,0,213675.2136752137,0
18000000.0,16.705882371415992,112.0,Adventure,Warner Bros.,Jeff Nichols,Michael Shannon,2,0,0,160714.2857142857,0
18000000.0,16.705882371415992,116.0,Drama,Archer Street Productions,Jonathan Teplitzky,Jeremy Irvine,12,0,1,155172.41379310345,0
2700000.0,14.80876270134486,93.0,Romance,New Century Entertainment Corporation,Mike Marvin,Charlie Sheen,11,0,0,29032.25806451613,0
18000000.0,16.705882371415992,103.0,Drama,Castle Rock Entertainment,D.J. Caruso,Val Kilmer,1,0,0,174757.28155339806,0
18000000.0,16.705882371415992,93.0,Music,Exclusive Media Group,Nimród Antal,Dane DeHaan,9,0,0,193548.38709677418,0
18000000.0,16.705882371415992,98.0,Drama,Senator Entertainment Co,Gregor Jordan,Billy Bob Thornton,11,0,0,183673.4693877551,0
18000000.0,16.705882371415992,338.0,Crime,Egoli Tossell Film AG,Olivier Assayas,Edgar Ramírez,5,0,0,53254.43786982248,0
3500000.0,15.068273812173887,96.0,Horror,Dead Films,George A. Romero,Lori Cardille,7,0,1,36458.333333333336,1
18000000.0,16.705882371415992,105.0,Action,Onyx Films,Christian Volckman,Daniel Craig,3,0,0,171428.57142857142,0
17900000.0,16.700311326676903,89.0,Adventure,Famous Films (II),Richard Fleischer,Arnold Schwarzenegger,4,0,0,201123.59550561797,0
14000000.0,16.454567959008102,119.0,Thriller,First Generation Films,Rodrigo Cortés,Sigourney Weaver,3,0,0,117647.05882352941,0
20000000.0,16.811242881518265,113.0,Comedy,Columbia Pictures,Greg Mottola,Jonah Hill,8,0,0,176991.15044247787,1
23000000.0,16.951004817371683,98.0,Music,Summit Entertainment,Jon M. Chu,Briana Evigan,2,1,0,234693.8775510204,1
15000000.0,16.52356082573315,80.0,Animation,The Weinstein Company,Cory Edwards,Anne Hathaway,12,0,1,187500.0,1
17500000.0,16.677711496036597,121.0,Drama,Lions Gate Films,Terry George,Don Cheadle,9,0,0,144628.09917355372,1
24000000.0,16.993564429978885,89.0,Action,Twentieth Century Fox Film Corporation,Xavier Gens,Timothy Olyphant,11,0,0,269662.9213483146,1
17500000.0,16.677711496036597,93.0,Drama,Fox Searchlight Pictures,Kasi Lemmons,Forest Whitaker,11,0,0,188172.04301075268,0
18000000.0,16.705882371415992,93.0,Thriller,Grindstone Entertainment Group,Brian A Miller,Bruce Willis,8,0,0,193548.38709677418,1
18500000.0,16.733281344102608,137.0,Horror,Twentieth Century Fox Film Corporation,James Cameron,Sigourney Weaver,7,0,1,135036.49635036496,1
17000000.0,16.648723960844016,170.0,Drama,Warner Bros.,George Cukor,Audrey Hepburn,10,0,0,100000.0,1
17000000.0,16.648723960844016,100.0,Horror,Columbia Pictures Corporation,Jim Gillespie,Jennifer Love Hewitt,10,0,0,170000.0,1
17000000.0,16.648723960844016,104.0,Comedy,Twentieth Century Fox Film Corporation,Luke Greenfield,Jake Johnson,8,0,0,163461.53846153847,1
16000000.0,16.588099342704055,126.0,Comedy,Fox Searchlight Pictures,Alexander Payne,Paul Giamatti,10,0,0,126984.12698412698,1
17500000.0,16.677711496036597,110.0,Comedy,Broken Lizard Industries,Jay Chandrasekhar,Erik Stolhanske,8,0,0,159090.9090909091,0
300000.0,12.611541086966115,91.0,Horror,Compass International Pictures,John Carpenter,Donald Pleasence,10,0,0,3296.703296703297,1
17000000.0,16.648723960844016,123.0,Comedy,Universal,Malcolm D. Lee,Terrence Howard,11,0,0,138211.38211382114,1
17000000.0,16.648723960844016,109.0,Action,Universal Pictures,Joe Carnahan,Ryan Reynolds,12,0,1,155963.3027522936,1
20000000.0,16.811242881518265,90.0,Horror,Lionsgate,Kevin Greutert,Tobin Bell,10,0,0,222222.22222222222,1
17000000.0,16.648723960844016,81.0,Comedy,Paramount Pictures,John Fortenberry,Will Ferrell,10,0,0,209876.54320987655,0
17000000.0,16.648723960844016,86.0,Drama,CBS Films,Daniel Barnz,Alex Pettyfer,1,0,0,197674.41860465117,1
15000000.0,16.52356082573315,107.0,Horror,Fox Searchlight Pictures,Alexandre Aja,Aaron Stanford,3,0,0,140186.91588785045,1
20000000.0,16.811242881518265,105.0,Drama,Warner Bros.,Christian Robinson,T.I.,3,0,0,190476.19047619047,0
17000000.0,16.648723960844016,112.0,Comedy,Brownstone Productions,Jason Moore,Anna Kendrick,9,0,0,151785.7142857143,1
34000000.0,17.341871111992198,108.0,Drama,Tollin/Robbins Productions,Mike Tollin,Freddie Prinze Jr.,8,0,0,314814.81481481483,0
17000000.0,16.648723960844016,133.0,Crime,Nu Image Films,Antoine Fuqua,Richard Gere,1,0,0,127819.54887218046,0
17000000.0,16.648723960844016,154.0,Action,Allied Artists Pictures,Nicholas Ray,Charlton Heston,5,0,0,110389.61038961039,0
17000000.0,16.648723960844016,91.0,Horror,TriStar Pictures,Fede Alvarez,Jane Levy,4,0,0,186813.18681318683,1
17000000.0,16.648723960844016,95.0,Comedy,Fox Searchlight Pictures,Donald Petrie,Nia Vardalos,2,0,0,178947.36842105264,0
17000000.0,16.648723960844016,107.0,Comedy,Universal Pictures,Paul Weitz,Hugh Grant,3,0,0,158878.5046728972,0
17000000.0,16.648723960844016,90.0,Action,Cannon Films,Sidney J. Furie,Christopher Reeve,7,1,1,188888.88888888888,0
17000000.0,16.648723960844016,122.0,Action,International Production Company,Wayne Kramer,Paul Walker,1,0,0,139344.26229508198,0
40000000.0,17.50439003707821,110.0,Fantasy,Michael London Productions,Neil Burger,Edward Norton,8,0,0,363636.36363636365,1
17000000.0,16.648723960844016,102.0,Adventure,American Filmworks,Noel Marshall,Tippi Hedren,11,0,0,166666.66666666666,0
17000000.0,16.648723960844016,98.0,Drama,Jerry Bruckheimer Films,Joel Schumacher,Cate Blanchett,7,0,1,173469.38775510204,0
17000000.0,16.648723960844016,120.0,Thriller,Nexus Factory,Andrea Di Stefano,Benicio del Toro,10,0,0,141666.66666666666,0
17000000.0,16.648723960844016,144.0,Action,Universal Pictures,Richard Kelly,Dwayne Johnson,5,0,0,118055.55555555556,0
17000000.0,16.648723960844016,91.0,Action,Twentieth Century Fox Film Corporation,Jack Smight,Jan-Michael Vincent,9,0,0,186813.18681318683,0
17000000.0,16.648723960844016,82.0,Horror,StudioCanal,Todd Lincoln ,Ashley Greene,8,0,0,207317.07317073172,0
16800000.0,16.636889503897294,122.0,Drama,River Road Entertainment,Steven Shainberg,Nicole Kidman,8,0,0,137704.9180327869,0
15000000.0,16.52356082573315,126.0,Crime,Twentieth Century Fox Film Corporation,Oliver Stone,Charlie Sheen,12,0,1,119047.61904761905,1
16500000.0,16.61887099947687,136.0,Drama,Columbia Pictures Corporation,Ang Lee,Kate Winslet,12,0,1,121323.5294117647,1
16500000.0,16.61887099947687,120.0,Drama,Ecosse Films,Julian Jarrold,Anne Hathaway,3,0,0,137500.0,1
16500000.0,16.61887099947687,108.0,Comedy,Morgan Creek Productions,Joe Nussbaum,Amanda Bynes,9,0,0,152777.77777777778,0
16500000.0,16.61887099947687,126.0,Drama,DreamWorks SKG,Vadim Perelman,Jennifer Connelly,12,0,1,130952.38095238095,0
16400000.0,16.612791953770035,129.0,Drama,Touchstone Pictures,Peter Weir,Robin Williams,6,0,1,127131.78294573643,1
16000000.0,16.588099342704055,107.0,Comedy,New Line Cinema,Bobby Farrelly,Jim Carrey,12,0,1,149532.71028037384,1
16000000.0,16.588099342704055,96.0,Comedy,Castle Rock Entertainment,Rob Reiner,Meg Ryan,7,0,1,166666.66666666666,1
16000000.0,16.588099342704055,129.0,Drama,Twentieth Century Fox Film Corporation,Sidney Lumet,Paul Newman,12,0,1,124031.00775193798,1
16000000.0,16.588099342704055,93.0,Comedy,DreamWorks SKG,Todd Phillips,Breckin Meyer,5,0,0,172043.01075268816,1
15000000.0,16.52356082573315,100.0,Drama,France 3 Cinéma,Michel Hazanavicius,Jean Dujardin,5,0,0,150000.0,1
16000000.0,16.588099342704055,87.0,Horror,Rogue Pictures,David S. Goyer,Odette Annable,1,0,0,183908.0459770115,1
16000000.0,16.588099342704055,94.0,Comedy,Scott Rudin Productions,Wes Anderson,Bruce Willis,5,0,0,170212.7659574468,1
18500000.0,16.733281344102608,120.0,Drama,Focus Features,Cyrus Nowrasteh,Adam Greaves-Neal,3,0,0,154166.66666666666,0
19000000.0,16.759949589762293,118.0,Fantasy,Estudios Picasso,Guillermo del Toro,Ivana Baquero,5,0,0,161016.94915254237,1
16000000.0,16.588099342704055,130.0,Crime,Columbia Pictures,John Singleton,Tyrese Gibson,6,0,1,123076.92307692308,0
16000000.0,16.588099342704055,91.0,Thriller,Vertigo Entertainment,Christian E. Christiansen,Minka Kelly,2,0,0,175824.17582417582,1
17700000.0,16.68907525404123,91.0,Mystery,Columbia Pictures,Dennie Gordon,David Spade,4,0,0,194505.4945054945,0
15000000.0,16.52356082573315,110.0,Thriller,Stone Group Pictures,Sheldon Lettich,Jean-Claude Van Damme,8,0,0,136363.63636363635,1
12000000.0,16.300417291085605,121.0,Crime,Universal Pictures,Edgar Wright,Simon Pegg,2,0,0,99173.55371900827,1
16000000.0,16.588099342704055,114.0,Comedy,New Line Cinema,Diane English,Cloris Leachman,9,0,0,140350.87719298244,1
15000000.0,16.52356082573315,96.0,Drama,The Weinstein Company,Woody Allen,Scarlett Johansson,8,0,0,156250.0,1
16000000.0,16.588099342704055,94.0,Comedy,Punch 21 Productions,Robert Iscove,Freddie Prinze Jr.,6,0,1,170212.7659574468,0
16000000.0,16.588099342704055,100.0,Comedy,Dune Entertainment,Karyn Kusama,Megan Fox,9,0,0,160000.0,0
16000000.0,16.588099342704055,96.0,Comedy,Code Entertainment,Nick Gomez,Danny DeVito,3,0,0,166666.66666666666,0
20000000.0,16.811242881518265,108.0,Comedy,Weintraub Entertainment Group,Richard Benjamin,Dan Aykroyd,12,0,1,185185.1851851852,0
26000000.0,17.073607134447293,125.0,Drama,TriStar Pictures,Jonathan Demme,Tom Hanks,12,0,1,208000.0,1
16000000.0,16.588099342704055,100.0,Thriller,Columbia Pictures,Josef Rusnak,Craig Bierko,4,0,0,160000.0,0
16000000.0,16.588099342704055,97.0,Comedy,Cookout Productions,Lance Rivera,Ja Rule,9,0,0,164948.45360824742,0
6500000.0,15.687312888712007,95.0,Comedy,New Line Cinema,Adam Rifkin,Giuseppe Andrews,8,0,0,68421.05263157895,0
16000000.0,16.588099342704055,116.0,Adventure,Davis-Panzer Productions,Russell Mulcahy,Christopher Lambert,3,0,0,137931.0344827586,0
16000000.0,16.588099342704055,113.0,Drama,DreamWorks SKG,Susanne Bier,Halle Berry,9,0,0,141592.9203539823,0
16000000.0,16.588099342704055,97.0,Science Fiction,Quincy Jones-David Salzman Entertainment,Kenneth Johnson,Shaquille O'Neal,8,0,0,164948.45360824742,0
16000000.0,16.588099342704055,117.0,Drama,Kingsgate Films,James Gray,Marion Cotillard,7,0,1,136752.13675213675,0
20000000.0,16.811242881518265,101.0,Thriller,Cloud Eight Films,Danny Boyle,James McAvoy,3,0,0,198019.801980198,0
16000000.0,16.588099342704055,86.0,Romance,Metro-Goldwyn-Mayer (MGM),Jessy Terrero,Tom Arnold,5,0,0,186046.51162790696,0
11000000.0,16.213405921671733,106.0,Comedy,Centre National de la Cinématographie,Dany Boon,Kad Merad,1,0,0,103773.58490566038,1
13000000.0,16.380459992348886,161.0,Fantasy,BIM Distribuzione,Gaspar Noé,Nathaniel Brown,5,0,0,80745.34161490684,0
16000000.0,16.588099342704055,93.0,Drama,Grand Army Entertainment,Lasse Hallström,Richard Gere,6,0,1,172043.01075268816,1
16000000.0,16.588099342704055,122.0,Western,The Javelina Film Company,Tommy Lee Jones,Hilary Swank,5,0,0,131147.54098360657,0
15500000.0,16.5563506464056,93.0,Mystery,Sidney Kimmel Entertainment,Wayne Beach,Ray Liotta,9,0,0,166666.66666666666,0
15000000.0,16.52356082573315,105.0,Action,Paramount Pictures,Martin Brest,Eddie Murphy,11,0,0,142857.14285714287,1
18000000.0,16.705882371415992,103.0,Comedy,Twentieth Century Fox Film Corporation,Chris Columbus,Macaulay Culkin,11,0,0,174757.28155339806,1
21000000.0,16.860033043306743,116.0,Comedy,Columbia Pictures Corporation,Sydney Pollack,Dustin Hoffman,12,0,1,181034.4827586207,1
15000000.0,16.52356082573315,110.0,Action,Paramount Pictures,Tony Scott,Tom Cruise,5,0,0,136363.63636363635,1
17000000.0,16.648723960844016,120.0,Adventure,Sony Pictures Classics,Ang Lee,Chow Yun-fat,10,0,0,141666.66666666666,1
15000000.0,16.52356082573315,122.0,Drama,DreamWorks SKG,Sam Mendes,Kevin Spacey,9,0,0,122950.81967213115,1
15000000.0,16.52356082573315,118.0,Drama,The Weinstein Company,Tom Hooper,Colin Firth,9,0,0,127118.64406779662,1
15000000.0,16.52356082573315,107.0,Comedy,Universal Pictures,Ivan Reitman,Arnold Schwarzenegger,12,0,1,140186.91588785045,1
15000000.0,16.52356082573315,102.0,Drama,area japan,Udayan Prasad,William Hurt,12,0,1,147058.82352941178,0
15000000.0,16.52356082573315,154.0,Drama,Amblin Entertainment,Steven Spielberg,Whoopi Goldberg,12,0,1,97402.5974025974,1
16000000.0,16.588099342704055,120.0,Action,Polygon Entertainment,Yoon Je-kyoon,Park Joong-hoon,6,0,1,133333.33333333334,0
14000000.0,16.454567959008102,113.0,History,Black Bear Pictures,Morten Tyldum,Benedict Cumberbatch,11,0,0,123893.80530973451,1
15000000.0,16.52356082573315,125.0,Drama,Universal Pictures,Michael Apted,Sissy Spacek,3,0,0,120000.0,1
15000000.0,16.52356082573315,92.0,Comedy,Dune Entertainment,Thor Freudenthal,Zachary Gordon,3,0,0,163043.47826086957,1
15000000.0,16.52356082573315,100.0,Horror,Universal Pictures,Andy Muschietti,Jessica Chastain,1,0,0,150000.0,1
15000000.0,16.52356082573315,98.0,Comedy,Warner Bros.,Harold Ramis,Chevy Chase,7,0,1,153061.22448979592,1
15000000.0,16.52356082573315,92.0,Comedy,Paramount Pictures,Jeff Tremaine,Johnny Knoxville,10,0,0,163043.47826086957,1
15000000.0,16.52356082573315,103.0,Drama,BIM Distribuzione,Stephen Frears,Helen Mirren,9,0,0,145631.06796116504,1
15000000.0,16.52356082573315,92.0,Fantasy,"Geffen Company, The",Tim Burton,Geena Davis,2,0,0,163043.47826086957,1
15000000.0,16.52356082573315,113.0,Comedy,Lions Gate Films,Tyler Perry,Tyler Perry,10,0,0,132743.3628318584,1
17000000.0,16.648723960844016,95.0,Drama,Hammer Film Productions,James Watkins,Daniel Radcliffe,2,0,0,178947.36842105264,1
15000000.0,16.52356082573315,87.0,Horror,Davis Entertainment,Simon West,Camilla Belle,2,0,0,172413.7931034483,1
15000000.0,16.52356082573315,88.0,Comedy,Universal Pictures,Shawn Levy,Frankie Muniz,2,0,0,170454.54545454544,1
15000000.0,16.52356082573315,183.0,Drama,Universal Pictures,Michael Cimino,Robert De Niro,12,0,1,81967.2131147541,1
15000000.0,16.52356082573315,97.0,Comedy,New Line Cinema,Barry Levinson,Dustin Hoffman,12,0,1,154639.17525773196,1
17000000.0,16.648723960844016,94.0,Family,Walt Disney Pictures,Jim Fall,Hilary Duff,4,0,0,180851.06382978722,1
35000000.0,17.370858648025116,112.0,Thriller,Front Street Productions,Ric Roman Waugh,Dwayne Johnson,2,0,0,312500.0,0
15000000.0,16.52356082573315,98.0,Horror,Universal Pictures,Michael Dougherty,Adam Scott,11,0,0,153061.22448979592,1
15000000.0,16.52356082573315,104.0,Horror,Dimension Films,Robert Rodriguez,Jordana Brewster,12,0,1,144230.76923076922,1
15000000.0,16.52356082573315,104.0,Action,Miramax Films,James Mangold,Sylvester Stallone,8,0,0,144230.76923076922,1
16000000.0,16.588099342704055,89.0,Comedy,Original Film,Joel Gallen,Chyler Leigh,12,0,1,179775.2808988764,1
7000000.0,15.76142084987672,109.0,Crime,Emmett/Furla Films,David Ayer,Jake Gyllenhaal,9,0,0,64220.18348623853,1
15000000.0,16.52356082573315,106.0,Crime,Universal Pictures,Rob Cohen,Joshua Jackson,3,0,0,141509.43396226416,1
15000000.0,16.52356082573315,123.0,Drama,Working Title Films,James Marsh,Eddie Redmayne,11,0,0,121951.21951219512,1
15000000.0,16.52356082573315,120.0,Comedy,Twentieth Century Fox Film Corporation,Matt Williams,Natalie Portman,4,0,0,125000.0,1
15000000.0,16.52356082573315,216.0,Adventure,Horizon Pictures (II),David Lean,Peter O'Toole,12,0,1,69444.44444444444,1
15000000.0,16.52356082573315,105.0,Horror,Dimension Films,Rob Zombie,Scout Taylor-Compton,8,0,0,142857.14285714287,1
15000000.0,16.52356082573315,115.0,Drama,Fox Searchlight Pictures,Jean-Marc Vallée,Reese Witherspoon,12,0,1,130434.78260869565,1
15000000.0,16.52356082573315,110.0,Crime,Rogue Pictures,Dennis Iliadis,Garret Dillahunt,3,0,0,136363.63636363635,1
15000000.0,16.52356082573315,88.0,Comedy,26 Films,Clare Kilner,Debra Messing,2,0,0,170454.54545454544,1
13000000.0,16.380459992348886,94.0,Horror,Dimension Films,Rick Rosenthal,Jamie Lee Curtis,7,0,1,138297.87234042553,1
16000000.0,16.588099342704055,98.0,Adventure,Act III Communications,Rob Reiner,Cary Elwes,9,0,0,163265.306122449,0
15000000.0,16.52356082573315,126.0,Drama,The Weinstein Company,Denzel Washington,Denzel Washington,12,0,1,119047.61904761905,1
15000000.0,16.52356082573315,100.0,Drama,Bold Films,Nicolas Winding Refn,Ryan Gosling,8,0,0,150000.0,1
15000000.0,16.52356082573315,89.0,Comedy,Walt Disney Pictures,Sara Sugarman,Lindsay Lohan,2,0,0,168539.32584269662,0
15000000.0,16.52356082573315,111.0,Comedy,Twentieth Century Fox Film Corporation,Nicholas Hytner,Jennifer Aniston,4,0,0,135135.13513513515,1
15000000.0,16.52356082573315,100.0,Horror,DNA Films,Juan Carlos Fresnadillo,Imogen Poots,4,0,0,150000.0,1
15000000.0,16.52356082573315,115.0,Drama,Mandalay Pictures,Thomas Carter,Jim Caviezel,8,0,0,130434.78260869565,1
14000000.0,16.454567959008102,106.0,Comedy,Twentieth Century Fox Film Corporation,Wayne Wang,Jeff Daniels,2,0,0,132075.4716981132,1
20000000.0,16.811242881518265,124.0,Action,40 Acres & A Mule Filmworks,Gina Prince-Bythewood,"Chris Warren, Jr.",4,0,0,161290.32258064515,0
15000000.0,16.52356082573315,99.0,Comedy,Dune Entertainment,Phil Traill,Sandra Bullock,9,0,0,151515.15151515152,1
15000000.0,16.52356082573315,101.0,Drama,Columbia Pictures,Andrew Fleming,Robin Tunney,5,0,0,148514.8514851485,0
15000000.0,16.52356082573315,124.0,Drama,DreamWorks,Woody Allen,Jonathan Rhys Meyers,10,0,0,120967.74193548386,1
11500000.0,16.257857680289998,134.0,Drama,Columbia Pictures,James Ivory,Anthony Hopkins,11,0,0,85820.89552238806,1
15000000.0,16.52356082573315,155.0,Drama,New Line Cinema,Paul Thomas Anderson,Mark Wahlberg,9,0,0,96774.19354838709,1
15000000.0,16.52356082573315,95.0,Drama,Twentieth Century Fox Film Corporation,Michael Mayer,Tim McGraw,10,0,0,157894.73684210525,0
14000000.0,16.454567959008102,97.0,Horror,Original Film,John Ottman,Jennifer Morrison,9,1,0,144329.8969072165,1
20000000.0,16.811242881518265,92.0,Action,Twentieth Century Fox Film Corporation,John Bonito,John Cena,10,0,0,217391.30434782608,0
15000000.0,16.52356082573315,94.0,Action,New Line Cinema,Peter Atencio,Jordan Peele,4,0,0,159574.46808510637,0
15000000.0,16.52356082573315,117.0,Drama,Maguire Entertainment,Shana Feste,Gwyneth Paltrow,12,0,1,128205.1282051282,0
15000000.0,16.52356082573315,84.0,Mystery,Village Roadshow Pictures,David Nutter,James Marsden,7,0,1,178571.42857142858,0
15000000.0,16.52356082573315,140.0,Drama,Sidney Kimmel Entertainment,Derek Cianfrance,Ryan Gosling,3,0,0,107142.85714285714,1
15000000.0,16.52356082573315,108.0,Crime,Irish Dreamtime,Roger Donaldson,Pierce Brosnan,8,0,0,138888.88888888888,1
15000000.0,16.52356082573315,131.0,Drama,Summit Entertainment,Kathryn Bigelow,Jeremy Renner,10,0,0,114503.81679389313,1
15000000.0,16.52356082573315,114.0,Fantasy,Universal Pictures,Mark L. Lester,David Keith,5,0,0,131578.94736842104,0
15000000.0,16.52356082573315,97.0,Crime,Plan B Entertainment,Andrew Dominik,Brad Pitt,9,0,0,154639.17525773196,1
15000000.0,16.52356082573315,121.0,Thriller,Senator Film Produktion,Anton Corbijn,Philip Seymour Hoffman,7,0,1,123966.94214876032,1
15000000.0,16.52356082573315,85.0,Music,National Geographic Entertainment,Mark Pellington,Bono,5,0,0,176470.58823529413,0
25000000.0,17.034386422832473,87.0,Action,Davis-Panzer Productions,Douglas Aarniokoski,Christopher Lambert,9,0,0,287356.3218390805,0
15000000.0,16.52356082573315,107.0,Drama,Film 4,Lone Scherfig,Anne Hathaway,3,0,0,140186.91588785045,1
15000000.0,16.52356082573315,111.0,Drama,Dune Entertainment,Drew Barrymore,Ellen Page,9,0,0,135135.13513513515,0
15000000.0,16.52356082573315,92.0,Crime,Lawrence Bender Productions,Brian Koppelman,Barry Pepper,9,0,0,163043.47826086957,0
15000000.0,16.52356082573315,96.0,Action,Arcade Pictures,RZA,Russell Crowe,11,0,0,156250.0,0
15000000.0,16.52356082573315,93.0,Drama,Warner Bros.,Dean Parisot,Drew Barrymore,11,0,0,161290.32258064515,0
15000000.0,16.52356082573315,103.0,Music,New Line Cinema,Sean McNamara,Hilary Duff,8,0,0,145631.06796116504,0
15000000.0,16.52356082573315,117.0,Comedy,Gramercy Pictures,Joel Coen,Jeff Bridges,3,0,0,128205.1282051282,1
15000000.0,16.52356082573315,116.0,Drama,Paramount Classics,Craig Brewer,Samuel L. Jackson,12,0,1,129310.3448275862,0
15000000.0,16.52356082573315,118.0,Action,United Artists,Ron Shelton,Kurt Russell,12,0,1,127118.64406779662,0
16000000.0,16.588099342704055,100.0,Drama,Plan B Entertainment,Michael Winterbottom,Angelina Jolie,1,0,0,160000.0,0
15000000.0,16.52356082573315,94.0,Drama,Columbia Pictures Corporation,David Raynr,Jodi Lyn O'Keefe,3,0,0,159574.46808510637,0
20000000.0,16.811242881518265,94.0,Comedy,Motion Picture Corporation of America,Mort Nathan,Cuba Gooding Jr.,10,0,0,212765.95744680852,0
15000000.0,16.52356082573315,107.0,Comedy,Blueprint Pictures,Martin McDonagh,Colin Farrell,2,0,0,140186.91588785045,1
15000000.0,16.52356082573315,102.0,Comedy,Fox Atomic,Peter Cattaneo,Rainn Wilson,8,0,0,147058.82352941178,0
15000000.0,16.52356082573315,89.0,Comedy,Dune Entertainment,Vicky Jenson,Alexis Bledel,8,0,0,168539.32584269662,0
15000000.0,16.52356082573315,106.0,Drama,Participant Media,Gus Van Sant,Matt Damon,9,0,0,141509.43396226416,0
15000000.0,16.52356082573315,92.0,Comedy,Sony Pictures Classics,Woody Allen,Larry David,6,0,1,163043.47826086957,1
15000000.0,16.52356082573315,105.0,Thriller,Morgan Creek Productions,Mary Lambert,Susan Ward,7,0,1,142857.14285714287,0
15000000.0,16.52356082573315,121.0,Adventure,The Javelina Film Company,Tommy Lee Jones,Tommy Lee Jones,11,0,0,123966.94214876032,0
15000000.0,16.52356082573315,103.0,Action,Silver Pictures,Shane Black,Robert Downey Jr.,9,0,0,145631.06796116504,0
25000000.0,17.034386422832473,92.0,Thriller,Columbia Pictures Corporation,Rodman Flender,Devon Sawa,4,0,0,271739.1304347826,0
15000000.0,16.52356082573315,147.0,Thriller,Asymmetrical Productions,David Lynch,Naomi Watts,5,0,0,102040.8163265306,0
15000000.0,16.52356082573315,104.0,Drama,Fox Searchlight Pictures,Mark Romanek,Carey Mulligan,9,0,0,144230.76923076922,0
15000000.0,16.52356082573315,111.0,Thriller,Lietuvos Kinostudija,Brad Anderson,Woody Harrelson,1,0,0,135135.13513513515,0
15000000.0,16.52356082573315,112.0,Horror,Celluloid Dreams,Michael Haneke,Naomi Watts,10,0,0,133928.57142857142,0
92620000.0,18.344015669813682,153.0,Drama,Paramount Pictures,Fritz Lang,Brigitte Helm,1,0,0,605359.477124183,0
12000000.0,16.300417291085605,84.0,Action,Canal Plus,Pierre Morel,David Belle,11,0,0,142857.14285714287,0
8000000.0,15.894952224644102,116.0,Drama,Miramax Films,Gary Fleder,Andy García,12,0,1,68965.5172413793,0
15000000.0,16.52356082573315,105.0,Action,Media Asia Films,Hou Hsiao-hsien,Shu Qi,8,0,0,142857.14285714287,0
8500000.0,15.955576839107596,98.0,Adventure,Iyara Films,Tony Jaa,Tony Jaa,12,1,1,86734.69387755102,0
12000000.0,16.300417291085605,97.0,Adventure,Pathé Pictures International,Neil Marshall,Michael Fassbender,2,0,0,123711.34020618557,0
15000000.0,16.52356082573315,93.0,Drama,Newmarket Capital Group,Russell Mulcahy,Dolph Lundgren,6,0,1,161290.32258064515,0
15000000.0,16.52356082573315,98.0,Mystery,Lions Gate Films,Ryûhei Kitamura,Bradley Cooper,8,0,0,153061.22448979592,0
15000000.0,16.52356082573315,99.0,Action,,Stefan Ruzowitzky,Matt LeBlanc,10,0,0,151515.15151515152,0
15000000.0,16.52356082573315,93.0,Comedy,Destination Films,Jake Paltrow,Penélope Cruz,1,0,0,161290.32258064515,0
20000000.0,16.811242881518265,85.0,Animation,Triggerfish Animation,Anthony Silverston,Jake T. Austin,7,0,1,235294.11764705883,0
14600000.0,16.496532155171714,101.0,Romance,Columbia Pictures,Harold Ramis,Bill Murray,2,0,0,144554.45544554456,1
14800000.0,16.51013780630191,115.0,Comedy,Warner Bros.,Gregory Jacobs,Channing Tatum,7,0,1,128695.65217391304,1
14500000.0,16.489659276356317,120.0,Drama,Bazmark Films,Baz Luhrmann,Leonardo DiCaprio,10,0,0,120833.33333333333,1
10000000.0,16.118095750958314,111.0,Drama,France 2 Cinéma,Gilles Paquet-Brenner,Kristin Scott Thomas,9,0,0,90090.09009009009,0
14000000.0,16.454567959008102,131.0,Western,Malpaso Productions,Clint Eastwood,Clint Eastwood,8,0,0,106870.22900763359,1
14200000.0,16.468752592994022,139.0,Drama,Zentropa Entertainments,Lars von Trier,Bryce Dallas Howard,5,0,0,102158.27338129496,0
15000000.0,16.52356082573315,120.0,Drama,Fox Searchlight Pictures,Danny Boyle,Dev Patel,5,0,0,125000.0,1
14000000.0,16.454567959008102,119.0,Drama,Paramount Pictures,Adrian Lyne,Michael Douglas,9,0,0,117647.05882352941,1
14000000.0,16.454567959008102,119.0,Romance,Touchstone Pictures,Garry Marshall,Julia Roberts,3,0,0,117647.05882352941,1
14000000.0,16.454567959008102,145.0,Drama,Universal Pictures,Oliver Stone,Tom Cruise,12,0,1,96551.72413793103,1
14000000.0,16.454567959008102,98.0,Comedy,Walt Disney,Jon Turteltaub,Leon Robinson,9,0,0,142857.14285714287,1
15000000.0,16.52356082573315,101.0,Mystery,Lionsgate,Patrick Lussier,Jensen Ackles,1,0,0,148514.8514851485,1
13000000.0,16.380459992348886,114.0,Drama,Rainforest Films,Sylvain White,Columbus Short,5,0,0,114035.08771929824,1
14000000.0,16.454567959008102,125.0,Adventure,United Artists,Lewis Gilbert,Roger Moore,7,0,1,112000.0,1
14000000.0,16.454567959008102,99.0,Horror,Original Film,Jamie Blanks,Alicia Witt,9,0,0,141414.14141414143,1
14000000.0,16.454567959008102,107.0,Action,Walt Disney Pictures,Randal Kleiser,Klaus Maria Brandauer,1,0,0,130841.1214953271,1
13000000.0,16.380459992348886,105.0,History,UK Film Council,Phyllida Lloyd,Meryl Streep,12,0,1,123809.52380952382,1
14000000.0,16.454567959008102,109.0,Drama,Columbia Pictures,John Singleton,Janet Jackson,7,0,1,128440.36697247706,0
14000000.0,16.454567959008102,95.0,Action,New Line Cinema,Kevin Bray,Ice Cube,3,0,0,147368.42105263157,0
14000000.0,16.454567959008102,100.0,Comedy,Paramount Pictures,Wes Craven,Eddie Murphy,10,0,0,140000.0,0
14000000.0,16.454567959008102,118.0,Horror,Warner Bros.,John Boorman,Linda Blair,6,0,1,118644.06779661016,1
14000000.0,16.454567959008102,98.0,Thriller,Davis Entertainment,David Twohy,Milla Jovovich,6,0,1,142857.14285714287,0
14000000.0,16.454567959008102,103.0,Comedy,Fox Searchlight Pictures,Rick Famuyiwa,Forest Whitaker,3,0,0,135922.33009708737,0
12000000.0,16.300417291085605,117.0,Comedy,Medusa Produzione,Franco Zeffirelli,Cher,3,0,0,102564.10256410256,0
11000000.0,16.213405921671733,90.0,Comedy,Fox Searchlight Pictures,Chris Rock,Chris Rock,3,0,0,122222.22222222222,0
11000000.0,16.213405921671733,91.0,Horror,New Line Cinema,James Isaac,Kane Hodder,7,0,1,120879.12087912088,0
14000000.0,16.454567959008102,86.0,Comedy,Universal Studios,Mark Waters,Monica Potter,2,0,0,162790.6976744186,0
14000000.0,16.454567959008102,87.0,Comedy,Paramount Pictures,Josh Schwartz,Victoria Justice,10,0,0,160919.54022988505,0
14000000.0,16.454567959008102,112.0,Drama,France 3 Cinéma,Julian Schnabel,Mathieu Amalric,5,0,0,125000.0,0
26000000.0,17.073607134447293,136.0,Romance,New Line Cinema,Todd Field,Kate Winslet,10,0,0,191176.4705882353,0
14000000.0,16.454567959008102,90.0,Drama,Village Roadshow Pictures,Davis Guggenheim,Joshua Jackson,4,0,0,155555.55555555556,0
14000000.0,16.454567959008102,139.0,Drama,Merchant Ivory Productions,James Ivory,Nick Nolte,3,0,0,100719.42446043165,0
14000000.0,16.454567959008102,149.0,Drama,Fox Searchlight Pictures,Kenneth Lonergan,Anna Paquin,9,0,0,93959.73154362416,0
14000000.0,16.454567959008102,89.0,Romance,Reiner / Greisman Productions,Rob Reiner,Madeline Carroll,8,0,0,157303.37078651684,0
14000000.0,16.454567959008102,134.0,Drama,River Road Entertainment,Ang Lee,Heath Ledger,9,0,0,104477.6119402985,1
13500000.0,16.41820031748273,107.0,Drama,Clear Blue Sky Productions,Todd Haynes,Julianne Moore,9,0,0,126168.22429906542,1
14000000.0,16.454567959008102,93.0,Comedy,Paramount Pictures,Steve Pink,Rob Corddry,2,1,0,150537.63440860214,0
13500000.0,16.41820031748273,124.0,Drama,Fox Searchlight Pictures,Philip Kaufman,Geoffrey Rush,11,0,0,108870.96774193548,0
15000000.0,16.52356082573315,110.0,Comedy,Blueprint Pictures,Martin McDonagh,Colin Farrell,9,0,0,136363.63636363635,0
18339750.0,16.724581447819293,156.0,Drama,Degeto Film,Oliver Hirschbiegel,Bruno Ganz,9,0,0,117562.5,1
12806000.0,16.365424447149277,125.0,Drama,Canal Plus,Alejandro Amenábar,Javier Bardem,9,0,0,102448.0,1
13300000.0,16.40327466837995,108.0,Thriller,Scottish Screen,Jonathan Glazer,Scarlett Johansson,3,0,0,123148.14814814815,0
13000000.0,16.380459992348886,121.0,Comedy,Silver Screen Partners III,Barry Levinson,Robin Williams,12,0,1,107438.01652892563,1
13400000.0,16.410765339548004,100.0,Action,,Shim Hyung-Rae,Harvey Keitel,12,0,1,134000.0,0
13000000.0,16.380459992348886,105.0,Documentary,Insurge Pictures,Jon M. Chu,Justin Bieber,2,0,0,123809.52380952382,1
13000000.0,16.380459992348886,108.0,Drama,Fox Searchlight Pictures,Darren Aronofsky,Natalie Portman,12,0,1,120370.37037037036,1
13000000.0,16.380459992348886,200.0,Drama,Paramount Pictures,Francis Ford Coppola,Al Pacino,12,0,1,65000.0,1
13000000.0,16.380459992348886,112.0,Drama,MTV Films,Thomas Carter,Julia Stiles,1,0,0,116071.42857142857,1
7000000.0,15.76142084987672,99.0,Horror,New Line Cinema,Renny Harlin,Robert Englund,8,1,0,70707.07070707071,1
16000000.0,16.588099342704055,117.0,Drama,TriStar Pictures,Patricia Riggen,Jennifer Garner,3,0,0,136752.13675213675,1
13000000.0,16.380459992348886,83.0,Comedy,Twentieth Century Fox Film Corporation,Danny Leiner,Ashton Kutcher,12,0,1,156626.5060240964,1
13000000.0,16.380459992348886,107.0,Crime,Twentieth Century Fox Film Corporation,Christopher Cain,Emilio Estevez,8,0,0,121495.32710280374,1
13000000.0,16.380459992348886,102.0,Comedy,The Weinstein Company,Theodore Melfi,Bill Murray,10,0,0,127450.98039215687,1
12500000.0,16.341239282272525,100.0,Comedy,"Screen Gems, Inc.",Steve Pink,Kevin Hart,2,0,0,125000.0,1
16000000.0,16.588099342704055,97.0,Comedy,Mad Chance,Gil Junger,Heath Ledger,3,0,0,164948.45360824742,1
17000000.0,16.648723960844016,86.0,Horror,Columbia Pictures,Jaume Collet-Serra,Blake Lively,6,0,1,197674.41860465117,1
13000000.0,16.380459992348886,113.0,Science Fiction,New Line Cinema,Eric Bress,Ashton Kutcher,1,0,0,115044.24778761061,1
12000000.0,16.300417291085605,97.0,Science Fiction,TriStar Pictures,Bob Clark,Kathleen Turner,3,0,0,123711.34020618557,1
13000000.0,16.380459992348886,91.0,Action,TriStar Pictures,Kirk Wong,Mark Wahlberg,4,0,0,142857.14285714287,1
13000000.0,16.380459992348886,84.0,Drama,Universal Pictures,John Lafia,Alex Vincent,11,1,0,154761.90476190476,1
13200000.0,16.395727463314174,83.0,Crime,Will Packer Productions,Sam Miller,Idris Elba,9,0,0,159036.14457831325,1
18000000.0,16.705882371415992,126.0,Science Fiction,Darkwoods Productions,Frank Darabont,Thomas Jane,11,0,0,142857.14285714287,1
15000000.0,16.52356082573315,108.0,Drama,DNA Films,Alex Garland,Domhnall Gleeson,1,0,0,138888.88888888888,1
13000000.0,16.380459992348886,112.0,Fantasy,Gramercy Pictures,Spike Jonze,John Cusack,9,0,0,116071.42857142857,0
13000000.0,16.380459992348886,89.0,Family,Walt Disney Studios Motion Pictures,Dave Green,Teo Halm,6,0,1,146067.4157303371,1
13000000.0,16.380459992348886,99.0,Drama,Touchstone Pictures,John Stockwell,Kirsten Dunst,6,0,1,131313.1313131313,0
19000000.0,16.759949589762293,141.0,Action,DreamWorks SKG,Clint Eastwood,Ken Watanabe,12,0,1,134751.7730496454,1
13000000.0,16.380459992348886,104.0,Adventure,Polish Brothers Construction,Michael Polish,Billy Bob Thornton,10,0,0,125000.0,0
13000000.0,16.380459992348886,84.0,Comedy,New Line Cinema,Daisy von Scherler Mayer,Jada Pinkett Smith,5,0,0,154761.90476190476,0
6000000.0,15.607270193858982,117.0,Drama,Téléfilm Canada,Lenny Abrahamson,Brie Larson,10,0,0,51282.05128205128,1
13000000.0,16.380459992348886,95.0,Comedy,Savoy Pictures,John Waters,Kathleen Turner,4,0,0,136842.1052631579,0
13000000.0,16.380459992348886,94.0,Comedy,Columbia Pictures,Andrew Fleming,Kirsten Dunst,8,0,0,138297.87234042553,1
13000000.0,16.380459992348886,106.0,Music,Redeemable Features,Mark Christopher,Ryan Phillippe,8,0,0,122641.50943396226,0
13000000.0,16.380459992348886,93.0,Comedy,Relativity Media,Jon Lucas,Miles Teller,3,0,0,139784.94623655913,1
13000000.0,16.380459992348886,120.0,Drama,Filmazure,Isabel Coixet,Steve Buscemi,5,0,0,108333.33333333333,0
13000000.0,16.380459992348886,107.0,Comedy,Focus Features,Paul Weitz,Tina Fey,3,0,0,121495.32710280374,0
15000000.0,16.52356082573315,96.0,Drama,StudioCanal,Atom Egoyan,Julianne Moore,3,0,0,156250.0,0
13000000.0,16.380459992348886,91.0,Comedy,New Line Cinema,Paul Mazursky,Cher,4,0,0,142857.14285714287,0
13000000.0,16.380459992348886,125.0,Drama,Yari Film Group,Sidney Lumet,Vin Diesel,3,0,0,104000.0,0
13000000.0,16.380459992348886,102.0,Drama,Summit Entertainment,Stephen Chbosky,Logan Lerman,9,0,0,127450.98039215687,1
3000000.0,14.914123179965662,87.0,Action,New Line Cinema,Jon Hess,Thomas Ian Griffith,5,0,0,34482.75862068965,0
13000000.0,16.380459992348886,110.0,Drama,Killer Films,Douglas McGrath,Sigourney Weaver,11,0,0,118181.81818181818,0
13000000.0,16.380459992348886,91.0,Thriller,Lakeshore Entertainment,Mark Neveldine,Olivia Taylor Dudley,7,0,1,142857.14285714287,0
14350531.0,16.479297572653444,88.0,Action,UK Film Council,Joe Cornish,Nick Frost,5,0,0,163074.2159090909,0
10000000.0,16.118095750958314,127.0,Drama,FilmDistrict,Angelina Jolie,Zana Marjanović,12,0,1,78740.15748031496,0
13000000.0,16.380459992348886,94.0,Crime,TriStar Pictures,Brad Anderson,Halle Berry,3,0,0,138297.87234042553,1
13000000.0,16.380459992348886,98.0,Comedy,EuropaCorp,Glenn Ficarra,Jim Carrey,1,0,0,132653.0612244898,0
12000000.0,16.300417291085605,100.0,Adventure,Belstar Productions,Jean-Jacques Annaud,Everett McGill,12,0,1,120000.0,1
12500000.0,16.341239282272525,120.0,Drama,Fox Searchlight Pictures,Denzel Washington,Derek Luke,12,0,1,104166.66666666667,0
12500000.0,16.341239282272525,120.0,Action,Davis-Films,Tony Scott,Christian Slater,9,0,0,104166.66666666667,0
12500000.0,16.341239282272525,100.0,Crime,New Line Cinema,James Foley,Al Pacino,9,0,0,125000.0,0
12500000.0,16.341239282272525,101.0,Horror,Summit Entertainment,Stewart Hendler,Rumer Willis,9,0,0,123762.37623762376,1
12000000.0,16.300417291085605,106.0,Comedy,Sidney Kimmel Entertainment,Craig Gillespie,Ryan Gosling,10,0,0,113207.54716981133,0
12500000.0,16.341239282272525,94.0,War,Miramax Films,Mark Herman,Asa Butterfield,5,0,0,132978.72340425532,0
12800000.0,16.36495580701484,140.0,Drama,Fine Line Features,Lars von Trier,Björk,5,0,0,91428.57142857143,1
12500000.0,16.341239282272525,99.0,Crime,C&P Productions,Abel Ferrara,Christopher Walken,1,0,0,126262.62626262626,0
15000000.0,16.52356082573315,90.0,Comedy,Smartest Man Productions,Brian Koppelman,Michael Douglas,9,0,0,166666.66666666666,0
20000000.0,16.811242881518265,105.0,Action,Dune Entertainment,Robert Rodriguez,Danny Trejo,9,0,0,190476.19047619047,0
12500000.0,16.341239282272525,108.0,Crime,An Olive Branch Productions,George Hickenlooper,Kevin Spacey,9,0,0,115740.74074074074,0
12300000.0,16.325109901643454,69.0,Animation,Lucasfilm,Don Bluth,Gabriel Damon,11,0,0,178260.86956521738,1
12500000.0,16.341239282272525,118.0,Drama,HighRoad Entertainment,William Dear,Clifton Collins Jr,4,0,0,105932.20338983051,0
8000000.0,15.894952224644102,122.0,Drama,Warner Bros.,William Friedkin,Linda Blair,12,0,1,65573.77049180328,1
7000000.0,15.76142084987672,124.0,Horror,Universal Pictures,Steven Spielberg,Roy Scheider,6,0,1,56451.6129032258,1
11000000.0,16.213405921671733,95.0,Comedy,Universal Pictures,Chris Weitz,Jason Biggs,7,0,1,115789.47368421052,1
12516654.0,16.342570715415327,78.0,Animation,StudioCanal,Stéphane Aubier,Anne-Marie Loop,12,0,1,160469.92307692306,0
25000000.0,17.034386422832473,94.0,Action,Paramount Pictures,Michael Ritchie,Eddie Murphy,12,0,1,265957.44680851063,1
12000000.0,16.300417291085605,122.0,Comedy,Rainforest Films,Tim Story,Michael Ealy,4,0,0,98360.65573770492,1
12000000.0,16.300417291085605,102.0,Comedy,Metro-Goldwyn-Mayer (MGM),Tim Story,Ice Cube,4,0,0,117647.05882352941,1
12000000.0,16.300417291085605,113.0,Action,Paramount Pictures,Nicholas Meyer,William Shatner,6,0,1,106194.69026548673,1
15000000.0,16.52356082573315,86.0,Comedy,Warner Bros.,Tom Shadyac,Jim Carrey,2,0,0,174418.60465116278,1
12000000.0,16.300417291085605,114.0,Thriller,United Artists,John Badham,Matthew Broderick,6,0,1,105263.15789473684,1
12000000.0,16.300417291085605,113.0,Crime,Paramount Pictures,Peter Weir,Harrison Ford,2,0,0,106194.69026548673,1
12000000.0,16.300417291085605,110.0,Action,Relativity Media,Mike McCoy,Roselyn Sánchez,2,0,0,109090.90909090909,1
12000000.0,16.300417291085605,104.0,Music,Summit Entertainment,Anne Fletcher,Channing Tatum,8,0,0,115384.61538461539,1
12000000.0,16.300417291085605,154.0,Comedy,Miramax Films,Quentin Tarantino,Pam Grier,12,0,1,77922.07792207792,1
12000000.0,16.300417291085605,107.0,Comedy,New Line Cinema,Jon Hurwitz,John Cho,4,0,0,112149.53271028037,1
15000000.0,16.52356082573315,84.0,Science Fiction,Twentieth Century Fox Film Corporation,Josh Trank,Dane DeHaan,2,0,0,178571.42857142858,1
12000000.0,16.300417291085605,132.0,Music,United Artists,Barbra Streisand,Barbra Streisand,11,0,0,90909.09090909091,1
5000000.0,15.424948670398354,116.0,Family,Handmade Films Ltd.,Terry Gilliam,Sean Connery,7,0,1,43103.44827586207,1
12000000.0,16.300417291085605,93.0,Action,Paramount Pictures,Tamra Davis,Britney Spears,2,0,0,129032.25806451614,1
12000000.0,16.300417291085605,88.0,Comedy,Silver Pictures,Nima Nourizadeh,Oliver Cooper,3,0,0,136363.63636363635,1
12000000.0,16.300417291085605,172.0,Drama,Twentieth Century Fox Film Corporation,Franklin J. Schaffner,George C. Scott,1,0,0,69767.44186046511,1
12000000.0,16.300417291085605,96.0,Horror,Fox Searchlight Pictures,Mark Romanek,Robin Williams,8,0,0,125000.0,1
12000000.0,16.300417291085605,89.0,Horror,Vertigo Entertainment,John Erick Dowdle,Jennifer Carpenter,10,0,0,134831.4606741573,1
12000000.0,16.300417291085605,98.0,Drama,Paramount Vantage,David Moreau,Jessica Alba,2,0,0,122448.97959183673,1
12000000.0,16.300417291085605,97.0,Comedy,Fox Searchlight Pictures,Christopher Erskin,Cedric the Entertainer,4,0,0,123711.34020618557,1
12000000.0,16.300417291085605,93.0,Comedy,Universal Pictures,Jesse Dylan,Method Man,12,0,1,129032.25806451614,1
12000000.0,16.300417291085605,123.0,Drama,Miramax Films,Julie Taymor,Salma Hayek,8,0,0,97560.9756097561,1
12000000.0,16.300417291085605,93.0,Documentary,Paramount Pictures,Dan Cutforth,Katy Perry,6,0,1,129032.25806451614,1
12000000.0,16.300417291085605,125.0,Romance,Fox 2000 Pictures,Josh Boone,Shailene Woodley,5,0,0,96000.0,1
12000000.0,16.300417291085605,121.0,Drama,Miramax Films,John Dahl,Matt Damon,9,0,0,99173.55371900827,0
12000000.0,16.300417291085605,102.0,Horror,Paramount Pictures,John Frankenheimer,Talia Shire,1,0,0,117647.05882352941,1
12000000.0,16.300417291085605,99.0,Horror,Artisan Entertainment,David Koepp,Kevin Bacon,9,0,0,121212.12121212122,0
12000000.0,16.300417291085605,98.0,Drama,BBC Films,Stephen Frears,Judi Dench,11,0,0,122448.97959183673,1
12000000.0,16.300417291085605,104.0,Fantasy,Fox 2000 Pictures,Elizabeth Allen Rosenbaum,Emma Roberts,3,0,0,115384.61538461539,0
12000000.0,16.300417291085605,109.0,Drama,Fox 2000 Pictures,Jake Schreier,Nat Wolff,6,0,1,110091.74311926606,1
12000000.0,16.300417291085605,115.0,Drama,Paramount Vantage,Alexander Payne,Bruce Dern,9,0,0,104347.82608695653,0
12000000.0,16.300417291085605,86.0,Comedy,Walt Disney Pictures,Tim Hill,Alex D. Linz,10,0,0,139534.88372093023,0
12000000.0,16.300417291085605,94.0,Comedy,Paramount Pictures,Jason Reitman,Charlize Theron,12,0,1,127659.5744680851,0
12000000.0,16.300417291085605,88.0,Action,Lions Gate Films,Brian Taylor,Jason Statham,8,0,0,136363.63636363635,1
12000000.0,16.300417291085605,100.0,Comedy,New Line Cinema,Richard LaGravenese,Holly Hunter,10,0,0,120000.0,0
14000000.0,16.454567959008102,149.0,Action,Radiant Film GmbH,Wolfgang Petersen,Jürgen Prochnow,9,0,0,93959.73154362416,1
12000000.0,16.300417291085605,100.0,Drama,Lionsgate,Nicholas Jarecki,Richard Gere,9,0,0,120000.0,1
12000000.0,16.300417291085605,106.0,Science Fiction,Paramount Pictures,Dean Israelite,Jonny Weston,1,0,0,113207.54716981133,1
8000000.0,15.894952224644102,95.0,Action,Village Roadshow Pictures,Stuart Gordon,Christopher Lambert,9,0,0,84210.52631578948,0
12000000.0,16.300417291085605,86.0,Comedy,Shangri-La Entertainment,Christopher Guest,Catherine O'Hara,11,0,0,139534.88372093023,0
12000000.0,16.300417291085605,116.0,Drama,TriStar Pictures,Ryan Murphy,Annette Bening,10,0,0,103448.27586206897,0
12000000.0,16.300417291085605,90.0,Comedy,19 Entertainment,Robert Iscove,Kelly Clarkson,6,0,1,133333.33333333334,0
12000000.0,16.300417291085605,108.0,Comedy,Fox Searchlight Pictures,Spike Lee,Theresa Randle,3,1,0,111111.11111111111,0
12000000.0,16.300417291085605,119.0,Mystery,Pathe Productions,Jane Campion,Meg Ryan,9,0,0,100840.33613445378,0
12000000.0,16.300417291085605,110.0,Drama,2929 Productions,James Gray,Joaquin Phoenix,11,0,0,109090.90909090909,0
11000000.0,16.213405921671733,119.0,Horror,Cineclick Asia,Bong Joon-ho,Song Kang-ho,7,0,1,92436.97478991597,1
12400000.0,16.333207111220425,142.0,Comedy,France 2 Cinéma,Paolo Sorrentino,Toni Servillo,5,0,0,87323.94366197183,0
12000000.0,16.300417291085605,99.0,Drama,Fox Searchlight Pictures,Park Chan-wook,Mia Wasikowska,2,0,0,121212.12121212122,0
12000000.0,16.300417291085605,129.0,Fantasy,Paradis Films,Wong Kar-wai,Tony Leung Chiu-Wai,5,0,0,93023.25581395348,0
12000000.0,16.300417291085605,111.0,Drama,Octagon Films,Neil Jordan,Colin Farrell,9,0,0,108108.1081081081,0
12000000.0,16.300417291085605,114.0,Crime,Bandai Visual Company,Takeshi Kitano,Takeshi Kitano,9,0,0,105263.15789473684,0
12000000.0,16.300417291085605,132.0,Drama,Media Asia Films,Lu Chuan,Liu Ye,4,0,0,90909.09090909091,0
19000000.0,16.759949589762293,89.0,Animation,,Lijun Sun,Jon Heder,1,0,0,213483.14606741574,0
12000000.0,16.300417291085605,131.0,Science Fiction,Tokyo Broadcasting System (TBS),Takashi Yamazaki,Hiroyuki Ikeuchi,12,0,1,91603.0534351145,0
20000000.0,16.811242881518265,113.0,War,Midnight Sun Pictures,Renny Harlin,Rupert Friend,4,1,0,176991.15044247787,0
12000000.0,16.300417291085605,99.0,Drama,TriStar Pictures,Randall Wallace,Greg Kinnear,4,0,0,121212.12121212122,1
10000000.0,16.118095750958314,103.0,Thriller,Columbia Pictures Corporation,Guy Ritchie,Jason Statham,9,0,0,97087.3786407767,1
11500000.0,16.257857680289998,103.0,Drama,Paramount Pictures,Mary Lambert,Dale Midkiff,4,0,0,111650.4854368932,1
11000000.0,16.213405921671733,106.0,Fantasy,Amblin Entertainment,Joe Dante,Zach Galligan,6,0,1,103773.58490566038,1
11000000.0,16.213405921671733,121.0,Adventure,Lucasfilm,George Lucas,Mark Hamill,5,0,0,90909.09090909091,1
11500000.0,16.257857680289998,102.0,Comedy,Lionsgate,Dan Mazer,Zac Efron,1,0,0,112745.09803921569,1
11000000.0,16.213405921671733,197.0,Drama,Metro-Goldwyn-Mayer (MGM),David Lean,Omar Sharif,12,0,1,55837.56345177665,1
25000000.0,17.034386422832473,116.0,Drama,Paramount Pictures,David O. Russell,Mark Wahlberg,12,0,1,215517.24137931035,1
11000000.0,16.213405921671733,95.0,Action,Paramount Pictures,Jeff Tremaine,Johnny Knoxville,9,0,0,115789.47368421052,1
11000000.0,16.213405921671733,120.0,Comedy,Twentieth Century Fox Film Corporation,Jonathan Lynn,Joe Pesci,3,0,0,91666.66666666667,1
11000000.0,16.213405921671733,106.0,Drama,New Line Cinema,R.J. Cutler,Chloë Grace Moretz,8,0,0,103773.58490566038,1
11000000.0,16.213405921671733,107.0,Comedy,Paramount Pictures,David S. Ward,Tom Berenger,2,0,0,102803.73831775702,1
13000000.0,16.380459992348886,81.0,Thriller,Fox 2000 Pictures,Joel Schumacher,Colin Farrell,9,0,0,160493.82716049382,1
11000000.0,16.213405921671733,101.0,Drama,DiNovi Pictures,Adam Shankman,Mandy Moore,1,0,0,108910.89108910892,1
11000000.0,16.213405921671733,122.0,Drama,Havoc,Tim Robbins,Susan Sarandon,12,0,1,90163.9344262295,1
10500000.0,16.166885910365842,97.0,Drama,Columbia Pictures,Roger Kumble,Sarah Michelle Gellar,3,0,0,108247.42268041238,1
11000000.0,16.213405921671733,90.0,Horror,Lionsgate,Kevin Greutert,Tobin Bell,10,0,0,122222.22222222222,1
11000000.0,16.213405921671733,92.0,Comedy,Twentieth Century Fox Film Corporation,Mel Brooks,Mel Brooks,6,0,1,119565.21739130435,1
11000000.0,16.213405921671733,114.0,Adventure,Fox Searchlight Pictures,Gina Prince-Bythewood,Dakota Fanning,9,0,0,96491.22807017544,1
11000000.0,16.213405921671733,86.0,Action,Robert Simonds Productions,Rob Pritts,Chris Kattan,10,0,0,127906.97674418605,1
12000000.0,16.300417291085605,91.0,Drama,Universal Pictures,Brian De Palma,John Lithgow,8,0,0,131868.13186813187,1
11.0,2.4849066497880004,145.0,Drama,United Artists,Norman Jewison,Sylvester Stallone,4,0,0,0.07586206896551724,0
12000000.0,16.300417291085605,100.0,Science Fiction,Cannon Pictures,Tobe Hooper,Karen Black,1,0,0,120000.0,0
11000000.0,16.213405921671733,111.0,Drama,Wildgaze Films,John Crowley,Saoirse Ronan,10,0,0,99099.0990990991,1
11000000.0,16.213405921671733,184.0,Drama,Hawk Films,Stanley Kubrick,Ryan O'Neal,12,0,1,59782.608695652176,0
24000000.0,16.993564429978885,89.0,Comedy,Spyglass Entertainment,Brendan Malloy,Jason London,11,0,0,269662.9213483146,0
24000000.0,16.993564429978885,84.0,Comedy,SNL Studios,Reginald Hudlin,Tim Meadows,10,0,0,285714.28571428574,0
11000000.0,16.213405921671733,98.0,Drama,BBC Films,Dustin Hoffman,Maggie Smith,9,0,0,112244.89795918367,1
11000000.0,16.213405921671733,95.0,Comedy,Columbia Pictures,Gregory Poirier,Jerry O'Connell,3,0,0,115789.47368421052,1
11000000.0,16.213405921671733,100.0,Drama,Cinerenta Medienbeteiligungs KG,Bill Paxton,Bill Paxton,11,0,0,110000.0,0
11000000.0,16.213405921671733,120.0,Drama,BBC Films,Simon Curtis,Helen Mirren,4,0,0,91666.66666666667,1
14000000.0,16.454567959008102,86.0,Comedy,Sony Pictures,Dewey Nicks,Jason Segel,2,0,0,162790.6976744186,0
11000000.0,16.213405921671733,118.0,Romance,Paramount Pictures,Lasse Hallström,Johnny Depp,12,0,1,93220.33898305085,1
10000000.0,16.118095750958314,125.0,Drama,Gospel of John Ltd.,Philip Saville,Christopher Plummer,9,0,0,80000.0,0
11000000.0,16.213405921671733,113.0,Comedy,"Samuel Goldwyn Company, The",Mira Nair,Marisa Tomei,5,0,0,97345.13274336283,0
11000000.0,16.213405921671733,105.0,Drama,StudioCanal,Joel Coen,Oscar Isaac,10,0,0,104761.90476190476,1
11000000.0,16.213405921671733,98.0,Drama,Columbia Pictures Corporation,William A. Graham,Milla Jovovich,8,0,0,112244.89795918367,0
11000000.0,16.213405921671733,124.0,Drama,Paramount Pictures,Martin Ritt,Sean Connery,1,0,0,88709.67741935483,0
10800000.0,16.195056784687036,92.0,Horror,Lionsgate,David Hackl,Tobin Bell,10,0,0,117391.30434782608,1
7400000.0,15.816990693309524,193.0,Drama,Yash Raj Films,Karan Johar,Shah Rukh Khan,8,0,0,38341.9689119171,1
14000000.0,16.454567959008102,97.0,Drama,Miramax Films,Oliver Parker,Cate Blanchett,4,0,0,144329.8969072165,0
10500000.0,16.166885910365842,149.0,Science Fiction,Stanley Kubrick Productions,Stanley Kubrick,Keir Dullea,4,0,0,70469.79865771811,1
10500000.0,16.166885910365842,115.0,Science Fiction,Universal Pictures,Steven Spielberg,Henry Thomas,4,0,0,91304.34782608696,1
10000000.0,16.118095750958314,97.0,Romance,Castle Rock Entertainment,Jon Kasdan,Meg Ryan,4,0,0,103092.78350515464,0
10500000.0,16.166885910365842,99.0,Drama,Nelson Entertainment,Floyd Mutrux,Dermot Mulroney,9,0,0,106060.60606060606,0
12000000.0,16.300417291085605,145.0,History,Dos Corazones,Dean Wright,Eva Longoria,6,0,1,82758.62068965517,0
10000000.0,16.118095750958314,126.0,Drama,Miramax Films,Gus Van Sant,Robin Williams,12,0,1,79365.07936507936,1
10000000.0,16.118095750958314,108.0,Horror,Lions Gate Films,Darren Lynn Bousman,Tobin Bell,10,0,0,92592.5925925926,1
10000000.0,16.118095750958314,106.0,Action,Columbia Pictures Industries,Ivan Reitman,Bill Murray,6,0,1,94339.62264150943,1
28000000.0,17.147715103853763,98.0,Comedy,Beacon Communications,Peyton Reed,Kirsten Dunst,8,0,0,285714.28571428574,1
10000000.0,16.118095750958314,105.0,Action,Universal Pictures,James DeMonaco,Elizabeth Mitchell,6,1,1,95238.09523809524,1
10000000.0,16.118095750958314,95.0,Comedy,Miramax Films,Robert Iscove,Freddie Prinze Jr.,1,0,0,105263.15789473684,1
10000000.0,16.118095750958314,93.0,Horror,Lions Gate Films,Darren Lynn Bousman,Tobin Bell,10,0,0,107526.8817204301,1
10000000.0,16.118095750958314,101.0,Drama,Universal Pictures,Geoffrey Sax,Michael Keaton,1,0,0,99009.900990099,1
6000000.0,15.607270193858982,110.0,Drama,Lions Gate Films,Tyler Perry,Tyler Perry,2,0,0,54545.454545454544,1
13800000.0,16.440179222591198,119.0,Drama,Silver Screen Partners,Martin Scorsese,Paul Newman,10,0,0,115966.38655462184,1
10000000.0,16.118095750958314,178.0,Action,Twentieth Century Fox Film Corporation,Bernhard Wicki,Eddie Albert,9,0,0,56179.77528089887,1
10000000.0,16.118095750958314,101.0,Comedy,Walt Disney,Stephen Herek,Emilio Estevez,10,0,0,99009.900990099,1
10000000.0,16.118095750958314,92.0,Horror,Ghost House Pictures,Takashi Shimizu,Sarah Michelle Gellar,10,0,0,108695.65217391304,1
12000000.0,16.300417291085605,92.0,Comedy,Universal Pictures,Dennis Dugan,Adam Sandler,2,0,0,130434.78260869565,1
10000000.0,16.118095750958314,90.0,Horror,United Artists,Victor Salva,Gina Philips,7,0,1,111111.11111111111,1
10000000.0,16.118095750958314,90.0,Adventure,Orion Pictures,Stephen Herek,Keanu Reeves,2,0,0,111111.11111111111,1
10000000.0,16.118095750958314,153.0,Drama,Columbia Pictures Corporation,Carol Reed,Ron Moody,9,0,0,65359.47712418301,1
10000000.0,16.118095750958314,124.0,Drama,Participant Media,John Madden,Bill Nighy,11,0,0,80645.16129032258,1
10000000.0,16.118095750958314,83.0,Science Fiction,Walt Disney Television Animation,Chuck Sheetz,Rickey D'Shon Collins,1,0,0,120481.92771084337,1
12305523.0,16.325558825215925,107.0,Action,Kennedy Miller Productions,George Miller,Mel Gibson,6,1,1,115004.88785046729,1
10000000.0,16.118095750958314,90.0,Action,Twentieth Century Fox Film Corporation,Mark L. Lester,Arnold Schwarzenegger,10,0,0,111111.11111111111,1
10000000.0,16.118095750958314,97.0,Horror,Lakeshore Entertainment,William Brent Bell,Lauren Cohan,1,0,0,103092.78350515464,1
10000000.0,16.118095750958314,80.0,Horror,Universal Pictures,John Erick Dowdle,Chris Messina,1,0,0,125000.0,1
20000000.0,16.811242881518265,85.0,Comedy,New Line Cinema,Marcus Raboy,Ice Cube,11,0,0,235294.11764705883,0
10000000.0,16.118095750958314,97.0,Drama,Sony Pictures,Leigh Whannell,Dermot Mulroney,6,1,1,103092.78350515464,1
10000000.0,16.118095750958314,108.0,Action,TriStar Pictures,Michael Schultz,Taimak,3,0,0,92592.5925925926,1
10000000.0,16.118095750958314,108.0,Horror,New Line Cinema,Brett Leonard,Jeff Fahey,3,0,0,92592.5925925926,1
9000000.0,16.012735246411598,89.0,Comedy,Columbia Pictures,Peter Sollett,Michael Cera,10,0,0,101123.59550561798,1
10000000.0,16.118095750958314,130.0,Fantasy,Lions Gate,Kevin Smith,Ben Affleck,11,0,0,76923.07692307692,1
10000000.0,16.118095750958314,101.0,Drama,Warner Bros.,Steven Spielberg,Albert Brooks,6,0,1,99009.900990099,1
15000000.0,16.52356082573315,114.0,Action,United Artists,Rowdy Herrington,Patrick Swayze,5,0,0,131578.94736842104,1
10000000.0,16.118095750958314,100.0,Action,Caravan Pictures,Keenen Ivory Wayans,Keenen Ivory Wayans,11,0,0,100000.0,1
8500000.0,15.955576839107596,84.0,Drama,Twentieth Century Fox Film Corporation,John Polson,Jesse Bradford,9,0,0,101190.47619047618,1
12000000.0,16.300417291085605,103.0,Comedy,Lionsgate,Greg Coolidge,Dane Cook,10,0,0,116504.85436893204,1
10000000.0,16.118095750958314,100.0,Comedy,Columbia Pictures,Deborah Kaplan,Jennifer Love Hewitt,6,0,1,100000.0,1
10000000.0,16.118095750958314,91.0,Crime,American Zoetrope,Francis Ford Coppola,Matt Dillon,3,0,0,109890.10989010989,1
65000000.0,17.989897843244528,102.0,Adventure,Walt Disney Pictures,David Lowery,Bryce Dallas Howard,8,0,0,637254.9019607843,1
10000000.0,16.118095750958314,103.0,Horror,Paramount Pictures,David Cronenberg,Christopher Walken,10,0,0,97087.3786407767,1
10000000.0,16.118095750958314,97.0,Horror,Alliance Films,Ciaran Foy,Shannyn Sossamon,8,1,0,103092.78350515464,1
14000000.0,16.454567959008102,116.0,Drama,TriStar Pictures,Salim Akil,Whitney Houston,8,0,0,120689.6551724138,0
10000000.0,16.118095750958314,98.0,Mystery,Universal Pictures,Olatunde Osunsanmi,Milla Jovovich,11,0,0,102040.8163265306,1
9000000.0,16.012735246411598,93.0,Comedy,Touchstone Pictures,Wes Anderson,Jason Schwartzman,9,0,0,96774.19354838709,0
10000000.0,16.118095750958314,100.0,Science Fiction,Rogue Pictures,Colin Strause,Eric Balfour,11,0,0,100000.0,1
10000000.0,16.118095750958314,122.0,Drama,Fox Searchlight Pictures,John Madden,Dev Patel,2,0,0,81967.2131147541,1
10000000.0,16.118095750958314,129.0,Drama,Universal Pictures,Spike Lee,Denzel Washington,8,0,0,77519.37984496124,0
11000000.0,16.213405921671733,96.0,Action,Universal Pictures,Ron Underwood,Kevin Bacon,1,0,0,114583.33333333333,1
12600000.0,16.349207451286784,84.0,Horror,Summit Entertainment,Rob Schmidt,Desmond Harrington,5,0,0,150000.0,1
10000000.0,16.118095750958314,99.0,Western,United Artists,Walter Hill,David Carradine,5,0,0,101010.101010101,0
25000000.0,17.034386422832473,110.0,Action,New Line Cinema,James Foley,Mark Wahlberg,3,0,0,227272.72727272726,0
10000000.0,16.118095750958314,130.0,Drama,FilmNation Entertainment,Jeff Nichols,Matthew McConaughey,5,0,0,76923.07692307692,1
10000000.0,16.118095750958314,84.0,Action,Paramount Pictures,Ben Garant,Lennie Loftin,2,0,0,119047.61904761905,1
6400000.0,15.671808704579888,99.0,Drama,BBC Films,Simon Curtis,Michelle Williams,10,0,0,64646.46464646464,1
10000000.0,16.118095750958314,96.0,Action,Miramax Films,Richard Shepard,Pierce Brosnan,5,0,0,104166.66666666667,0
5000000.0,15.424948670398354,108.0,Thriller,Blumhouse Productions,Joel Edgerton,Jason Bateman,7,0,1,46296.2962962963,1
10000000.0,16.118095750958314,89.0,Comedy,Twentieth Century Fox Film Corporation,Mike Judge,Ron Livingston,2,0,0,112359.55056179775,0
10000000.0,16.118095750958314,98.0,Comedy,New Line Cinema,Michael Patrick Jann,Kirsten Dunst,7,0,1,102040.8163265306,0
10000000.0,16.118095750958314,105.0,Drama,The Weinstein Company,Tim Burton,Amy Adams,12,0,1,95238.09523809524,1
30000000.0,17.216707972959764,100.0,Comedy,Initial Entertainment Group (IEG),Peter Berg,Jon Favreau,9,0,0,300000.0,0
10000000.0,16.118095750958314,114.0,Crime,Columbia Pictures Corporation,Brian De Palma,Craig Wasson,10,0,0,87719.29824561403,0
10000000.0,16.118095750958314,90.0,Action,Relativity Media,Jorma Taccone,Will Forte,5,0,0,111111.11111111111,0
6000000.0,15.607270193858982,90.0,Comedy,Greenestreet Films,Griffin Dunne,Anna Faris,1,0,0,66666.66666666667,1
10000000.0,16.118095750958314,101.0,Comedy,Mandate Pictures,Lorene Scafaria,Steve Carell,6,0,1,99009.900990099,0
20000000.0,16.811242881518265,119.0,Drama,New Line Cinema,Tony Kaye,Edward Norton,10,0,0,168067.2268907563,0
18000000.0,16.705882371415992,131.0,Drama,Rhombus Media,François Girard,Carlo Cecchi,9,0,0,137404.58015267176,0
9500000.0,16.066802461833923,88.0,Comedy,Darko Entertainment,Jason Bateman,Jason Bateman,9,0,0,107954.54545454546,0
10000000.0,16.118095750958314,100.0,Comedy,Entertainment Films,David Schwimmer,Simon Pegg,9,0,0,100000.0,1
10000000.0,16.118095750958314,79.0,Comedy,Universal Pictures,Allan Arkush,Andy Kaufman,12,0,1,126582.27848101266,0
9000000.0,16.012735246411598,121.0,Drama,Treehouse Pictures,Mike Binder,Kevin Costner,9,0,0,74380.1652892562,1
10000000.0,16.118095750958314,126.0,Adventure,Metro-Goldwyn-Mayer (MGM),Werner Herzog,Christian Bale,9,0,0,79365.07936507936,0
10000000.0,16.118095750958314,107.0,Comedy,Big Indie Pictures,Dan Fogelman,Al Pacino,3,0,0,93457.94392523365,0
10000000.0,16.118095750958314,83.0,Drama,Indian Paintbrush,Jay Duplass,Jason Segel,9,0,0,120481.92771084337,0
11500000.0,16.257857680289998,100.0,Action,Working Title Films,Peter Medak,Gary Oldman,9,0,0,115000.0,0
10000000.0,16.118095750958314,89.0,Action,Artisan Entertainment,Steven Soderbergh,Terence Stamp,5,0,0,112359.55056179775,0
6500000.0,15.687312888712007,112.0,Drama,Blackfriars Bridge Films,Paul Haggis,Sandra Bullock,1,0,0,58035.71428571428,1
10000000.0,16.118095750958314,140.0,Drama,Granada Film Productions,Terence Davies,Gillian Anderson,9,0,0,71428.57142857143,0
10000000.0,16.118095750958314,95.0,Horror,Lava Bear Films,Jason Zada,Natalie Dormer,1,0,0,105263.15789473684,1
14000000.0,16.454567959008102,118.0,Adventure,Orion Pictures,Franklin J. Schaffner,Lesley-Anne Down,2,0,0,118644.06779661016,0
10000000.0,16.118095750958314,97.0,Comedy,Scott Rudin Productions,Noah Baumbach,Ben Stiller,4,0,0,103092.78350515464,0
10000000.0,16.118095750958314,98.0,Drama,Summit Entertainment,Chris Weitz,Demián Bichir,6,0,1,102040.8163265306,0
10000000.0,16.118095750958314,101.0,Action,Hollywood Pictures,Eric Blakeney,Sandra Bullock,2,0,0,99009.900990099,0
20000000.0,16.811242881518265,105.0,Thriller,Bleiberg Entertainment,Ariel Vromen,Michael Shannon,9,0,0,190476.19047619047,0
10000000.0,16.118095750958314,102.0,Crime,Voltage pictures,William Friedkin,Matthew McConaughey,9,0,0,98039.2156862745,0
10000000.0,16.118095750958314,96.0,Comedy,Echo Lake Productions,Derrick Borte,David Duchovny,9,0,0,104166.66666666667,0
10000000.0,16.118095750958314,111.0,Drama,Block 2 Pictures,Wong Kar-wai,Norah Jones,5,0,0,90090.09009009009,1
10000000.0,16.118095750958314,89.0,Comedy,Screen Gems,Guy Ritchie,Madonna,10,0,0,112359.55056179775,0
5000000.0,15.424948670398354,106.0,Action,,Joshua Seftel,John Cusack,4,0,0,47169.811320754714,0
7700000.0,15.856731016694035,123.0,Drama,BBC Films,Ralph Fiennes,Gerard Butler,2,0,0,62601.62601626016,0
10000000.0,16.118095750958314,99.0,Comedy,Magnolia Pictures,Bobcat Goldthwait,Robin Williams,8,0,0,101010.101010101,0
10000000.0,16.118095750958314,86.0,Comedy,Hollywood Pictures,Alan Smithee,Jackie Chan,2,0,0,116279.06976744186,0
10000000.0,16.118095750958314,111.0,Drama,Worldview Entertainment,Kim Farrant,Nicole Kidman,7,0,1,90090.09009009009,0
10000000.0,16.118095750958314,85.0,Comedy,Cube Vision,Marcus Raboy,Ice Cube,10,0,0,117647.05882352941,0
10.0,2.3978952727983707,85.0,Drama,Filmhuset Gruppen,Benedikt Erlingsson,Ingvar Eggert Sigurðsson,8,0,0,0.11764705882352941,0
10.0,2.3978952727983707,99.0,Horror,Lions Gate,Douglas Aarniokoski,Paz de la Huerta,9,1,0,0.10101010101010101,1
9500000.0,16.066802461833923,107.0,Comedy,Miramax Films,Greg Mottola,Jesse Eisenberg,4,0,0,88785.04672897197,0
9600000.0,16.077273760604726,144.0,Drama,Lions Gate Films,Andy García,Andy García,9,0,0,66666.66666666667,0
11000000.0,16.213405921671733,98.0,Comedy,New Line Cinema,Steve Carr,Ice Cube,1,0,0,112244.89795918367,1
9500000.0,16.066802461833923,117.0,Action,Eon Productions,Lewis Gilbert,Sean Connery,6,0,1,81196.5811965812,1
8900000.0,16.001561947061912,127.0,Drama,Les Films du Losange,Michael Haneke,Emmanuelle Riva,7,0,1,70078.74015748031,1
10500000.0,16.166885910365842,98.0,Horror,Metro-Goldwyn-Mayer (MGM),Gary Sherman,Tom Skerritt,6,0,1,107142.85714285714,0
9400000.0,16.056220353623207,163.0,Action,United Artists,Stanley Kramer,Spencer Tracy,11,0,0,57668.711656441716,1
12899867.0,16.372727636721407,121.0,Comedy,El Deseo,Pedro Almodóvar,Penélope Cruz,3,0,0,106610.47107438017,1
7400000.0,15.816990693309524,136.0,Drama,Zentropa Entertainments,Lars von Trier,Kirsten Dunst,5,0,0,54411.76470588235,1
11000000.0,16.213405921671733,117.0,Horror,Twentieth Century Fox Film Corporation,Ridley Scott,Tom Skerritt,5,0,0,94017.09401709402,1
85000.0,11.350418300109132,83.0,Horror,New Line Cinema,Tobe Hooper,Marilyn Burns,10,0,0,1024.0963855421687,1
10000000.0,16.118095750958314,106.0,Drama,River Road Entertainment,Floria Sigismondi,Dakota Fanning,3,0,0,94339.62264150943,0
9000000.0,16.012735246411598,181.0,Drama,United Artists,Norman Jewison,Chaim Topol,11,0,0,49723.756906077346,1
5500000.0,15.520258832020865,130.0,Adventure,Eon Productions,Terence Young,Sean Connery,12,0,1,42307.692307692305,1
7000000.0,15.76142084987672,110.0,Comedy,Fandango,Ferzan Ozpetek,Nicole Grimaudo,2,0,0,63636.36363636364,0
9000000.0,16.012735246411598,118.0,Drama,New Line Cinema,F. Gary Gray,Jada Pinkett Smith,11,0,0,76271.18644067796,1
9000000.0,16.012735246411598,120.0,Drama,Universal Pictures,Malcolm D. Lee,Nia Long,10,0,0,75000.0,1
9000000.0,16.012735246411598,87.0,Horror,United Artists,Tom Holland,Catherine Hicks,11,0,0,103448.27586206897,1
9000000.0,16.012735246411598,123.0,Documentary,The Weinstein Company,Michael Moore,Michael Moore,5,0,0,73170.73170731707,1
9000000.0,16.012735246411598,104.0,Horror,Universal Pictures,James DeMonaco,Frank Grillo,7,1,1,86538.46153846153,1
9000000.0,16.012735246411598,88.0,Comedy,New Line Cinema,Danny Leiner,John Cho,5,0,0,102272.72727272728,1
26000000.0,17.073607134447293,118.0,Crime,New Line Cinema,Ben Younger,Giovanni Ribisi,2,0,0,220338.98305084746,0
40600000.0,17.5192786492025,116.0,Comedy,Paramount Pictures,John Landis,Eddie Murphy,6,0,1,350000.0,1
9000000.0,16.012735246411598,84.0,Horror,Dimension Films,Glen Morgan,Katie Cassidy,12,0,1,107142.85714285714,1
8500000.0,15.955576839107596,119.0,Action,,Christopher McQuarrie,Benicio del Toro,9,0,0,71428.57142857143,1
9000000.0,16.012735246411598,97.0,Comedy,United Artists,Burr Steers,Kieran Culkin,9,0,0,92783.50515463918,0
9000000.0,16.012735246411598,79.0,Comedy,Paul Schiff Productions,Hart Bochner,Jeremy Piven,4,0,0,113924.0506329114,0
9000000.0,16.012735246411598,97.0,Drama,Elevation Filmworks,Davis Guggenheim,Jesse Lee Soffer,6,0,1,92783.50515463918,0
9000000.0,16.012735246411598,84.0,Documentary,Twentieth Century Fox Film Corporation,Kevin Tancharoen,Dianna Agron,8,0,0,107142.85714285714,1
6000000.0,15.607270193858982,98.0,Comedy,TF1 Films Production,Eric Lavaine,Lambert Wilson,4,0,0,61224.489795918365,1
9000000.0,16.012735246411598,130.0,Drama,Island Film Group,Marc Forby,Q'orianka Kilcher,5,0,0,69230.76923076923,0
5000000.0,15.424948670398354,86.0,Drama,Renaissance Films,Peter Cattaneo,Sapphire Boyce,11,0,0,58139.53488372093,0
9000000.0,16.012735246411598,97.0,Comedy,Lakeshore Entertainment,Meiert Avis,Kip Pardue,8,0,0,92783.50515463918,0
5000000.0,15.424948670398354,97.0,Adventure,Paramount Pictures,Peter Faiman,Paul Hogan,9,0,0,51546.39175257732,1
86000000.0,18.26985786584569,84.0,Thriller,The Weinstein Company,Joby Harold,Hayden Christensen,11,0,0,1023809.5238095238,0
8500000.0,15.955576839107596,97.0,Horror,Warner Bros.,Joel Schumacher,Jason Patric,7,0,1,87628.86597938144,1
7000000.0,15.76142084987672,112.0,Drama,Fox Searchlight Pictures,Scott Cooper,Jeff Bridges,12,0,1,62500.0,1
9250000.0,16.04013421759671,125.0,Drama,Twentieth Century Fox Film Corporation,Mark Rydell,Bette Midler,11,0,0,74000.0,1
8500000.0,15.955576839107596,96.0,Comedy,Sneak Preview Productions,David E. Talbert,Paula Patton,9,0,0,88541.66666666667,1
9000000.0,16.012735246411598,98.0,Science Fiction,Paramount Pictures,Roger Vadim,Jane Fonda,10,0,0,91836.73469387754,0
12000000.0,16.300417291085605,122.0,Drama,Fox Searchlight Pictures,Mira Nair,Kal Penn,9,0,0,98360.65573770492,0
8500000.0,15.955576839107596,100.0,Romance,Wonderland Sound and Vision,Ari Sandel,Mae Whitman,2,0,0,85000.0,1
22000000.0,16.906553056777135,104.0,Drama,Twentieth Century Fox Film Corporation,Vondie Curtis-Hall,Mariah Carey,9,0,0,211538.46153846153,0
8500000.0,15.955576839107596,119.0,Drama,BBC Films,Jane Campion,Abbie Cornish,11,0,0,71428.57142857143,0
12000000.0,16.300417291085605,145.0,Drama,Fox Searchlight Pictures,Karan Johar,Shah Rukh Khan,2,0,0,82758.62068965517,1
9000000.0,16.012735246411598,106.0,Action,Sudden Storm Productions,J.C. Chandor,Robert Redford,10,0,0,84905.6603773585,0
8000000.0,15.894952224644102,126.0,Adventure,,John Sayles,Mary Elizabeth Mastrantonio,6,0,1,63492.06349206349,0
6500000.0,15.687312888712007,124.0,Drama,BIM Distribuzione,Ken Loach,Cillian Murphy,5,0,0,52419.354838709674,1
7700000.0,15.856731016694035,159.0,Romance,Dharma Productions,Ayan Mukherjee,Ranbir Kapoor,5,0,0,48427.67295597484,1
8250000.0,15.925723879522977,171.0,Drama,Metro-Goldwyn-Mayer (MGM),Mervyn LeRoy,Robert Taylor,11,0,0,48245.61403508772,1
8000000.0,15.894952224644102,154.0,Thriller,Miramax Films,Quentin Tarantino,John Travolta,10,0,0,51948.05194805195,1
8500000.0,15.955576839107596,117.0,Crime,Bold Films,Dan Gilroy,Jake Gyllenhaal,10,0,0,72649.57264957266,1
8500000.0,15.955576839107596,104.0,Comedy,Fox Searchlight Pictures,Jay Chandrasekhar,Kevin Heffernan,2,0,0,81730.76923076923,0
8200000.0,15.919644834185693,174.0,Drama,Twentieth Century Fox Film Corporation,Robert Wise,Julie Andrews,3,0,0,47126.4367816092,1
8000000.0,15.894952224644102,111.0,Comedy,Touchstone Pictures,Ron Howard,Tom Hanks,3,0,0,72072.07207207207,1
8000000.0,15.894952224644102,102.0,Comedy,Fox Searchlight Pictures,Jonathan Dayton,Greg Kinnear,7,0,1,78431.37254901961,1
8000000.0,15.894952224644102,89.0,Crime,Columbia Pictures,Rob Reiner,Wil Wheaton,8,0,0,89887.6404494382,1
5000000.0,15.424948670398354,113.0,Horror,DNA Films,Danny Boyle,Cillian Murphy,10,0,0,44247.78761061947,1
8000000.0,15.894952224644102,111.0,Crime,Paramount Pictures,Don Siegel,Clint Eastwood,6,0,1,72072.07207207207,1
8000000.0,15.894952224644102,109.0,Comedy,,Rick Famuyiwa,Sanaa Lathan,10,0,0,73394.49541284403,1
8000000.0,15.894952224644102,100.0,Comedy,Summit Entertainment,Jonathan Levine,Joseph Gordon-Levitt,9,0,0,80000.0,1
8000000.0,15.894952224644102,94.0,Comedy,Treehouse Pictures,Tom Gormican,Zac Efron,1,0,0,85106.3829787234,1
6500000.0,15.687312888712007,142.0,Adventure,United Artists,Peter R. Hunt,George Lazenby,12,0,1,45774.64788732395,1
14000000.0,16.454567959008102,112.0,Horror,New Line Cinema,Wes Craven,Heather Langenkamp,10,0,0,125000.0,0
8000000.0,15.894952224644102,91.0,Drama,Twentieth Century Fox Film Corporation,John Schultz,Melissa Joan Hart,10,0,0,87912.08791208791,1
8000000.0,15.894952224644102,112.0,Drama,Lions Gate Films,Doug Atchison,Keke Palmer,4,0,0,71428.57142857143,1
8000000.0,15.894952224644102,82.0,Comedy,Universal Pictures,Tamra Davis,Dave Chappelle,1,0,0,97560.9756097561,1
8000000.0,15.894952224644102,97.0,Comedy,Lionsgate,Jonas Elmer,Renée Zellweger,1,0,0,82474.22680412371,1
7000000.0,15.76142084987672,102.0,Thriller,Lions Gate Films,Mary Harron,Christian Bale,4,0,0,68627.45098039215,1
8000000.0,15.894952224644102,93.0,Drama,Fox Searchlight Pictures,Miguel Arteta,Jennifer Aniston,1,0,0,86021.50537634408,1
8000000.0,15.894952224644102,116.0,Action,Park Ex Pictures,Erik Canuel,Patrick Huard,7,0,1,68965.5172413793,0
8000000.0,15.894952224644102,118.0,Action,Chris Brinker Productions,Troy Duffy,Sean Patrick Flanery,11,1,0,67796.61016949153,0
8000000.0,15.894952224644102,92.0,Comedy,Screen Gems,Will Gluck,Emma Stone,9,0,0,86956.52173913043,1
8000000.0,15.894952224644102,92.0,Drama,Saturn Films,E. Elias Merhige,John Malkovich,5,0,0,86956.52173913043,0
8000000.0,15.894952224644102,104.0,Comedy,Walt Disney Pictures,Joe Nussbaum,Aimee Teegarden,4,0,0,76923.07692307692,0
8000000.0,15.894952224644102,90.0,Animation,Starburns Industries,Charlie Kaufman,David Thewlis,12,0,1,88888.88888888889,0
8000000.0,15.894952224644102,129.0,Comedy,Film4,Mike Leigh,Jim Broadbent,11,0,0,62015.50387596899,1
8000000.0,15.894952224644102,79.0,Action,Original Pictures,Mark L. Lester,Dolph Lundgren,8,0,0,101265.82278481012,0
8000000.0,15.894952224644102,101.0,Comedy,Focus Features,Ryan Fleck,Keir Gilchrist,7,0,1,79207.92079207921,0
8000000.0,15.894952224644102,106.0,Drama,Hollywood Pictures,Steve James,Jared Leto,1,0,0,75471.69811320755,0
8000000.0,15.894952224644102,104.0,Comedy,Likely Story,John Carney,Mark Ruffalo,9,0,0,76923.07692307692,1
8000000.0,15.894952224644102,112.0,Drama,Class 5 Films,David Jacobson,Edward Norton,5,0,0,71428.57142857143,0
8000000.0,15.894952224644102,99.0,Drama,City Light Films,Michael Corrente,Alec Baldwin,4,0,0,80808.0808080808,0
8000000.0,15.894952224644102,91.0,Romance,Lions Gate Films,Andrew Currie,Billy Connolly,9,0,0,87912.08791208791,0
8000000.0,15.894952224644102,98.0,Action,Matador Pictures,Jonathan Lynn,Bill Nighy,6,0,1,81632.6530612245,0
8000000.0,15.894952224644102,107.0,Action,Thinkfilm,Robert Moresco,James Marsden,2,0,0,74766.35514018692,0
8000000.0,15.894952224644102,112.0,Drama,Arcadia Motion Pictures,Claudia Llosa,Jennifer Connelly,2,0,0,71428.57142857143,0
8000000.0,15.894952224644102,124.0,Science Fiction,Bandai Visual Company,Katsuhiro Ōtomo,Mitsuo Iwata,7,0,1,64516.12903225807,0
22000000.0,16.906553056777135,97.0,Drama,Eclectic pictures,John Herzfeld,Paul Walker,7,0,1,226804.12371134022,0
8000000.0,15.894952224644102,124.0,Drama,,Charles Binamé,Roy Dupuis,10,0,0,64516.12903225807,0
7800000.0,15.86963441986494,102.0,Thriller,France 2 Cinéma,François Ozon,Charlotte Rampling,5,0,0,76470.58823529411,1
7500000.0,15.830413711839864,99.0,Comedy,The Zanuck Company,Bruce Beresford,Morgan Freeman,12,0,1,75757.57575757576,1
7500000.0,15.830413711839864,91.0,Crime,New Line Cinema,Stanley Tong,Jackie Chan,1,0,0,82417.58241758242,1
6500000.0,15.687312888712007,92.0,Comedy,Fox Searchlight Pictures,Jason Reitman,Aaron Eckhart,9,0,0,70652.17391304347,1
10200000.0,16.13789837629371,93.0,Horror,Lions Gate Films,Eli Roth,Lauren German,6,0,1,109677.41935483871,1
7500000.0,15.830413711839864,100.0,Drama,BBC Films,Lone Scherfig,Carey Mulligan,10,0,0,75000.0,1
10284523.0,16.14615079900646,104.0,Comedy,Epsilon Motion Pictures,Anand Tucker,Steve Martin,10,0,0,98889.64423076923,0
6500000.0,15.687312888712007,105.0,Action,Paramount Pictures,Joe Carnahan,Jason Patric,1,0,0,61904.76190476191,0
7500000.0,15.830413711839864,102.0,Comedy,,Paul Gross,Paul Gross,9,0,0,73529.41176470589,0
7500000.0,15.830413711839864,110.0,Drama,,Russell Holt,Sam Hennings,11,0,0,68181.81818181818,0
8000000.0,15.894952224644102,92.0,Comedy,Miramax Films,Mike Judge,Jason Bateman,9,0,0,86956.52173913043,0
8000000.0,15.894952224644102,113.0,Drama,Chrysalis Films,Rodrigo García,Glenn Close,12,0,1,70796.46017699115,0
7500000.0,15.830413711839864,107.0,Drama,Constantin Film Produktion,Dennis Gansel,Jürgen Vogel,3,0,0,70093.45794392523,1
7000000.0,15.76142084987672,117.0,Thriller,Bold Films,Nicolas Winding Refn,Elle Fanning,6,0,1,59829.05982905983,0
7300000.0,15.803385043104912,103.0,Thriller,HanWay Films,Daniel Barber,Michael Caine,11,0,0,70873.786407767,0
7500000.0,15.830413711839864,96.0,Comedy,Fox Searchlight Pictures,Jason Reitman,Ellen Page,12,0,1,78125.0,1
7200000.0,15.789591722875162,120.0,Adventure,United Artists,Guy Hamilton,Sean Connery,12,0,1,60000.0,1
6000000.0,15.607270193858982,175.0,Drama,Paramount Pictures,Francis Ford Coppola,Marlon Brando,3,0,0,34285.71428571428,1
4000000.0,15.201805169084134,95.0,Drama,Paramount Pictures,Adrian Lyne,Jennifer Beals,4,0,0,42105.26315789474,1
7500000.0,15.830413711839864,95.0,Comedy,Fox Searchlight Pictures,Marc Webb,Joseph Gordon-Levitt,7,0,1,78947.36842105263,1
7000000.0,15.76142084987672,121.0,Drama,New South Wales Film & Television Office,Jane Campion,Holly Hunter,5,0,0,57851.239669421484,1
7000000.0,15.76142084987672,110.0,Drama,Extension 765,Steven Soderbergh,Channing Tatum,6,0,1,63636.36363636364,1
7000000.0,15.76142084987672,121.0,Adventure,United Artists,Guy Hamilton,Roger Moore,7,0,1,57851.239669421484,1
6600000.0,15.702580358511794,112.0,Comedy,TriStar Pictures,Salim Akil,Paula Patton,5,0,0,58928.57142857143,1
7000000.0,15.76142084987672,93.0,Drama,2929 Productions,George Clooney,David Strathairn,9,0,0,75268.81720430107,1
7000000.0,15.76142084987672,114.0,Crime,Sony Pictures Classics,Bennett Miller,Philip Seymour Hoffman,9,0,0,61403.508771929824,1
7000000.0,15.76142084987672,104.0,Thriller,Columbia Pictures,Robert Rodriguez,Antonio Banderas,8,0,0,67307.69230769231,1
9000000.0,16.012735246411598,119.0,Adventure,Metro-Goldwyn-Mayer (MGM),Michael Anderson,Michael York,6,0,1,75630.25210084034,1
7000000.0,15.76142084987672,125.0,Adventure,United Artists,Guy Hamilton,Roger Moore,12,0,1,56000.0,1
7000000.0,15.76142084987672,96.0,Action,Silver Pictures,Craig R. Baxley,Carl Weathers,2,0,0,72916.66666666667,1
7000000.0,15.76142084987672,89.0,Horror,Twentieth Century Fox Film Corporation,Matt Bettinelli-Olpin,Allison Miller,1,0,0,78651.68539325842,1
7000000.0,15.76142084987672,92.0,Comedy,Miramax Films,David O. Russell,Ben Stiller,3,0,0,76086.95652173914,1
700000.0,13.45883704259595,103.0,Crime,Forest Whitaker's Significant Productions,Rick Famuyiwa,Shameik Moore,6,0,1,6796.116504854369,1
7000000.0,15.76142084987672,97.0,Drama,Suntaur Entertainment Company,Michael Rymer,Omar Epps,8,0,0,72164.94845360825,1
7000000.0,15.76142084987672,89.0,Horror,Universal Pictures,Rob Zombie,Sid Haig,4,0,0,78651.68539325842,1
7000000.0,15.76142084987672,105.0,Comedy,Mike Zoss Productions,Joel Coen,Michael Stuhlbarg,10,0,0,66666.66666666667,1
7000000.0,15.76142084987672,116.0,Romance,Relativity Media,Gina Prince-Bythewood,Gugu Mbatha-Raw,9,0,0,60344.8275862069,1
7000000.0,15.76142084987672,164.0,Drama,Universal Pictures,Martin Scorsese,Willem Dafoe,8,0,0,42682.92682926829,0
7000000.0,15.76142084987672,96.0,Romance,Miramax Films,Michael Corrente,Shawn Hatosy,8,0,0,72916.66666666667,0
7.0,2.0794415416798357,90.0,Thriller,Entertainment,Tony Maylam,Rutger Hauer,5,0,0,0.07777777777777778,0
7000000.0,15.76142084987672,113.0,Action,3Mark Entertainment,Mitch Davis,Christopher Gorham,4,0,0,61946.902654867255,0
7000000.0,15.76142084987672,192.0,Drama,Yash Raj Films,Yash Chopra,Shah Rukh Khan,11,0,0,36458.333333333336,1
7000000.0,15.76142084987672,104.0,Drama,Sony Pictures Classics,Paul Schrader,Greg Kinnear,10,0,0,67307.69230769231,0
7000000.0,15.76142084987672,112.0,Drama,BBC Films,Lynne Ramsay,John C. Reilly,9,0,0,62500.0,0
7000000.0,15.76142084987672,100.0,Comedy,Tijuana Productions,Curtis Hanson,Tom Cruise,4,0,0,70000.0,0
7000000.0,15.76142084987672,106.0,Comedy,,Bob Gosse,Matt Czuchry,9,0,0,66037.7358490566,0
7000000.0,15.76142084987672,106.0,Drama,DRO Entertainment,Spencer Susser,Joseph Gordon-Levitt,1,0,0,66037.7358490566,0
7000000.0,15.76142084987672,103.0,Romance,Double Feature Films,Peter Sollett,Julianne Moore,10,0,0,67961.16504854368,0
7000000.0,15.76142084987672,108.0,Comedy,Wild Bunch,Shari Springer Berman,Kevin Kline,8,0,0,64814.81481481482,0
7000000.0,15.76142084987672,170.0,Drama,Lenfilm Studio,Aleksey German,Leonid Yarmolnik,2,0,0,41176.470588235294,0
7000000.0,15.76142084987672,108.0,Crime,Immortal Thoughts,Stephen Milburn Anderson,Sean Bean,1,0,0,64814.81481481482,0
6000000.0,15.607270193858982,108.0,Action,Franchise Pictures,Troy Duffy,Willem Dafoe,1,0,0,55555.555555555555,0
7000000.0,15.76142084987672,76.0,Animation,Bazelevs Production,Vladlen Barbe,Ivan Okhlobystin,10,0,0,92105.26315789473,0
7000000.0,15.76142084987672,97.0,Adventure,Metro-Goldwyn-Mayer (MGM),Robert C. Cooper,Ben Browder,3,0,0,72164.94845360825,0
6900000.0,15.747032114495013,102.0,Comedy,Gramercy Pictures,Richard Linklater,Jason London,9,0,0,67647.05882352941,0
6900000.0,15.747032114495013,101.0,Horror,A Bigger Boat,Mark Tonderai,Jennifer Lawrence,9,0,0,68316.83168316832,1
6800000.0,15.732433317205148,130.0,Drama,TS Productions,Denis Villeneuve,Lubna Azabal,9,0,0,52307.692307692305,0
6500000.0,15.687312888712007,99.0,Horror,New Line Cinema,John R. Leonetti,Annabelle Wallis,10,0,0,65656.56565656565,1
7.0,2.0794415416798357,82.0,Comedy,,Rachel Perkins,Rocky McKenzie,8,0,0,0.08536585365853659,0
6500000.0,15.687312888712007,112.0,Crime,Columbia Pictures Corporation,John Singleton,Laurence Fishburne,7,0,1,58035.71428571428,1
6500000.0,15.687312888712007,108.0,Drama,Columbia Pictures Corporation,Luis Valdez,Lou Diamond Phillips,7,0,1,60185.18518518518,1
6500000.0,15.687312888712007,105.0,Horror,Filmways Pictures,Brian De Palma,Michael Caine,6,0,1,61904.76190476191,1
6500000.0,15.687312888712007,98.0,Crime,Columbia Pictures,Doug Liman,Sarah Polley,4,0,0,66326.5306122449,1
6500000.0,15.687312888712007,88.0,Comedy,Sony Pictures,Nicole Holofcener,Catherine Keener,9,0,0,73863.63636363637,1
6500000.0,15.687312888712007,131.0,Science Fiction,Universal Pictures,Robert Wise,Arthur Hill,3,0,0,49618.32061068702,0
6500000.0,15.687312888712007,100.0,Drama,HanWay Films,Steve McQueen,Michael Fassbender,10,0,0,65000.0,1
6500000.0,15.687312888712007,105.0,Drama,Sony Pictures Classics,Matthew Vaughn,Daniel Craig,9,0,0,61904.76190476191,0
6500000.0,15.687312888712007,100.0,Drama,,Sterling Van Wagenen,Sam Hennings,10,0,0,65000.0,0
6500000.0,15.687312888712007,116.0,Drama,Scott Free Productions,Zal Batmanglij,Brit Marling,5,0,0,56034.48275862069,0
6500000.0,15.687312888712007,96.0,Romance,Killer Films,Michael Mayer,Colin Farrell,7,0,1,67708.33333333333,0
6500000.0,15.687312888712007,113.0,Drama,Oscilloscope Laboratories,Oren Moverman,Ben Foster,11,0,0,57522.12389380531,0
6400000.0,15.671808704579888,108.0,Action,Orion Pictures,James Cameron,Arnold Schwarzenegger,10,0,0,59259.25925925926,1
4800000.0,15.38412668421143,121.0,Comedy,WDR,Wolfgang Becker,Daniel Brühl,2,0,0,39669.42148760331,1
4000000.0,15.201805169084134,91.0,Comedy,Hemdale Film Corporation,Dan O'Bannon,Clu Gulager,5,0,0,43956.043956043955,1
6000000.0,15.607270193858982,94.0,Romance,Gramercy Pictures,Kevin Smith,Jason Lee,10,0,0,63829.78723404255,0
6000000.0,15.607270193858982,110.0,Romance,Paramount Pictures,Randal Kleiser,John Travolta,7,0,1,54545.454545454544,1
6000000.0,15.607270193858982,120.0,Drama,Orion Pictures,Oliver Stone,Tom Berenger,12,0,1,50000.0,1
6000000.0,15.607270193858982,122.0,Documentary,BIM Distribuzione,Michael Moore,Robert De Niro,6,1,1,49180.32786885246,1
6000000.0,15.607270193858982,110.0,History,Twentieth Century Fox Film Corporation,George Roy Hill,Paul Newman,9,0,0,54545.454545454544,1
6000000.0,15.607270193858982,139.0,Comedy,Walt Disney Productions,Robert Stevenson,Julie Andrews,8,0,0,43165.467625899284,1
6000000.0,15.607270193858982,152.0,Crime,United Artists,Robert Wise,Natalie Wood,10,0,0,39473.68421052631,1
6000000.0,15.607270193858982,98.0,Comedy,Orion Pictures,Harold Ramis,Chevy Chase,7,0,1,61224.489795918365,1
6000000.0,15.607270193858982,106.0,Comedy,MTV Films,Rick Famuyiwa,Omar Epps,7,0,1,56603.77358490566,1
6000000.0,15.607270193858982,106.0,Drama,Blue Parrot Productions,Bryan Singer,Stephen Baldwin,7,0,1,56603.77358490566,1
8000000.0,15.894952224644102,89.0,Horror,New Line Cinema,Stephen Hopkins,Robert Englund,8,1,0,89887.6404494382,1
5000000.0,15.424948670398354,92.0,Comedy,Tapestry Films,Walt Becker,Ryan Reynolds,3,0,0,54347.82608695652,1
6000000.0,15.607270193858982,109.0,Drama,Saturn Films,Darren Aronofsky,Mickey Rourke,9,0,0,55045.87155963303,1
6000000.0,15.607270193858982,144.0,Western,The Selznik Studio,King Vidor,Jennifer Jones,12,0,1,41666.666666666664,1
6000000.0,15.607270193858982,99.0,Science Fiction,AVCO Embassy Pictures,John Carpenter,Kurt Russell,5,0,0,60606.06060606061,1
6000000.0,15.607270193858982,89.0,Comedy,Revolution Studios,Fred Savage,Cuba Gooding Jr.,8,0,0,67415.73033707865,1
12716953.0,16.358446621791025,113.0,Crime,Golden Harvest Company,Sammo Hung,Jackie Chan,1,0,0,112539.40707964601,0
6000000.0,15.607270193858982,91.0,Comedy,Castle Rock Entertainment,Christopher Guest,Bob Balaban,4,0,0,65934.06593406593,1
6000000.0,15.607270193858982,99.0,Comedy,Paramount Pictures,Peter Howitt,Gwyneth Paltrow,4,0,0,60606.06060606061,1
6000000.0,15.607270193858982,98.0,Crime,40 Acres & A Mule Filmworks,Rusty Cundieff,Clarence Williams III,5,0,0,61224.489795918365,1
6000000.0,15.607270193858982,121.0,Drama,Fox Searchlight Pictures,Kevin Macdonald,Forest Whitaker,9,0,0,49586.776859504134,1
5000000.0,15.424948670398354,96.0,Horror,Trans Pacific Films,Dominique Othenin-Girard,Donald Pleasence,10,1,0,52083.333333333336,1
5000000.0,15.424948670398354,100.0,Comedy,Castle Rock Entertainment,Richard Linklater,Jack Black,4,0,0,50000.0,0
6000000.0,15.607270193858982,42.0,Documentary,3D Entertainment,Jean-Jacques Mantello,Daryl Hannah,2,0,0,142857.14285714287,0
6000000.0,15.607270193858982,101.0,Comedy,Paramount Pictures,Risa Bramon Garcia,Ben Affleck,2,0,0,59405.94059405941,0
6000000.0,15.607270193858982,96.0,Drama,CBS Films,Brian Klugman,Bradley Cooper,9,0,0,62500.0,1
6000000.0,15.607270193858982,104.0,Drama,Lucky Monkey Pictures,Raymond De Felitta,Andy García,3,0,0,57692.307692307695,0
6000000.0,15.607270193858982,96.0,Action,UK Film Council,John Michael McDonagh,Brendan Gleeson,7,0,1,62500.0,1
7000000.0,15.76142084987672,94.0,Comedy,Metro-Goldwyn-Mayer (MGM),Deb Hagan,Drake Bell,8,0,0,74468.08510638298,0
6000000.0,15.607270193858982,97.0,Drama,American Zoetrope,Sofia Coppola,James Woods,4,0,0,61855.67010309279,0
5500000.0,15.520258832020865,120.0,Drama,Double Feature Films,Zach Braff,Zach Braff,1,0,0,45833.333333333336,0
6000000.0,15.607270193858982,95.0,Comedy,New Regency Pictures,Mark Tarlov,Sarah Michelle Gellar,2,0,0,63157.89473684211,0
6000000.0,15.607270193858982,99.0,Action,Davis Films,Sheldon Lettich,Mark Dacascos,8,0,0,60606.06060606061,0
6000000.0,15.607270193858982,94.0,Drama,Lions Gate Films,Billy Ray,Hayden Christensen,11,0,0,63829.78723404255,0
6000000.0,15.607270193858982,95.0,Comedy,Numb Gums Production Inc.,David Atkins,Chelcie Ross,11,0,0,63157.89473684211,0
6244087.0,15.647145654047936,145.0,Adventure,Warner Brothers/Seven Arts,Sam Peckinpah,William Holden,6,0,1,43062.668965517245,0
6000000.0,15.607270193858982,99.0,Drama,SBK Pictures,Jonathan Levine,Ben Kingsley,7,0,1,60606.06060606061,0
6000000.0,15.607270193858982,107.0,Action,Les Films 21,Sylvio Tabet,Marc Singer,6,1,1,56074.766355140186,0
6000000.0,15.607270193858982,97.0,Drama,McCreary Entertainment,Rick Bieber,Aidan Quinn,3,0,0,61855.67010309279,0
134005.0,11.80563985405003,104.0,Drama,IDG China Media,Wayne Wang,Li Bingbing,7,0,1,1288.5096153846155,1
6000000.0,15.607270193858982,85.0,Comedy,,S.R. Bindler,Matthew McConaughey,9,0,0,70588.23529411765,0
12000000.0,16.300417291085605,95.0,Crime,StudioCanal,Stefan Ruzowitzky,Eric Bana,11,0,0,126315.78947368421,0
5952000.0,15.599238023505803,87.0,Horror,Universal Pictures,David Cronenberg,James Woods,2,0,0,68413.79310344828,0
5300000.0,15.483217567201578,122.0,Drama,Mate Producciones S.A.,Cédric Klapisch,Romain Duris,5,0,0,43442.62295081967,0
6000000.0,15.607270193858982,86.0,Drama,Worldview Entertainment,Kate Barker-Froyland,Anne Hathaway,1,0,0,69767.44186046511,0
4000000.0,15.201805169084134,103.0,Drama,Max TV,Martin Koolhoven,Martijn Lakemeier,11,0,0,38834.95145631068,0
5800000.0,15.573368647930426,133.0,Action,Les Productions Artistes Associés,John Frankenheimer,Burt Lancaster,9,0,0,43609.02255639098,0
6000000.0,15.607270193858982,108.0,Action,The Weinstein Company,Prachya Pinkaew,Tony Jaa,8,0,0,55555.555555555555,1
3500159.0,15.06831923970049,112.0,Comedy,Fox Searchlight Pictures,Gurinder Chadha,Parminder Nagra,4,0,0,31251.41964285714,1
5800000.0,15.573368647930426,95.0,Action,360 Pictures,Preston A. Whitmore II,Anthony Mackie,9,0,0,61052.63157894737,0
5600000.0,15.53827733427679,85.0,Thriller,Filmax,Jaume Balagueró,Manuela Velasco,9,0,0,65882.35294117648,1
5500000.0,15.520258832020865,129.0,Comedy,Universal Pictures,George Roy Hill,Paul Newman,12,0,1,42635.65891472868,1
5500000.0,15.520258832020865,123.0,Drama,Twentieth Century Fox Film Corporation,Hugh Hudson,Ben Cross,5,0,0,44715.44715447154,1
5500000.0,15.520258832020865,105.0,Western,Universal Pictures,Clint Eastwood,Clint Eastwood,4,0,0,52380.95238095238,1
5500000.0,15.520258832020865,95.0,Comedy,Marimark Productions,William Sachs,Dorothy Stratten,6,0,1,57894.73684210526,0
4361898.0,15.288418070959365,92.0,Comedy,icon,Émile Gaudreault,Luke Kirby,6,0,1,47411.934782608696,0
5000000.0,15.424948670398354,104.0,Crime,Lions Gate Films,James Cox,Val Kilmer,10,0,0,48076.92307692308,0
6500000.0,15.687312888712007,120.0,Drama,Universal Pictures,Spike Lee,Danny Aiello,6,0,1,54166.666666666664,1
2200000.0,14.603968372873895,157.0,Drama,Flicks Motion Pictures,Rakeysh Omprakash Mehra,Aamir Khan,1,0,0,14012.738853503184,1
5500000.0,15.520258832020865,120.0,Drama,Maipo Film- og TV Produksjon,Liv Ullmann,Jessica Chastain,9,0,0,45833.333333333336,0
4000000.0,15.201805169084134,92.0,Horror,Lions Gate Films,Darren Lynn Bousman,Tobin Bell,10,0,0,43478.260869565216,1
15000000.0,16.52356082573315,103.0,Thriller,Paramount Pictures,Dan Trachtenberg,Mary Elizabeth Winstead,3,0,0,145631.06796116504,1
5000000.0,15.424948670398354,87.0,Documentary,Paramount Pictures,Jeff Tremaine,Johnny Knoxville,10,0,0,57471.26436781609,1
4900000.0,15.404745967162468,81.0,Horror,New Line Productions,David F. Sandberg,Teresa Palmer,7,0,1,60493.82716049383,1
5000000.0,15.424948670398354,83.0,Horror,Paramount Pictures,Henry Joost,Katie Featherston,10,1,0,60240.96385542169,1
5000000.0,15.424948670398354,89.0,Horror,Universal Pictures,Stiles White,Olivia Cooke,10,0,0,56179.77528089887,1
5000000.0,15.424948670398354,96.0,Horror,New Line Cinema,Chuck Russell,Robert Englund,2,1,0,52083.333333333336,1
5500000.0,15.520258832020865,115.0,Comedy,Filmax,Eugenio Derbez,Loreto Peralta,7,0,1,47826.086956521736,1
5000000.0,15.424948670398354,95.0,Horror,Paramount Pictures,Henry Joost,Katie Featherston,10,1,0,52631.57894736842,1
4100000.0,15.226497775576945,135.0,Drama,Twentieth Century Fox Film Corporation,Henry Koster,Richard Burton,9,0,0,30370.37037037037,1
5000000.0,15.424948670398354,113.0,Comedy,United Artists,Blake Edwards,Peter Sellers,5,0,0,44247.78761061947,1
11000000.0,16.213405921671733,89.0,Horror,New Line Cinema,Rachel Talalay,Robert Englund,9,0,0,123595.50561797753,1
8000000.0,15.894952224644102,110.0,Crime,Newmarket Films,Patty Jenkins,Charlize Theron,11,0,0,72727.27272727272,1
5000000.0,15.424948670398354,127.0,Adventure,Walt Disney Productions,Richard Fleischer,Kirk Douglas,12,0,1,39370.07874015748,1
5000000.0,15.424948670398354,84.0,Horror,Blumhouse Productions,Christopher B. Landon,Andrew Jacobs,1,0,0,59523.80952380953,1
5000000.0,15.424948670398354,124.0,Drama,Brooksfilms,David Lynch,Anthony Hopkins,10,0,0,40322.58064516129,1
5000000.0,15.424948670398354,117.0,Drama,Universal Studios,Jean-Marc Vallée,Matthew McConaughey,9,0,0,42735.042735042734,1
3300000.0,15.009433329466965,83.0,Thriller,Lionsgate,David Gelb,Olivia Wilde,1,0,0,39759.03614457831,1
9000000.0,16.012735246411598,113.0,Mystery,Summit Entertainment,Christopher Nolan,Guy Pearce,10,0,0,79646.01769911505,1
5000000.0,15.424948670398354,104.0,Horror,Intrepid Pictures,Mike Flanagan,Karen Gillan,9,0,0,48076.92307692308,1
5000000.0,15.424948670398354,97.0,Comedy,The Weinstein Company,Kevin Smith,Brian O'Halloran,5,0,0,51546.39175257732,1
5000000.0,15.424948670398354,110.0,Drama,BBC Films,Stephen Daldry,Jamie Bell,5,0,0,45454.545454545456,1
4600000.0,15.341567078850604,103.0,Comedy,Fox Searchlight Pictures,Nat Faxon,Liam James,6,0,1,44660.19417475728,1
3500000.0,15.068273812173887,104.0,Family,Cambridge Productions,George T. Miller,Tom Burlinson,3,0,0,33653.846153846156,1
10000000.0,16.118095750958314,90.0,Comedy,The Weinstein Company,Jesse Peretz,Paul Rudd,8,0,0,111111.11111111111,0
5000000.0,15.424948670398354,134.0,Action,Forecast Pictures,Stephen Hopkins,Stephan James,2,0,0,37313.432835820895,1
5000000.0,15.424948670398354,93.0,Horror,Universal Pictures,John Erick Dowdle,Perdita Weeks,8,0,0,53763.44086021505,1
5000000.0,15.424948670398354,99.0,Drama,Killer Films,Richard Glatzer,Julianne Moore,12,0,1,50505.0505050505,1
5000000.0,15.424948670398354,139.0,History,Twentieth Century Fox Film Corporation,Michael Curtiz,Jean Simmons,8,0,0,35971.22302158274,1
5000000.0,15.424948670398354,99.0,Action,Universal Pictures,Bruce Malmuth,Sylvester Stallone,3,0,0,50505.0505050505,1
5000000.0,15.424948670398354,100.0,Horror,Paramount Pictures,Rob Hedden,Kane Hodder,7,0,1,50000.0,1
5000000.0,15.424948670398354,95.0,Comedy,Home Box Office (HBO),Joel Zwick,Nia Vardalos,2,0,0,52631.57894736842,1
5000000.0,15.424948670398354,94.0,Drama,RabbitBandini Productions,Harmony Korine,James Franco,1,0,0,53191.48936170213,1
5000000.0,15.424948670398354,88.0,Horror,Miramax Films,Joe Chappelle,Donald Pleasence,9,0,0,56818.181818181816,1
5000000.0,15.424948670398354,106.0,Drama,Bésame Mucho Pictures,Alfonso Cuarón,Gael García Bernal,6,0,1,47169.811320754714,1
4000000.0,15.201805169084134,99.0,Horror,Universal Pictures,Edgar Wright,Simon Pegg,4,0,0,40404.0404040404,1
5000000.0,15.424948670398354,135.0,Drama,Castle Rock Entertainment,John Sayles,Chris Cooper,6,0,1,37037.03703703704,1
5000000.0,15.424948670398354,88.0,Horror,Dimension Films,Dwight H. Little,Donald Pleasence,10,1,0,56818.181818181816,1
5000000.0,15.424948670398354,107.0,Action,1818,Steve Carver,Chuck Norris,4,0,0,46728.97196261682,1
5000000.0,15.424948670398354,86.0,Horror,Bazelevs Production,Gonzalo López-Gallego,Ryan Robbins,7,0,1,58139.53488372093,1
5000000.0,15.424948670398354,102.0,Comedy,Back Lot Pictures,Christine Jeffs,Amy Adams,1,0,0,49019.60784313725,1
5000000.0,15.424948670398354,103.0,Action,Bold Films,John Erick Dowdle,Owen Wilson,8,0,0,48543.68932038835,1
5000000.0,15.424948670398354,139.0,Drama,Edward Small Productions,King Vidor,Yul Brynner,12,0,1,35971.22302158274,1
20000000.0,16.811242881518265,92.0,Romance,Open Road Films (II),Michael Tiddes,Marlon Wayans,1,0,0,217391.30434782608,0
4.0,1.6094379124341003,89.0,Drama,Paramount Pictures,Frank Borzage,Helen Hayes,12,0,1,0.0449438202247191,1
8000000.0,15.894952224644102,99.0,Comedy,Pyramide Productions,Denys Arcand,Rémy Girard,5,0,0,80808.0808080808,0
5000000.0,15.424948670398354,118.0,Action,Columbia Pictures Corporation,Guy Hamilton,Harrison Ford,11,0,0,42372.8813559322,0
5000000.0,15.424948670398354,175.0,Western,Paramount Pictures,Sergio Leone,Henry Fonda,12,0,1,28571.428571428572,0
5000000.0,15.424948670398354,94.0,Action,Artisan Entertainment,Jon Favreau,Vince Vaughn,7,0,1,53191.48936170213,0
5000000.0,15.424948670398354,97.0,Science Fiction,Liberty Films UK,Duncan Jones,Sam Rockwell,6,0,1,51546.39175257732,0
5000000.0,15.424948670398354,41.0,Documentary,N3D Land Productions,Ronan Chapalain,Guillaume Denaiffe,5,0,0,121951.21951219512,0
5000000.0,15.424948670398354,112.0,Drama,Fine Line Features,Atom Egoyan,Ian Holm,5,0,0,44642.857142857145,0
4000000.0,15.201805169084134,120.0,Drama,Why Not Productions,Xavier Beauvois,Lambert Wilson,5,0,0,33333.333333333336,1
5000000.0,15.424948670398354,110.0,Comedy,Zininsa Film Production,Randall Miller,Alan Rickman,8,0,0,45454.545454545456,0
5000000.0,15.424948670398354,99.0,Drama,WingNut Films,Peter Jackson,Melanie Lynskey,9,0,0,50505.0505050505,0
5000000.0,15.424948670398354,121.0,Drama,Emmett/Furla Films,Michael Polish,Kate Bosworth,9,0,0,41322.31404958678,0
5000000.0,15.424948670398354,97.0,Comedy,Birdsong Pictures,Dan Rush,Rebecca Hall,10,0,0,51546.39175257732,0
5000000.0,15.424948670398354,116.0,Comedy,Castle Rock Entertainment,Jake Kasdan,Bill Pullman,1,0,0,43103.44827586207,0
5000000.0,15.424948670398354,101.0,Thriller,Filmax Entertainment,Brad Anderson,Christian Bale,2,0,0,49504.9504950495,0
5000000.0,15.424948670398354,112.0,Thriller,The Combine,Michael Cuesta,Jeremy Renner,10,0,0,44642.857142857145,0
5000000.0,15.424948670398354,91.0,Drama,Olympus Pictures,John Cameron Mitchell,Nicole Kidman,12,0,1,54945.054945054944,0
5000000.0,15.424948670398354,98.0,Comedy,ContentFilm,Fenton Bailey,Seth Green,9,0,0,51020.4081632653,0
5000000.0,15.424948670398354,95.0,Horror,Film Science,Jeremy Saulnier,Anton Yelchin,4,0,0,52631.57894736842,0
5000000.0,15.424948670398354,99.0,Drama,Atlas 3 Productions,James Manera,Eric Allan Kramer,9,0,0,50505.0505050505,0
7000000.0,15.76142084987672,91.0,Comedy,Gracie Films,Wes Anderson,Luke Wilson,2,0,0,76923.07692307692,0
5000000.0,15.424948670398354,89.0,Comedy,Eden Rock Media,Eli Craig,Alan Tudyk,1,0,0,56179.77528089887,0
5000000.0,15.424948670398354,94.0,Horror,Blumhouse Productions,M. Night Shyamalan,Olivia DeJonge,9,0,0,53191.48936170213,1
5000000.0,15.424948670398354,90.0,Drama,HDNet Films,Brian De Palma,Izzy Diaz,1,0,0,55555.555555555555,0
5000000.0,15.424948670398354,99.0,Drama,Corazón International,Fatih Akin,Adam Bousdoukos,9,0,0,50505.0505050505,1
1000000.0,13.815511557963774,135.0,Drama,Miramax Films,Billy Bob Thornton,Billy Bob Thornton,8,0,0,7407.407407407408,1
4798235.0,15.383758908333446,107.0,Horror,BBC Films,Nick Murphy ,Rebecca Hall,8,0,0,44843.31775700935,0
4800000.0,15.38412668421143,94.0,Horror,International Production Company,Eli Roth,Jay Hernandez,1,0,0,51063.82978723404,1
5000000.0,15.424948670398354,120.0,Thriller,Hydraulx,Jeff Nichols,Michael Shannon,11,0,0,41666.666666666664,0
4700000.0,15.363073279446223,101.0,Horror,Cannon Films,Tobe Hooper,Dennis Hopper,8,1,0,46534.653465346535,0
4638783.0,15.349962820890848,106.0,Western,Metro-Goldwyn-Mayer (MGM),Sam Peckinpah,James Coburn,5,0,0,43762.1037735849,1
4800000.0,15.38412668421143,90.0,Drama,Gaumont,Nicolas Winding Refn,Ryan Gosling,5,0,0,53333.333333333336,1
4500000.0,15.319588176962746,96.0,Comedy,Warner Bros.,Hugh Wilson,Steve Guttenberg,3,0,0,46875.0,1
4500000.0,15.319588176962746,104.0,Romance,Columbia Pictures Corporation,Randal Kleiser,Brooke Shields,7,0,1,43269.230769230766,1
6000000.0,15.607270193858982,117.0,Comedy,Channel Four Films,Mike Newell,Hugh Grant,3,0,0,51282.05128205128,1
4500000.0,15.319588176962746,90.0,Comedy,Universal Pictures,Amy Heckerling,Sean Penn,8,0,0,50000.0,1
4500000.0,15.319588176962746,116.0,Adventure,Warner Bros.,John Huston,Gregory Peck,6,0,1,38793.10344827586,1
15000000.0,16.52356082573315,135.0,Crime,40 Acres & A Mule Filmworks,Spike Lee,Edward Norton,12,0,1,111111.11111111111,0
4500000.0,15.319588176962746,108.0,Crime,Dino De Laurentiis Company,Lilly Wachowski,Jennifer Tilly,9,0,0,41666.666666666664,0
4500000.0,15.319588176962746,102.0,Crime,Artisan Entertainment,Darren Aronofsky,Ellen Burstyn,10,0,0,44117.64705882353,0
5000000.0,15.424948670398354,98.0,Comedy,TriStar Pictures,Jon Erwin,Sarah Drew,3,0,0,51020.4081632653,1
6000000.0,15.607270193858982,113.0,Fantasy,Pandora Cinema,Richard Kelly,Jake Gyllenhaal,1,0,0,53097.345132743365,0
4500000.0,15.319588176962746,97.0,Comedy,Werc Werk Works,Todd Solondz,Ally Sheedy,10,0,0,46391.75257731959,0
4500000.0,15.319588176962746,104.0,Drama,Plum Pictures,Agnieszka Wojtowicz-Vosloo,Liam Neeson,4,0,0,43269.230769230766,0
3000000.0,14.914123179965662,133.0,Drama,United Artists,Miloš Forman,Jack Nicholson,11,0,0,22556.39097744361,1
4500000.0,15.319588176962746,126.0,Thriller,T-Series,Raja Menon,Akshay Kumar,1,0,0,35714.28571428572,1
3730500.0,15.132053098954252,112.0,Action,Vertigo Films,Nick Love,Ray Winstone,9,0,0,33308.03571428572,0
8000000.0,15.894952224644102,101.0,Drama,South Pacific Pictures,Niki Caro,Keisha Castle-Hughes,1,0,0,79207.92079207921,1
4200000.0,15.250595321348806,114.0,Fantasy,Bazelevs Production,Timur Bekmambetov,Konstantin Khabenskiy,6,0,1,36842.10526315789,1
3705538.0,15.12533928521359,112.0,Romance,Miramax Films,Neil Jordan,Stephen Rea,9,0,0,33085.16071428572,1
4000000.0,15.201805169084134,94.0,Comedy,Melvin Simon Productions,Bob Clark,Dan Monahan,11,0,0,42553.1914893617,1
114000.0,11.643962499267984,96.0,Horror,Laurel Group,George A. Romero,Duane Jones,10,0,0,1187.5,1
4000000.0,15.201805169084134,102.0,Drama,American Zoetrope,Sofia Coppola,Bill Murray,8,0,0,39215.686274509804,1
4000000.0,15.201805169084134,93.0,Comedy,United Artists,Woody Allen,Woody Allen,4,0,0,43010.75268817204,1
4000000.0,15.201805169084134,152.0,Action,Paramount Pictures,Cecil B. DeMille,Betty Hutton,1,0,0,26315.78947368421,1
4000000.0,15.201805169084134,111.0,Drama,Lions Gate Films,Marc Forster,Halle Berry,11,0,0,36036.036036036036,1
4000000.0,15.201805169084134,95.0,Horror,Lionsgate,Henry Hobson,Arnold Schwarzenegger,5,0,0,42105.26315789474,0
3600000.0,15.096444681204078,112.0,Drama,United Artists,Mike Figgis,Nicolas Cage,10,0,0,32142.85714285714,1
4000000.0,15.201805169084134,91.0,Thriller,Universal Pictures,Rob Cohen,Jennifer Lopez,1,0,0,43956.043956043955,1
4000000.0,15.201805169084134,105.0,Drama,Joanna Productions,Carol Reed,Burt Lancaster,5,0,0,38095.23809523809,1
3500000.0,15.068273812173887,106.0,Comedy,Mandalay Vision,Lisa Cholodenko,Julianne Moore,7,0,1,33018.8679245283,1
4000000.0,15.201805169084134,94.0,Action,Universal Pictures,John Carpenter,Roddy Piper,11,0,0,42553.1914893617,1
4000000.0,15.201805169084134,172.0,Adventure,United Artists,John Sturges,Steve McQueen,6,0,1,23255.81395348837,1
5000000.0,15.424948670398354,88.0,Horror,StudioCanal,Ed Gass-Donnelly,Ashley Bell,2,0,0,56818.181818181816,1
4000000.0,15.201805169084134,164.0,Drama,IFC Films,Richard Linklater,Ellar Coltrane,6,0,1,24390.243902439026,1
4000000.0,15.201805169084134,96.0,Comedy,BBC Films,Woody Allen,Scarlett Johansson,7,0,1,41666.666666666664,1
7000000.0,15.76142084987672,93.0,Action,Lionsgate,DJ Pooh,Dr. Dre,11,0,0,75268.81720430107,0
6000000.0,15.607270193858982,82.0,Action,,DJ Pooh,Brian Hooks,3,1,0,73170.73170731707,0
4000000.0,15.201805169084134,124.0,Drama,United Artists,John Huston,Clark Gable,1,0,0,32258.064516129034,1
4000000.0,15.201805169084134,143.0,Action,Universal Pictures,Alfred Hitchcock,Frederick Stafford,12,0,1,27972.027972027972,0
4000000.0,15.201805169084134,84.0,Comedy,Universal Pictures,Bob Odenkirk,Dax Shepard,11,0,0,47619.04761904762,0
4000000.0,15.201805169084134,98.0,Crime,Miramax Films,Allison Anders,Tim Roth,12,0,1,40816.32653061225,0
4000000.0,15.201805169084134,104.0,Comedy,Slough Pond,Steven Shainberg,James Spader,1,0,0,38461.53846153846,1
4000000.0,15.201805169084134,110.0,Drama,Cineplex-Odeon Films,Oliver Stone,Eric Bogosian,12,0,1,36363.63636363636,0
4000000.0,15.201805169084134,90.0,Comedy,Echo Lake Productions,John Dahl,Ben Kingsley,2,0,0,44444.444444444445,0
4000000.0,15.201805169084134,88.0,Horror,The Harvey Boys,Kevin Smith,Michael Parks,8,0,0,45454.545454545456,0
4000000.0,15.201805169084134,101.0,Fantasy,Destination Films,Dave McKean,Stephanie Leonidas,1,0,0,39603.960396039605,0
4000000.0,15.201805169084134,118.0,Drama,Worldview Entertainment,David Gordon Green,Nicolas Cage,4,0,0,33898.30508474576,0
3000000.0,14.914123179965662,109.0,Crime,Arts Council of England,Stefan Schwartz,Dan Futterman,8,0,0,27522.935779816515,0
1300000.0,14.077875591662238,102.0,Crime,Empire Pictures,Renny Harlin,Viggo Mortensen,3,0,0,12745.098039215687,0
9500000.0,16.066802461833923,104.0,Crime,Nu Image Films,David Schwimmer,Clive Owen,9,0,0,91346.15384615384,0
16000000.0,16.588099342704055,100.0,Drama,Gaumont,Anne Fontaine,Naomi Watts,4,0,0,160000.0,0
4000000.0,15.201805169084134,113.0,Drama,Vía Digital,Fernando León de Aranoa,Javier Bardem,9,0,0,35398.23008849558,0
650000.0,13.384729180332174,98.0,Drama,Glass Eye Pix,Jim Mickle,Danielle Harris,9,0,0,6632.65306122449,0
4000000.0,15.201805169084134,119.0,Comedy,Filmula,Sam Levinson,Ellen Barkin,11,0,0,33613.445378151264,0
4000000.0,15.201805169084134,99.0,Adventure,Carnaby International,Julian Gilbey,Melissa George,4,0,0,40404.0404040404,1
3950000.0,15.18922639004183,127.0,Action,The Caddo Company,James Whale,Ben Lyon,11,0,0,31102.36220472441,1
3900000.0,15.176487367510099,120.0,Drama,Columbia Pictures Corporation,Fred Zinnemann,Paul Scofield,12,0,1,32500.0,1
3800000.0,15.150511887854474,121.0,Drama,United Artists,Sidney Lumet,Faye Dunaway,11,0,0,31404.95867768595,1
4000000.0,15.201805169084134,238.0,Drama,Selznick International Pictures,Victor Fleming,Vivien Leigh,12,0,1,16806.722689075632,1
3800000.0,15.150511887854474,123.0,War,Columbia Pictures Corporation,Sam Peckinpah,Charlton Heston,4,0,0,30894.308943089432,0
3768785.0,15.142263491650816,107.0,Action,Metro-Goldwyn-Mayer (MGM),George Sidney,Betty Hutton,5,0,0,35222.28971962617,1
967686.0,13.782663966863328,101.0,Comedy,Film4,Chris Morris,Riz Ahmed,5,0,0,9581.049504950495,1
3500000.0,15.068273812173887,101.0,Drama,Alliance Films,Peter Stebbings,Woody Harrelson,9,0,0,34653.46534653466,0
3700000.0,15.123843647884687,102.0,Music,Metro-Goldwyn-Mayer (MGM),Vincente Minnelli,Judy Garland,6,0,1,36274.509803921566,0
4000000.0,15.201805169084134,109.0,Comedy,DNA Films,Nicholas Hytner,Samuel Anderson,10,0,0,36697.247706422015,1
3600000.0,15.096444681204078,113.0,Drama,United Artists,John Schlesinger,Dustin Hoffman,5,0,0,31858.40707964602,1
3500000.0,15.068273812173887,91.0,Comedy,Channel Four Films,Peter Cattaneo,Robert Carlyle,8,0,0,38461.53846153846,1
3500000.0,15.068273812173887,88.0,Comedy,Paramount Pictures,Jerry Zucker,Robert Hays,7,0,1,39772.72727272727,1
3500000.0,15.068273812173887,91.0,Comedy,New Line Cinema,F. Gary Gray,Ice Cube,4,0,0,38461.53846153846,1
3500000.0,15.068273812173887,97.0,Drama,New Line Cinema,Albert Hughes,Tyrin Turner,5,0,0,36082.47422680412,1
3500000.0,15.068273812173887,92.0,Horror,New World Pictures,Michael Gornick,George Kennedy,5,1,0,38043.47826086957,1
3716946.0,15.128413190366862,121.0,Action,Warner Bros.,Sam Peckinpah,Jason Robards,5,0,0,30718.561983471074,0
3500000.0,15.068273812173887,134.0,Crime,Columbia Pictures Corporation,Richard Brooks,Robert Blake,12,0,1,26119.402985074626,1
3500000.0,15.068273812173887,149.0,Drama,Warner Bros.,Fred Zinnemann,Audrey Hepburn,6,0,1,23489.93288590604,1
3500000.0,15.068273812173887,121.0,Action,Warner Bros.,Jack Smight,Paul Newman,2,0,0,28925.619834710742,1
3500000.0,15.068273812173887,116.0,Crime,Universal Pictures,Alfred Hitchcock,Jon Finch,5,0,0,30172.41379310345,1
3500000.0,15.068273812173887,92.0,Mystery,Parts and Labor,Robert Eggers,Anya Taylor-Joy,2,0,0,38043.47826086957,1
3500000.0,15.068273812173887,96.0,Comedy,Fox Searchlight Pictures,Edward Burns,Edward Burns,8,0,0,36458.333333333336,1
10000000.0,16.118095750958314,105.0,Drama,Lions Gate Films,Bill Condon,Ian McKellen,1,0,0,95238.09523809524,0
2000000.0,14.508658238524095,129.0,Crime,100 Bares,Juan José Campanella,Ricardo Darín,8,0,0,15503.875968992248,1
3600000.0,15.096444681204078,84.0,Horror,Renaissance Films,Sam Raimi,Bruce Campbell,3,0,0,42857.142857142855,0
3500000.0,15.068273812173887,103.0,Fantasy,Filmkameratene A/S,André Øvredal,Otto Jespersen,10,0,0,33980.58252427184,0
3500000.0,15.068273812173887,98.0,Comedy,Yari Film Group,Adam Rapp,Zooey Deschanel,2,0,0,35714.28571428572,0
3400000.0,15.039286283703994,94.0,Comedy,Twentieth Century Fox Film Corporation,Mel Brooks,Mel Brooks,12,0,1,36170.21276595745,1
8000000.0,15.894952224644102,80.0,Documentary,Wild Bunch,Luc Jacquet,Morgan Freeman,1,0,0,100000.0,1
3500000.0,15.068273812173887,107.0,Thriller,Benaroya Pictures,J.C. Chandor,Kevin Spacey,9,0,0,32710.280373831774,1
3000000.0,14.914123179965662,92.0,Comedy,Fox Searchlight Pictures,Clark Gregg,Sam Rockwell,9,0,0,32608.695652173912,0
3300000.0,15.009433329466965,105.0,Drama,Bold Films,Damien Chazelle,Miles Teller,10,0,0,31428.571428571428,1
3300000.0,15.009433329466965,130.0,Drama,O2 Filmes,Fernando Meirelles,Alexandre Rodrigues,2,0,0,25384.615384615383,1
600000.0,13.304686600863562,99.0,Comedy,Irish Screen,Justin Kerrigan,John Simm,6,0,1,6060.606060606061,1
3800000.0,15.150511887854474,115.0,Drama,Zentropa Entertainments,Thomas Vinterberg,Mads Mikkelsen,8,0,0,33043.47826086957,1
3300000.0,15.009433329466965,96.0,Comedy,Magna Global Entertainment,Jonathan Silverman,Mena Suvari,11,0,0,34375.0,0
2000000.0,14.508658238524095,92.0,Romance,Fox Entertainment Group,Eric Styles,Rupert Graves,10,0,0,21739.130434782608,0
3200000.0,14.978661680269907,136.0,Horror,Paramount Pictures,Roman Polanski,Mia Farrow,6,0,1,23529.41176470588,1
3200000.0,14.978661680269907,123.0,Western,Paramount Pictures,John Ford,John Wayne,4,0,0,26016.260162601626,1
3200000.0,14.978661680269907,105.0,Drama,Parts and Labor,Mike Mills,Ewan McGregor,9,0,0,30476.190476190477,0
2700000.0,14.80876270134486,109.0,Comedy,Universal Pictures,John Landis,John Belushi,7,0,1,24770.642201834864,1
2500000.0,14.731801689838349,110.0,Adventure,United Artists,Guy Hamilton,Sean Connery,9,0,0,22727.272727272728,1
3180000.0,14.97239206922172,130.0,Drama,RKO Radio Pictures,Frank Capra,James Stewart,12,0,1,24461.53846153846,1
4000000.0,15.201805169084134,93.0,Drama,Miramax Films,Danny Boyle,Ewan McGregor,2,0,0,43010.75268817204,1
3000000.0,14.914123179965662,91.0,Horror,Paramount Pictures,Tod Williams,Katie Featherston,10,1,0,32967.03296703297,1
4000000.0,15.201805169084134,120.0,Documentary,Alliance Atlantis Communications,Michael Moore,Michael Moore,10,0,0,33333.333333333336,1
3000000.0,14.914123179965662,87.0,Horror,New Line Cinema,Jack Sholder,Robert Englund,10,1,0,34482.75862068965,1
3000000.0,14.914123179965662,117.0,Drama,Goldcrest Films International,James Ivory,Maggie Smith,12,0,1,25641.02564102564,1
3000000.0,14.914123179965662,86.0,Science Fiction,Universal Pictures,James DeMonaco,Lena Headey,5,0,0,34883.72093023256,1
3000000.0,14.914123179965662,110.0,Horror,Alliance Films,Scott Derrickson,Ethan Hawke,3,0,0,27272.727272727272,1
3000000.0,14.914123179965662,113.0,Comedy,,Martin Lawrence,Martin Lawrence,8,0,0,26548.672566371682,1
3000000.0,14.914123179965662,108.0,Drama,Avon Production,Richard Brooks,Elizabeth Taylor,2,0,0,27777.777777777777,1
3000000.0,14.914123179965662,95.0,Adventure,Twentieth Century Fox Film Corporation,Ted Post,James Franciscus,5,0,0,31578.947368421053,1
3000000.0,14.914123179965662,98.0,Comedy,Walt Disney Pictures,Charles Martin Smith,Kevin Zegers,8,0,0,30612.244897959183,1
16000000.0,16.588099342704055,93.0,Adventure,TV Tokyo,Michael Haigney,Veronica Taylor,7,0,1,172043.01075268816,1
3000000.0,14.914123179965662,86.0,Horror,Paramount Pictures,Tom McLoughlin,Thom Mathews,8,0,0,34883.72093023256,1
3000000.0,14.914123179965662,161.0,Drama,Columbia Pictures Corporation,David Lean,William Holden,10,0,0,18633.540372670806,1
3000000.0,14.914123179965662,100.0,Comedy,Touchstone Pictures,Patrick Read Johnson,Ariana Richards,4,0,0,30000.0,1
2000000.0,14.508658238524095,121.0,Comedy,Universal Pictures,Alfred Hitchcock,Barbara Harris,4,0,0,16528.92561983471,1
3000000.0,14.914123179965662,125.0,Comedy,United Artists,Billy Wilder,Jack Lemmon,6,0,1,24000.0,1
3000000.0,14.914123179965662,87.0,Fantasy,New Line Cinema,Adam Marcus,Kane Hodder,8,1,0,34482.75862068965,1
3000000.0,14.914123179965662,128.0,Mystery,Universal Pictures,Alfred Hitchcock,Paul Newman,7,0,1,23437.5,1
3000000.0,14.914123179965662,100.0,Comedy,Yari Film Group,Michel Gondry,Dave Chappelle,9,0,0,30000.0,1
3000000.0,14.914123179965662,146.0,Drama,United Artists,Richard Brooks,Burt Lancaster,6,0,1,20547.945205479453,1
3000000.0,14.914123179965662,186.0,Drama,United Artists,Stanley Kramer,Spencer Tracy,12,0,1,16129.032258064517,1
3000000.0,14.914123179965662,133.0,Western,United Artists,Howard Hawks,John Wayne,8,0,0,22556.39097744361,1
3000000.0,14.914123179965662,108.0,Romance,Castle Rock Entertainment,Richard Linklater,Ethan Hawke,4,0,0,27777.777777777777,1
3000000.0,14.914123179965662,97.0,Action,Universal Pictures,Don Coscarelli,James Le Gros,7,0,1,30927.835051546394,1
3000000.0,14.914123179965662,94.0,Drama,,Michael Schultz,Kimberly Elise,9,0,0,31914.893617021276,1
3800000.0,15.150511887854474,97.0,Comedy,BBC,Damien O'Donnell,Om Puri,5,0,0,39175.257731958765,1
3000000.0,14.914123179965662,117.0,Drama,Mirabai Films,Mira Nair,Indira Varma,9,0,0,25641.02564102564,0
3000000.0,14.914123179965662,100.0,Family,Paramount Pictures,Mel Stuart,Gene Wilder,6,0,1,30000.0,0
3000000.0,14.914123179965662,87.0,Comedy,TriStar Pictures,Darren Stein,Rose McGowan,1,0,0,34482.75862068965,0
2962051.0,14.901392829361386,108.0,Drama,Miramax,Julian Schnabel,Jeffrey Wright,8,0,0,27426.39814814815,0
3000000.0,14.914123179965662,94.0,Crime,Movieworld Productions,Gavin Hood,Presley Chweneyagae,8,0,0,31914.893617021276,1
3000000.0,14.914123179965662,139.0,Comedy,Killer Films,Todd Solondz,Jane Adams,10,0,0,21582.733812949642,0
2800000.0,14.845130332288226,102.0,Comedy,Phase 4 Films,Kevin Smith,Michael Parks,9,0,0,27450.980392156864,0
3000000.0,14.914123179965662,120.0,Drama,Egg Films,Park Chan-wook,Choi Min-sik,1,0,0,25000.0,1
3000000.0,14.914123179965662,86.0,Action,Rhombus Media,Jason Eisener,Rutger Hauer,5,0,0,34883.72093023256,0
3000000.0,14.914123179965662,123.0,Drama,BBC Films,Andrea Arnold,Katie Jarvis,5,0,0,24390.243902439026,0
3000000.0,14.914123179965662,87.0,Comedy,Gary Sanchez Productions,Leslye Headland,Kirsten Dunst,8,0,0,34482.75862068965,1
3000000.0,14.914123179965662,112.0,Science Fiction,Instinctive Film,Xavier Gens,Lauren German,3,0,0,26785.714285714286,0
3000000.0,14.914123179965662,83.0,Thriller,Icon Entertainment International,Will Canon,Maria Bello,2,0,0,36144.57831325301,0
2500000.0,14.731801689838349,92.0,Action,Metro-Goldwyn-Mayer (MGM),John Boorman,Lee Marvin,8,0,0,27173.91304347826,0
2900000.0,14.88022163978423,113.0,Drama,MACT Productions,Walter Salles,Fernanda Montenegro,1,0,0,25663.716814159292,0
2900000.0,14.88022163978423,136.0,Comedy,Franton Production,Frank Capra,Glenn Ford,12,0,1,21323.529411764706,0
3000000.0,14.914123179965662,93.0,Documentary,Chad Troutwine Films,Heidi Ewing,Zoe Sloane,10,0,0,32258.064516129034,0
8000000.0,15.894952224644102,116.0,Drama,MTV Films,Craig Brewer,Terrence Howard,7,0,1,68965.5172413793,1
2883848.0,14.87463641817992,122.0,Comedy,The Mirisch Corporation,Billy Wilder,Marilyn Monroe,3,0,0,23638.09836065574,1
2800000.0,14.845130332288226,88.0,Horror,Paramount Pictures,John Carl Buechler,Kane Hodder,5,0,0,31818.18181818182,1
2777000.0,14.8368821263897,102.0,Adventure,Loew's Incorporated,Victor Fleming,Judy Garland,8,0,0,27225.49019607843,1
2800000.0,14.845130332288226,106.0,Comedy,Twentieth Century Fox Film Corporation,Mel Brooks,Gene Wilder,12,0,1,26415.094339622643,1
2000000.0,14.508658238524095,95.0,Horror,Artfire Films,George A. Romero,Michelle Morgan,9,0,0,21052.63157894737,1
2700000.0,14.80876270134486,118.0,Adventure,United Artists,Carroll Ballard,Kelly Reno,10,0,0,22881.35593220339,1
2686000.0,14.80356402836607,109.0,Adventure,Paramount Pictures,John Ford,John Wayne,6,0,1,24642.201834862386,1
2627000.0,14.781353449329957,120.0,Drama,Metro-Goldwyn-Mayer (MGM),Victor Fleming,Spencer Tracy,3,0,0,21891.666666666668,1
2600000.0,14.77102238760702,93.0,Western,Crossbow Productions,Mel Brooks,Cleavon Little,2,0,0,27956.989247311827,1
2600000.0,14.77102238760702,91.0,Horror,Paramount Pictures,Joseph Zito,Kimberly Beck,4,0,0,28571.428571428572,1
2159280.0,14.585285853876337,80.0,Drama,Danish Film Institute,Paweł Pawlikowski,Agata Trzebuchowska,10,0,0,26991.0,1
2600000.0,14.77102238760702,105.0,Documentary,,Stacy Peralta,Jeff Clark,7,0,1,24761.904761904763,0
2600000.0,14.77102238760702,92.0,Science Fiction,Arsénico Producciones,Nacho Vigalondo,Karra Elejalde,9,0,0,28260.869565217392,0
2540800.0,14.747989943611703,103.0,Comedy,Metro-Goldwyn-Mayer (MGM),Stanley Donen,Gene Kelly,4,0,0,24667.961165048542,1
2500000.0,14.731801689838349,86.0,Comedy,Endgame Entertainment,Michael Tiddes,Marlon Wayans,1,0,0,29069.767441860466,1
2500000.0,14.731801689838349,87.0,Documentary,,John Sullivan,,7,0,1,28735.632183908045,1
2500000.0,14.731801689838349,98.0,Horror,Universal Pictures,Tommy Lee Wallace,Tom Atkins,10,0,0,25510.20408163265,1
2500000.0,14.731801689838349,98.0,Action,Twentieth Century Fox Film Corporation,Don Taylor,Roddy McDowall,5,0,0,25510.20408163265,1
2500000.0,14.731801689838349,112.0,Action,Paramount Pictures,Martin Ritt,Paul Newman,5,0,0,22321.428571428572,1
2500000.0,14.731801689838349,102.0,Comedy,Fox Searchlight Pictures,Zach Braff,Zach Braff,7,0,1,24509.803921568626,1
2500000.0,14.731801689838349,105.0,Drama,Detour Film Production,Richard Linklater,Ethan Hawke,1,0,0,23809.52380952381,1
2500000.0,14.731801689838349,85.0,Science Fiction,Samuel Goldwyn Films,Jake Schreier,Frank Langella,8,0,0,29411.764705882353,0
2500000.0,14.731801689838349,95.0,Comedy,21 Laps Entertainment,James Ponsoldt,Miles Teller,8,0,0,26315.78947368421,1
2500000.0,14.731801689838349,100.0,Drama,Gold/Miller Productions,Michael D. Sellers,Carly Schroeder,8,0,0,25000.0,0
2500000.0,14.731801689838349,90.0,Drama,Likely Story,Alex Rivera,Leonor Varela,12,0,1,27777.777777777777,0
2500000.0,14.731801689838349,96.0,Comedy,This Is That Productions,James Gunn,Rainn Wilson,9,0,0,26041.666666666668,0
2400000.0,14.690979711984754,120.0,Drama,Columbia Pictures,Spike Lee,Ossie Davis,10,0,0,20000.0,1
30000000.0,17.216707972959764,84.0,Adventure,Twentieth Century Fox Film Corporation,Mike Judge,Luke Wilson,9,0,0,357142.85714285716,0
2380000.0,14.682611465815636,101.0,Drama,EM Media,Shane Meadows,Thomas Turgoose,9,0,0,23564.356435643564,1
2361000.0,14.674596239616903,101.0,Comedy,Metro-Goldwyn-Mayer (MGM),George Sidney,Red Skelton,7,0,1,23376.237623762376,1
2300000.0,14.648420115681892,107.0,Music,Metro-Goldwyn-Mayer (MGM),George Sidney,Howard Keel,7,0,1,21495.327102803738,1
2280000.0,14.639686439527019,124.0,Animation,Walt Disney Pictures,David Hand,Deems Taylor,11,0,0,18387.09677419355,1
4000000.0,15.201805169084134,95.0,Horror,Paramount Pictures,Steve Miner,Dana Kimmell,8,0,0,42105.26315789474,1
2200000.0,14.603968372873895,92.0,Horror,Paramount Pictures,Danny Steinmann,Melanie Kinnaman,3,0,0,23913.043478260868,1
2160000.0,14.585619242623203,119.0,Drama,Metro-Goldwyn-Mayer (MGM),Tay Garnett,Greer Garson,6,0,1,18151.26050420168,1
2100000.0,14.557448378884015,172.0,Drama,"Samuel Goldwyn Company, The",William Wyler,Fredric March,12,0,1,12209.302325581395,1
2100000.0,14.557448378884015,126.0,Drama,Industrial House Films,Robert Fontaine,Robert Fontaine,10,0,0,16666.666666666668,0
1500000.0,14.220976332738882,78.0,Horror,Filmax,Jaume Balagueró,Manuela Velasco,4,0,0,19230.76923076923,1
2000000.0,14.508658238524095,115.0,Action,United Artists,Terence Young,Sean Connery,10,0,0,17391.304347826088,1
2000000.0,14.508658238524095,89.0,Comedy,Rollins-Joffe Productions,Woody Allen,Woody Allen,12,0,1,22471.91011235955,1
2000000.0,14.508658238524095,100.0,Horror,Northern Lights Films,David Robert Mitchell,Maika Monroe,2,0,0,20000.0,1
2000000.0,14.508658238524095,88.0,Comedy,United Artists,Woody Allen,Woody Allen,8,0,0,22727.272727272728,1
2000000.0,14.508658238524095,129.0,Crime,Universal Pictures,Robert Mulligan,Gregory Peck,12,0,1,15503.875968992248,1
2000000.0,14.508658238524095,95.0,Adventure,Kennedy Miller Productions,George Miller,Mel Gibson,12,1,1,21052.63157894737,1
2000000.0,14.508658238524095,118.0,Crime,Fox Searchlight Pictures,Kimberly Peirce,Hilary Swank,9,0,0,16949.15254237288,1
2000000.0,14.508658238524095,85.0,Horror,Elle Driver,Chris Kentis,Elizabeth Olsen,1,0,0,23529.41176470588,1
2000000.0,14.508658238524095,137.0,Drama,Arte,Florian Henckel von Donnersmarck,Martina Gedeck,3,0,0,14598.540145985402,1
1000000.0,13.815511557963774,129.0,Drama,TriStar Pictures,Alex Kendrick,Alex Kendrick,9,0,0,7751.937984496124,1
2000000.0,14.508658238524095,134.0,Drama,Twentieth Century Fox Film Corporation,Robert Rossen,Paul Newman,9,0,0,14925.373134328358,1
2000000.0,14.508658238524095,119.0,Adventure,Metro-Goldwyn-Mayer (MGM),Jack Conway,Clark Gable,8,0,0,16806.722689075632,1
8000000.0,15.894952224644102,80.0,Adventure,Sony Pictures Classics,Sylvain Chomet,Béatrice Bonifassi,6,0,1,100000.0,0
2700000.0,14.80876270134486,80.0,Drama,Castle Rock Entertainment,Richard Linklater,Ethan Hawke,2,0,0,33750.0,1
2000000.0,14.508658238524095,154.0,Drama,Altavista Films,Alejandro González Iñárritu,Gael García Bernal,6,0,1,12987.012987012988,1
2000000.0,14.508658238524095,100.0,Crime,Fox Searchlight Pictures,Catherine Hardwicke,Evan Rachel Wood,8,0,0,20000.0,1
2000000.0,14.508658238524095,118.0,Drama,Twentieth Century Fox Film Corporation,Elia Kazan,Gregory Peck,11,0,0,16949.15254237288,1
2000000.0,14.508658238524095,100.0,Drama,Anonymous Content,Debra Granik,Jennifer Lawrence,6,0,1,20000.0,1
2000000.0,14.508658238524095,106.0,Drama,Twentieth Century Fox Film Corporation,Henry King,Tyrone Power,5,0,0,18867.924528301886,1
2000000.0,14.508658238524095,109.0,Documentary,Sony Pictures Classics,Charles Ferguson,Matt Damon,10,0,0,18348.623853211007,1
6000000.0,15.607270193858982,96.0,Drama,Working Title Films,Max Joseph,Zac Efron,8,0,0,62500.0,0
2000000.0,14.508658238524095,120.0,Crime,The Weinstein Company,David Ayer,Christian Bale,9,0,0,16666.666666666668,1
2000000.0,14.508658238524095,97.0,Crime,Itaca Films,Jerry Jameson,Kate Mara,9,0,0,20618.556701030928,0
2000000.0,14.508658238524095,96.0,Comedy,Miramax Films,Steven Soderbergh,David Duchovny,8,0,0,20833.333333333332,0
2000000.0,14.508658238524095,101.0,Romance,Fortissimo Films,John Cameron Mitchell,Sook-Yin Lee,5,0,0,19801.980198019803,1
2000000.0,14.508658238524095,90.0,Drama,Les Films d'Ici,Ari Folman,Ari Folman,6,0,1,22222.222222222223,1
2000000.0,14.508658238524095,120.0,,,,Kirby Heyborne,9,0,0,16666.666666666668,0
2000000.0,14.508658238524095,102.0,Documentary,,Charles Ferguson,Campbell Scott,7,0,1,19607.843137254902,0
2000000.0,14.508658238524095,98.0,Drama,Caviar Films,Marielle Heller,Bel Powley,8,0,0,20408.163265306124,0
2000000.0,14.508658238524095,92.0,History,,Fenton Bailey,Dennis Hopper,2,0,0,21739.130434782608,0
2000000.0,14.508658238524095,120.0,Comedy,Gary Sanchez Productions,Huck Botko,Matt Bennett,9,0,0,16666.666666666668,0
2000000.0,14.508658238524095,104.0,Action,Gaumont,Luc Besson,Isabelle Adjani,4,0,0,19230.76923076923,0
2000000.0,14.508658238524095,91.0,Action,HSX Films,Lance Mungia,Jeffrey Falcon,9,0,0,21978.021978021978,0
2000000.0,14.508658238524095,90.0,Drama,,Michael Dowse,Paul Kaye,9,0,0,22222.222222222223,0
3800000.0,15.150511887854474,84.0,Comedy,,Hue Rhodes,Steve Buscemi,6,0,1,45238.09523809524,0
13500000.0,16.41820031748273,129.0,Drama,Centropolis Entertainment,Roland Emmerich,Jeremy Irvine,9,0,0,104651.16279069768,0
7000000.0,15.76142084987672,93.0,Animation,Walt Disney Pictures,,Saif Ali Khan,10,0,0,75268.81720430107,0
2000000.0,14.508658238524095,97.0,Comedy,Ozla Productions,Brian Yuzna,Melinda Clarke,10,1,0,20618.556701030928,0
2000000.0,14.508658238524095,96.0,Drama,Red Envelope Entertainment,Laurie Collyer,Maggie Gyllenhaal,9,0,0,20833.333333333332,0
100000.0,11.51293546492023,86.0,Horror,Bórd Scannán na hÉireann,Conor McMahon,Ross Noble,5,0,0,1162.7906976744187,0
2000000.0,14.508658238524095,82.0,Comedy,United Artists,Woody Allen,Woody Allen,4,0,0,24390.243902439026,1
1987650.0,14.502464097467449,94.0,Drama,Studio 37,Rodrigo Cortés,Ryan Reynolds,9,0,0,21145.212765957447,1
1800000.0,14.403297778421795,87.0,Horror,Strike Entertainment,Daniel Stamm,Ashley Bell,8,0,0,20689.655172413793,1
1800000.0,14.403297778421795,125.0,Drama,Charles K. Feldman Group,Elia Kazan,Vivien Leigh,9,0,0,14400.0,1
1800000.0,14.403297778421795,95.0,Drama,Hawk Films,Stanley Kubrick,Peter Sellers,1,0,0,18947.36842105263,1
1800000.0,14.403297778421795,93.0,Drama,Journeyman Pictures,Benh Zeitlin,Quvenzhané Wallis,6,0,1,19354.83870967742,1
1700000.0,14.346139397261565,93.0,Action,Twentieth Century Fox Film Corporation,J. Lee Thompson,Roddy McDowall,6,0,1,18279.56989247312,1
2000000.0,14.508658238524095,109.0,Drama,,Vera Farmiga,Vera Farmiga,8,0,0,18348.623853211007,0
1800000.0,14.403297778421795,114.0,Western,United Artists,Ted Post,Clint Eastwood,7,0,1,15789.473684210527,1
1530000.0,14.240778946963175,81.0,Action,X-Filme Creative Pool,Tom Tykwer,Franka Potente,8,0,0,18888.88888888889,1
500000.0,13.122365377402328,93.0,Drama,A Loopy Production LLC,Lucky McKee,Angela Bettis,1,0,0,5376.344086021505,0
1700000.0,14.346139397261565,88.0,Action,Twentieth Century Fox Film Corporation,J. Lee Thompson,Roddy McDowall,6,0,1,19318.18181818182,1
2000000.0,14.508658238524095,108.0,Thriller,Anchor Bay Films,Steven R. Monroe,Sarah Butler,6,0,1,18518.51851851852,0
1700000.0,14.346139397261565,98.0,Comedy,Miramax Films,Mark Illsley,Steve Zahn,12,0,1,17346.938775510203,0
1000000.0,13.815511557963774,104.0,Drama,UTV Motion Pictures,Ritesh Batra,Irrfan Khan,9,0,0,9615.384615384615,1
1644736.0,14.313091050980239,126.0,Comedy,Columbia Pictures,Frank Capra,Jean Arthur,8,0,0,13053.460317460318,1
1650000.0,14.316286451937186,118.0,War,Columbia Pictures Corporation,Fred Zinnemann,Burt Lancaster,8,0,0,13983.050847457627,1
1600000.0,14.285514812209815,103.0,Western,RKO Radio Pictures,John Ford,John Wayne,10,0,0,15533.980582524271,1
1600000.0,14.285514812209815,113.0,Crime,Paramount Pictures,Francis Ford Coppola,Gene Hackman,4,0,0,14159.29203539823,1
2000000.0,14.508658238524095,108.0,Comedy,Night and Day Pictures,Adrienne Shelly,Keri Russell,5,0,0,18518.51851851852,1
1500000.0,14.220976332738882,92.0,Action,Cannon Films,Newt Arnold,Jean-Claude Van Damme,2,0,0,16304.347826086956,1
1500000.0,14.220976332738882,129.0,Comedy,Columbia Pictures,Frank Capra,James Stewart,10,0,0,11627.906976744185,1
1500000.0,14.220976332738882,91.0,Drama,Miramax Films,Larry Clark,Leo Fitzpatrick,7,0,1,16483.516483516483,1
1500000.0,14.220976332738882,81.0,Comedy,Destination Films,Noah Baumbach,Jeff Daniels,10,0,0,18518.51851851852,1
1000000.0,13.815511557963774,97.0,Comedy,Fox Searchlight Pictures,Charles Herman-Wurmfeld,Jennifer Westfeldt,4,0,0,10309.278350515464,1
1500000.0,14.220976332738882,111.0,Drama,Selznick International Pictures,Alfred Hitchcock,Ingrid Bergman,12,0,1,13513.513513513513,1
1500000.0,14.220976332738882,110.0,Romance,,Vincent Gallo,Vincent Gallo,1,0,0,13636.363636363636,0
1500000.0,14.220976332738882,103.0,Horror,Alliance Films,James Wan,Patrick Wilson,9,0,0,14563.106796116504,1
1500000.0,14.220976332738882,92.0,Comedy,Edge City,Alex Cox,Harry Dean Stanton,2,0,0,16304.347826086956,0
1500000.0,14.220976332738882,111.0,Drama,Elevation Filmworks,Rebecca Miller,Daniel Day-Lewis,3,0,0,13513.513513513513,0
1500000.0,14.220976332738882,104.0,Comedy,3 Arts Entertainment,Maggie Carey,Aubrey Plaza,7,0,1,14423.076923076924,1
1500000.0,14.220976332738882,96.0,Action,Live Entertainment,Roger Avary,Eric Stoltz,10,0,0,15625.0,0
1500000.0,14.220976332738882,98.0,Drama,Fuller Films,Henry Bean,Ryan Gosling,1,0,0,15306.122448979591,0
1500000.0,14.220976332738882,100.0,Horror,October Films,Brad Anderson,Peter Mullan,8,1,0,15000.0,0
1.0,0.6931471805599453,87.0,Drama,United Artists,Charlie Chaplin,Charlie Chaplin,2,0,0,0.011494252873563218,1
1500000.0,14.220976332738882,86.0,Comedy,Dark Horse Entertainment,Bruce Campbell,Bruce Campbell,10,0,0,17441.86046511628,0
1500000.0,14.220976332738882,93.0,Horror,Ponty Up Pictures,Bruce McDonald,Stephen McHattie,3,0,0,16129.032258064517,0
1500000.0,14.220976332738882,101.0,Horror,Alliance Films,Rob Zombie,Sheri Moon Zombie,9,0,0,14851.485148514852,0
1488423.0,14.213228400022265,83.0,Fantasy,Walt Disney Productions,David Hand,Adriana Caselotti,12,0,1,17932.807228915663,1
1455000.0,14.190517145872716,113.0,Western,Central Cinema Company Film,Edward Dmytryk,Sean Connery,11,0,0,12876.106194690265,0
1350000.0,14.115615891155079,105.0,Comedy,Handmade Films Ltd.,Guy Ritchie,Jason Flemyng,3,0,0,12857.142857142857,1
1300000.0,14.077875591662238,135.0,Drama,,Ham Tran,Kiều Chinh,2,0,0,9629.62962962963,0
1288000.0,14.06860196204365,130.0,Drama,Selznick International Pictures,Alfred Hitchcock,Laurence Olivier,4,0,0,9907.692307692309,1
1250000.0,14.038654909278163,87.0,Horror,Paramount Pictures,Steve Miner,Amy Steel,5,1,0,14367.816091954022,1
1250000.0,14.038654909278163,101.0,Drama,Paramount,Billy Wilder,Ray Milland,11,0,0,12376.237623762376,1
1250000.0,14.038654909278163,88.0,Horror,New World Pictures,Douglas Cheek,John Heard,8,0,0,14204.545454545454,1
1250000.0,14.038654909278163,92.0,Crime,Twentieth Century Fox Film Corporation,Henry Hathaway,Marilyn Monroe,1,0,0,13586.95652173913,1
1250000.0,14.038654909278163,118.0,Drama,Twentieth Century Fox Film Corporation,John Ford,Walter Pidgeon,10,0,0,10593.22033898305,1
1200000.0,13.997832948091215,103.0,Horror,Lions Gate Films,James Wan,Cary Elwes,10,0,0,11650.485436893205,1
3000000.0,14.914123179965662,100.0,Comedy,Fox Searchlight Pictures,Jay Chandrasekhar,Jay Chandrasekhar,1,0,0,30000.0,1
1200000.0,13.997832948091215,99.0,Comedy,Paramount Pictures,Alfred Hitchcock,Edmund Gwenn,10,0,0,12121.212121212122,1
1200000.0,13.997832948091215,114.0,Drama,Samuel Goldwyn,David Boyd,Scott Elrod,4,0,0,10526.315789473685,1
1200000.0,13.997832948091215,99.0,Crime,Live Entertainment,Quentin Tarantino,Harvey Keitel,9,0,0,12121.212121212122,1
1200000.0,13.997832948091215,161.0,Western,United Artists,Sergio Leone,Eli Wallach,12,0,1,7453.416149068323,1
900000.0,13.710151153416941,97.0,Documentary,National Film Board of Canada (NFB),Léa Pool,Samantha King,9,0,0,9278.350515463917,0
1200000.0,13.997832948091215,115.0,Action,Warner Bros.,Michael Curtiz,Errol Flynn,10,0,0,10434.782608695652,1
2600000.0,14.77102238760702,91.0,Action,,Rob Bowman,Shane McDermott,9,0,0,28571.428571428572,0
3000000.0,14.914123179965662,94.0,Comedy,L.I.F.T. Production,Rob McKittrick,Ryan Reynolds,10,0,0,31914.893617021276,1
1100000.0,13.910821646859095,99.0,Comedy,Conquest Productions,Jeff Burr,Vincent Price,9,0,0,11111.111111111111,0
1100000.0,13.910821646859095,101.0,Action,Celluloid Dreams,Gareth Evans,Iko Uwais,9,0,0,10891.089108910892,1
878000.0,13.68540301156877,102.0,Drama,Warner Bros.,Michael Curtiz,Humphrey Bogart,11,0,0,8607.843137254902,1
1000000.0,13.815511557963774,119.0,Drama,United Artists,John G. Avildsen,Sylvester Stallone,11,0,0,8403.361344537816,1
1000000.0,13.815511557963774,128.0,Adventure,Woodfall Film Productions,Tony Richardson,Albert Finney,10,0,0,7812.5,1
1000000.0,13.815511557963774,82.0,Horror,Bazelevs Production,Levan Gabriadze,Shelley Hennig,4,0,0,12195.121951219513,1
1300000.0,14.077875591662238,114.0,Crime,Columbia Pictures Corporation,Martin Scorsese,Robert De Niro,2,0,0,11403.508771929824,1
1000000.0,13.815511557963774,91.0,Drama,AVCO Embassy Pictures,Joe Dante,Patrick Macnee,4,0,0,10989.010989010989,1
950000.0,13.76421831620775,110.0,Adventure,United Artists,Terence Young,Sean Connery,10,0,0,8636.363636363636,1
1000000.0,13.815511557963774,94.0,Horror,New World Pictures,Clive Barker,Andrew Robinson,9,0,0,10638.297872340425,1
5000000.0,15.424948670398354,121.0,Drama,Pure Flix Productions,Harold Cronk,Hayley Orrantia,4,1,0,41322.31404958678,1
1000000.0,13.815511557963774,90.0,Horror,Universal Pictures,Jeff Wadlow,Julian Morris,9,0,0,11111.111111111111,1
1000000.0,13.815511557963774,107.0,Adventure,Toho Film (Eiga) Co. Ltd.,Takao Okawara,Takehiro Murata,12,0,1,9345.794392523365,1
3500000.0,15.068273812173887,112.0,Drama,Hunting Lane Films,Derek Cianfrance,Ryan Gosling,12,0,1,31250.0,1
1000000.0,13.815511557963774,103.0,Drama,IFC Films,Duncan Tucker,Felicity Huffman,12,0,1,9708.73786407767,1
1000000.0,13.815511557963774,83.0,Thriller,Room 101,William Brent Bell,Fernanda Andrade,1,0,0,12048.192771084337,1
2090000.0,14.55267510240978,109.0,Comedy,Twentieth Century Fox Film Corporation,Russ Meyer,Dolly Read,7,0,1,19174.311926605504,1
1000000.0,13.815511557963774,89.0,Drama,Twentieth Century Fox Film Corporation,Robert D. Webb,Richard Egan,11,0,0,11235.955056179775,1
1000000.0,13.815511557963774,100.0,Documentary,Lawrence Bender Productions,Davis Guggenheim,Al Gore,1,0,0,10000.0,1
1000000.0,13.815511557963774,100.0,Action,Republic Pictures (I),Allan Dwan,John Wayne,12,0,1,10000.0,1
5000000.0,15.424948670398354,100.0,Action,Worldview Entertainment,Eli Roth,Lorenza Izzo,9,0,0,50000.0,0
1000000.0,13.815511557963774,98.0,Drama,Rhino Films,Ben Lewin,John Hawkes,5,0,0,10204.081632653062,1
1000000.0,13.815511557963774,84.0,Drama,Fox Searchlight Pictures,James Toback,Robert Downey Jr.,9,0,0,11904.761904761905,1
1000000.0,13.815511557963774,92.0,Documentary,Electric Entertainment,Chris Paine,Martin Sheen,8,0,0,10869.565217391304,0
1000000.0,13.815511557963774,94.0,Comedy,,Greg Berlanti,Ben Weber,2,0,0,10638.297872340425,0
1000000.0,13.815511557963774,119.0,Crime,Main Street Movie Company,Richard Dutcher,Richard Dutcher,3,0,0,8403.361344537816,0
1000000.0,13.815511557963774,170.0,Drama,,Khalid Mohammed,Hrithik Roshan,9,0,0,5882.35294117647,0
1000000.0,13.815511557963774,92.0,Drama,,Karen Moncrieff,Margaret Colin,1,0,0,10869.565217391304,0
1000000.0,13.815511557963774,115.0,Documentary,Spring Films,Joshua Oppenheimer,Anwar Congo,8,0,0,8695.652173913044,0
1000000.0,13.815511557963774,106.0,Documentary,Jigsaw Productions,Alex Gibney,Brian Keith Allen,4,0,0,9433.962264150943,0
1000000.0,13.815511557963774,78.0,Crime,The Weinstein Company,Eric Nicholas,Colin Hanks,4,0,0,12820.51282051282,0
1000000.0,13.815511557963774,81.0,Drama,Rival Pictures,Hal Haberman,Michael Rapaport,1,0,0,12345.67901234568,0
950000.0,13.76421831620775,103.0,Drama,ABC Pictures,Ralph Nelson,Cliff Robertson,9,0,0,9223.300970873786,0
910000.0,13.721200977393528,108.0,Crime,Columbia Pictures,Elia Kazan,Marlon Brando,6,0,1,8425.925925925925,1
930000.0,13.742940940397677,100.0,Comedy,Stardust Pictures,Kat Coiro,Krysten Ritter,6,0,1,9300.0,0
852510.0,13.655941391282369,113.0,Drama,Saga Film,Cristian Mungiu,Anamaria Marinca,8,1,0,7544.33628318584,0
950000.0,13.76421831620775,103.0,Drama,Vulcan Productions Inc.,David Slade,Patrick Wilson,1,0,0,9223.300970873786,1
900000.0,13.710151153416941,96.0,Drama,Destination Films,Jamie Babbit,Elisha Cuthbert,9,0,0,9375.0,0
858000.0,13.662360543970586,70.0,Animation,Walt Disney Productions,David Hand,Donnie Dunagan,8,0,0,12257.142857142857,1
850000.0,13.652992804936396,107.0,Drama,TLA Releasing,C. Jay Cox,Steve Sandvoss,7,0,1,7943.92523364486,0
850000.0,13.652992804936396,85.0,Comedy,AdScott Pictures,Jamie Travis,Ari Graynor,8,0,0,10000.0,0
800000.0,13.592368256649284,114.0,Drama,Ruby in Paradise,Victor Nunez,Ashley Judd,10,0,0,7017.543859649123,0
800000.0,13.592368256649284,88.0,Drama,,Peter Sollett,Victor Rasuk,5,0,0,9090.90909090909,1
800000.0,13.592368256649284,94.0,Drama,,Michael Burke,Emile Hirsch,1,0,0,8510.63829787234,0
800000.0,13.592368256649284,91.0,Horror,Euforia Film,Tommy Wirkola,Charlotte Frogner,1,0,0,8791.208791208792,1
777000.0,13.563196916350243,110.0,Comedy,Lucasfilm,George Lucas,Richard Dreyfuss,8,0,0,7063.636363636364,1
750000.0,13.527829818844937,85.0,Comedy,Duplass Brothers Productions,Colin Trevorrow,Aubrey Plaza,6,0,1,8823.529411764706,1
500000.0,13.122365377402328,95.0,Horror,Rook Films,Ben Wheatley,Neil Maskell,9,0,0,5263.1578947368425,0
750000.0,13.527829818844937,102.0,Horror,Glass Eye Pix,Ti West,Sara Paxton,12,0,1,7352.941176470588,0
730000.0,13.500801182986649,85.0,Western,United Artists,Fred Zinnemann,Gary Cooper,3,0,0,8588.235294117647,1
700000.0,13.45883704259595,171.0,Documentary,Fine Line Features,Steve James,William Gates,9,0,0,4093.5672514619882,1
700000.0,13.45883704259595,97.0,Drama,,Michael Cuesta,Paul Dano,1,0,0,7216.494845360825,1
700000.0,13.45883704259595,107.0,Drama,Thinkfilm,Ryan Fleck,Ryan Gosling,8,0,0,6542.056074766355,1
700000.0,13.45883704259595,107.0,Drama,Red-horse Native,Valerie Red-Horse,Valerie Red-Horse,10,0,0,6542.056074766355,0
609000.0,13.31957518872681,101.0,Comedy,RKO Radio Pictures,Mark Sandrich,Fred Astaire,9,0,0,6029.702970297029,1
60000.0,11.002116507732017,81.0,Horror,Artisan Entertainment,Daniel Myrick,Michael C. Williams,7,0,1,740.7407407407408,1
600000.0,13.304686600863562,225.0,History,Wadleigh-Maurice,Michael Wadleigh,Joe Cocker,3,0,0,2666.6666666666665,1
560000.0,13.235693848424024,88.0,Comedy,Proscenium Films,Richard Lester,John Lennon,7,0,1,6363.636363636364,1
500000.0,13.122365377402328,122.0,Drama,Carmel Entertainment,Alex Kendrick,Kirk Cameron,9,0,0,4098.360655737705,1
130000.0,11.775297421715827,79.0,Drama,Plunge Pictures LLC,Chris Kentis,Blanchard Ryan,8,0,0,1645.5696202531647,1
500000.0,13.122365377402328,97.0,Horror,Arachnid Productions Ltd.,John 'Bud' Cardos,William Shatner,8,0,0,5154.639175257732,1
500000.0,13.122365377402328,88.0,Drama,Next Wednesday Productions,Tom McCarthy,Peter Dinklage,1,0,0,5681.818181818182,1
2053648.0,14.535128768792003,102.0,Documentary,Imagine Entertainment,Barry W. Blaustein,Mick Foley,10,0,0,20133.803921568626,0
500000.0,13.122365377402328,93.0,Documentary,,Joseph Dorman,Rachel Dratch,2,0,0,5376.344086021505,0
500000.0,13.122365377402328,90.0,Crime,Whitewater Films,Jacob Aaron Estes,Rory Culkin,1,0,0,5555.555555555556,0
2000000.0,14.508658238524095,207.0,Action,Toho Company,Akira Kurosawa,Toshirō Mifune,4,0,0,9661.835748792271,0
500000.0,13.122365377402328,85.0,Comedy,Canal+,Quentin Dupieux,Thomas F. Duffy,7,0,1,5882.35294117647,0
500000.0,13.122365377402328,94.0,Drama,Vertigo Entertainment,Gareth Edwards,Whitney Able,6,0,1,5319.148936170212,1
450000.0,13.017005083966255,84.0,Drama,Prophecy Pictures Ltd.,Hans Canosa,Helena Bonham Carter,6,0,1,5357.142857142857,1
439000.0,12.992256969959042,89.0,Music,Warner Bros.,Lloyd Bacon,Warner Baxter,2,0,0,4932.5842696629215,1
400000.0,12.899222326086994,95.0,Comedy,Paramount Pictures,Jared Hess,Jon Heder,6,0,1,4210.526315789473,1
15000.0,9.61587214452889,86.0,Horror,Blumhouse Productions,Oren Peli,Katie Featherston,9,0,0,174.41860465116278,1
400000.0,12.899222326086994,91.0,Adventure,Python (Monty) Pictures Limited,Terry Gilliam,Graham Chapman,3,0,0,4395.604395604396,1
218.0,5.389071729816501,91.0,Documentary,,Jonathan Caouette,Renee Leblanc,10,0,0,2.3956043956043955,1
35000000.0,17.370858648025116,99.0,Comedy,Twentieth Century Fox Film Corporation,Tom Vaughan,Ashton Kutcher,5,0,0,353535.35353535356,1
860000.0,13.664688831019712,97.0,Romance,Channel Four Films,Stephen Frears,Gordon Warnecke,9,0,0,8865.9793814433,1
385907.0,12.863354278070094,197.0,Drama,Triangle Film Corporation,D.W. Griffith,Lillian Gish,9,0,0,1958.9187817258883,1
379000.0,12.84529412258351,100.0,Drama,Metro-Goldwyn-Mayer (MGM),Harry Beaumont,Charles King,2,0,0,3790.0,1
350000.0,12.765691290604371,85.0,Horror,Renaissance Pictures,Sam Raimi,Bruce Campbell,10,0,0,4117.64705882353,1
6000000.0,15.607270193858982,89.0,Horror,La Petite Reine,Franck Khalfoun,Elijah Wood,12,0,1,67415.73033707865,0
300000.0,12.611541086966115,88.0,Documentary,Thinkfilm,Henry Alex Rubin,Joe Bishop,7,0,1,3409.090909090909,1
350000.0,12.765691290604371,96.0,Drama,United Artists,Sidney Lumet,Henry Fonda,3,0,0,3645.8333333333335,1
325000.0,12.691583538230217,105.0,Comedy,Columbia Pictures Corporation,Frank Capra,Clark Gable,2,0,0,3095.2380952380954,1
300000.0,12.611541086966115,112.0,Music,Paramount Pictures,Lauren Lazin,Tupac Amaru Shakur,1,0,0,2678.5714285714284,1
312000.0,12.650761671914688,102.0,Comedy,Fine Line Features,Gavin O'Connor,Janet McTeer,11,0,0,3058.823529411765,1
8.0,2.1972245773362196,98.0,Fantasy,Dimension Films,Gregory Widen,Christopher Walken,9,0,0,0.08163265306122448,1
300000.0,12.611541086966115,101.0,Documentary,Pandora Filmproduktion,Pan Nalin,,9,0,0,2970.29702970297,1
300000.0,12.611541086966115,94.0,Drama,Forensic Films,Jesse Peretz,Giovanni Ribisi,8,0,0,3191.4893617021276,0
300000.0,12.611541086966115,80.0,Action,New World Pictures,Paul Bartel,David Carradine,4,0,0,3750.0,1
250000.0,12.429220196836383,113.0,Comedy,Miramax Films,Kevin Smith,Ben Affleck,4,0,0,2212.3893805309735,1
250000.0,12.429220196836383,91.0,Comedy,,Nicole Holofcener,Catherine Keener,8,0,0,2747.252747252747,1
250000.0,12.429220196836383,90.0,Thriller,Téléfilm Canada,Vincenzo Natali,Nicole de Boer,9,0,0,2777.777777777778,1
250.0,5.5254529391317835,72.0,Drama,Bill Plympton Studios,Bill Plympton,Charis Michelsen,8,0,0,3.4722222222222223,0
250000.0,12.429220196836383,90.0,Drama,Paramount Vantage,Drake Doremus,Anton Yelchin,10,0,0,2777.777777777778,1
250000.0,12.429220196836383,99.0,Thriller,Filmworks/FX,Paul Schrader,Lindsay Lohan,7,0,1,2525.252525252525,0
245000.0,12.409017571151187,151.0,Drama,Metro-Goldwyn-Mayer (MGM),King Vidor,John Gilbert,11,0,0,1622.5165562913908,1
230000.0,12.345838935721968,92.0,Drama,EM Media,Nicolas Winding Refn,Tom Hardy,10,0,0,2500.0,1
225000.0,12.323860125621126,86.0,Foreign,Apostle Productions,Tom Putnam,Donald Austin,11,0,0,2616.279069767442,0
100000.0,11.51293546492023,69.0,Comedy,,Al Silliman Jr.,Christina Hart,7,0,1,1449.2753623188405,1
210000.0,12.25486757159303,80.0,Adventure,Jack Dietz Productions,Eugène Lourié,Paul Hubschmid,6,0,1,2625.0,1
400000.0,12.899222326086994,93.0,Adventure,Kennedy Miller Productions,George Miller,Mel Gibson,4,0,0,4301.075268817204,1
200000.0,12.206077645517674,94.0,Comedy,Miramax Films,Doug Liman,Jon Favreau,10,0,0,2127.659574468085,1
200000.0,12.206077645517674,99.0,Western,United Artists,Sergio Leone,Clint Eastwood,9,0,0,2020.20202020202,1
200000.0,12.206077645517674,66.0,Comedy,Paramount Pictures,Lowell Sherman,Mae West,2,0,0,3030.3030303030305,1
200000.0,12.206077645517674,101.0,Drama,GraceWorks Pictures,David Evans ,Michael Joiner,2,0,0,1980.1980198019803,1
180000.0,12.100717685412471,89.0,Drama,The Institute for the Intellectual Development of Children & Young Adults,Majid Majidi,Mohammad Amir Naji,8,0,0,2022.4719101123596,1
8000.0,8.987321812850125,96.0,Drama,EM Media,Andrew Haigh,Tom Cullen,9,0,0,83.33333333333333,1
100000.0,11.51293546492023,92.0,Drama,Artists Public Domain,Mike Cahill,William Mapother,7,0,1,1086.9565217391305,1
150000.0,11.918397239722838,97.0,Action,Yeah,Melvin Van Peebles,Simon Chuckster,4,0,0,1546.3917525773195,1
150000.0,11.918397239722838,78.0,Comedy,IFC Productions,Gary Winick,Aaron Stanford,11,0,0,1923.076923076923,1
160000.0,11.982935344196433,85.0,Drama,Summit Entertainment,John Carney,Glen Hansard,3,0,0,1882.3529411764705,1
160000.0,11.982935344196433,91.0,Documentary,Warner Bros.,Michael Moore,Michael Moore,9,0,0,1758.2417582417581,1
125000.0,11.736077016252437,90.0,Drama,Ada Films,Lynn Shelton,Mark Duplass,9,0,0,1388.888888888889,1
8500000.0,15.955576839107596,120.0,Drama,Phantom Four,Nate Parker,Nate Parker,9,0,0,70833.33333333333,0
100000.0,11.51293546492023,111.0,Drama,Destination Films,Alex Kendrick,James Blackwell,9,0,0,900.9009009009009,1
100000.0,11.51293546492023,87.0,Horror,New Line Cinema,Travis Cluff,Cassidy Gifford,7,0,1,1149.4252873563219,1
10000.0,9.210440366976517,89.0,Drama,American Film Institute (AFI),David Lynch,Jack Nance,3,0,0,112.35955056179775,1
60000.0,11.002116507732017,84.0,Mystery,Truth and Soul Pictures Inc,Darren Aronofsky,Sean Gullette,7,0,1,714.2857142857143,1
65000.0,11.082157933374816,100.0,Documentary,Kathbur Pictures,Morgan Spurlock,Morgan Spurlock,1,0,0,650.0,1
65000.0,11.082157933374816,99.0,Romance,Tiny Ponies,Lena Dunham,Lena Dunham,11,0,0,656.5656565656566,1
4000000.0,15.201805169084134,95.0,Thriller,Automatik Entertainment,William Eubank,Brenton Thwaites,3,0,0,42105.26315789474,0
31192.0,10.347948989650975,89.0,Drama,,Ben Wheatley,Robert Hill,9,0,0,350.4719101123595,0
27000.0,10.203629181337648,92.0,Comedy,Miramax Films,Kevin Smith,Brian O'Halloran,9,0,0,293.4782608695652,1
12000.0,9.392745258631441,93.0,Horror,Dreamland Productions,John Waters,Divine,3,0,0,129.03225806451613,1
20000.0,9.90353755128617,111.0,Crime,Daiei Studios,Kiyoshi Kurosawa,Koji Yakusho,11,0,0,180.18018018018017,1
7000.0,8.853808274977197,77.0,Science Fiction,Thinkfilm,Shane Carruth,Shane Carruth,10,0,0,90.9090909090909,1
220000.0,12.301387370778713,81.0,Action,Columbia Pictures,Robert Rodriguez,Carlos Gallardo,9,0,0,2716.0493827160494,1
